{"type":"FeatureCollection","features":[{"type":"Feature","geometry":{"type":"Point","coordinates":[-2.59883,53.60171]},"properties":{"id":"28"}},{"type":"Feature","geometry":{"type":"Point","coordinates":[-2.4577,53.52651]},"properties":{"id":"304"}},{"type":"Feature","geometry":{"type":"Point","coordinates":[-2.46889,53.25123]},"properties":{"id":"313"}},{"type":"Feature","geometry":{"type":"Point","coordinates":[-3.1478,53.36072]},"properties":{"id":"326"}},{"type":"Feature","geometry":{"type":"Point","coordinates":[-3.0335,53.48762]},"properties":{"id":"330"}},{"type":"Feature","geometry":{"type":"Point","coordinates":[-2.68722,53.66793]},"properties":{"id":"337"}},{"type":"Feature","geometry":{"type":"Point","coordinates":[-2.54824,53.52795]},"properties":{"id":"346"}},{"type":"Feature","geometry":{"type":"Point","coordinates":[-2.59988,53.60126]},"properties":{"id":"357"}},{"type":"Feature","geometry":{"type":"Point","coordinates":[-3.1723,53.39017]},"properties":{"id":"358"}},{"type":"Feature","geometry":{"type":"Point","coordinates":[-2.98539,53.45884]},"properties":{"id":"359"}},{"type":"Feature","geometry":{"type":"Point","coordinates":[-2.45459,53.5876]},"properties":{"id":"362"}},{"type":"Feature","geometry":{"type":"Point","coordinates":[-2.95575,53.49035]},"properties":{"id":"373"}},{"type":"Feature","geometry":{"type":"Point","coordinates":[-2.86073,53.56971]},"properties":{"id":"385"}},{"type":"Feature","geometry":{"type":"Point","coordinates":[-2.56897,53.40421]},"properties":{"id":"388"}},{"type":"Feature","geometry":{"type":"Point","coordinates":[-2.6419,53.58808]},"properties":{"id":"411"}},{"type":"Feature","geometry":{"type":"Point","coordinates":[-2.8773,53.65235]},"properties":{"id":"414"}},{"type":"Feature","geometry":{"type":"Point","coordinates":[-2.80085,53.4086]},"properties":{"id":"424"}},{"type":"Feature","geometry":{"type":"Point","coordinates":[-2.494,53.19917]},"properties":{"id":"430"}},{"type":"Feature","geometry":{"type":"Point","coordinates":[-3.07528,53.36899]},"properties":{"id":"433"}},{"type":"Feature","geometry":{"type":"Point","coordinates":[-3.04203,53.58593]},"properties":{"id":"434"}},{"type":"Feature","geometry":{"type":"Point","coordinates":[-2.54575,53.40811]},"properties":{"id":"435"}},{"type":"Feature","geometry":{"type":"Point","coordinates":[-3.17913,53.37328]},"properties":{"id":"588"}},{"type":"Feature","geometry":{"type":"Point","coordinates":[-3.17709,53.36542]},"properties":{"id":"590"}},{"type":"Feature","geometry":{"type":"Point","coordinates":[-3.15616,53.39994]},"properties":{"id":"603"}},{"type":"Feature","geometry":{"type":"Point","coordinates":[-3.14786,53.36072]},"properties":{"id":"606"}},{"type":"Feature","geometry":{"type":"Point","coordinates":[-3.12241,53.38858]},"properties":{"id":"613"}},{"type":"Feature","geometry":{"type":"Point","coordinates":[-3.11338,53.3587]},"properties":{"id":"618"}},{"type":"Feature","geometry":{"type":"Point","coordinates":[-3.11129,53.33726]},"properties":{"id":"619"}},{"type":"Feature","geometry":{"type":"Point","coordinates":[-3.1089,53.39515]},"properties":{"id":"620"}},{"type":"Feature","geometry":{"type":"Point","coordinates":[-3.10724,53.37347]},"properties":{"id":"621"}},{"type":"Feature","geometry":{"type":"Point","coordinates":[-3.09847,53.38263]},"properties":{"id":"629"}},{"type":"Feature","geometry":{"type":"Point","coordinates":[-3.08338,53.30174]},"properties":{"id":"639"}},{"type":"Feature","geometry":{"type":"Point","coordinates":[-3.08426,53.38727]},"properties":{"id":"642"}},{"type":"Feature","geometry":{"type":"Point","coordinates":[-3.08205,53.32714]},"properties":{"id":"643"}},{"type":"Feature","geometry":{"type":"Point","coordinates":[-3.0753,53.29402]},"properties":{"id":"649"}},{"type":"Feature","geometry":{"type":"Point","coordinates":[-3.07714,53.54638]},"properties":{"id":"655"}},{"type":"Feature","geometry":{"type":"Point","coordinates":[-3.06719,53.37857]},"properties":{"id":"661"}},{"type":"Feature","geometry":{"type":"Point","coordinates":[-3.06379,53.42176]},"properties":{"id":"667"}},{"type":"Feature","geometry":{"type":"Point","coordinates":[-3.06152,53.37544]},"properties":{"id":"668"}},{"type":"Feature","geometry":{"type":"Point","coordinates":[-3.05926,53.36909]},"properties":{"id":"671"}},{"type":"Feature","geometry":{"type":"Point","coordinates":[-3.05864,53.43015]},"properties":{"id":"675"}},{"type":"Feature","geometry":{"type":"Point","coordinates":[-3.0539,53.39184]},"properties":{"id":"680"}},{"type":"Feature","geometry":{"type":"Point","coordinates":[-3.05673,53.52478]},"properties":{"id":"681"}},{"type":"Feature","geometry":{"type":"Point","coordinates":[-3.0469,53.40012]},"properties":{"id":"696"}},{"type":"Feature","geometry":{"type":"Point","coordinates":[-3.04596,53.37831]},"properties":{"id":"701"}},{"type":"Feature","geometry":{"type":"Point","coordinates":[-3.0489,53.60004]},"properties":{"id":"703"}},{"type":"Feature","geometry":{"type":"Point","coordinates":[-3.04173,53.33948]},"properties":{"id":"705"}},{"type":"Feature","geometry":{"type":"Point","coordinates":[-3.0415,53.58584]},"properties":{"id":"716"}},{"type":"Feature","geometry":{"type":"Point","coordinates":[-3.03551,53.4964]},"properties":{"id":"724"}},{"type":"Feature","geometry":{"type":"Point","coordinates":[-3.03339,53.48767]},"properties":{"id":"728"}},{"type":"Feature","geometry":{"type":"Point","coordinates":[-3.02372,53.29603]},"properties":{"id":"742"}},{"type":"Feature","geometry":{"type":"Point","coordinates":[-3.02323,53.29358]},"properties":{"id":"743"}},{"type":"Feature","geometry":{"type":"Point","coordinates":[-3.02402,53.35423]},"properties":{"id":"746"}},{"type":"Feature","geometry":{"type":"Point","coordinates":[-3.0229,53.62027]},"properties":{"id":"758"}},{"type":"Feature","geometry":{"type":"Point","coordinates":[-3.00743,53.4922]},"properties":{"id":"793"}},{"type":"Feature","geometry":{"type":"Point","coordinates":[-3.00686,53.49196]},"properties":{"id":"794"}},{"type":"Feature","geometry":{"type":"Point","coordinates":[-3.00326,53.49872]},"properties":{"id":"803"}},{"type":"Feature","geometry":{"type":"Point","coordinates":[-3.00887,53.74423]},"properties":{"id":"805"}},{"type":"Feature","geometry":{"type":"Point","coordinates":[-2.99508,53.17581]},"properties":{"id":"807"}},{"type":"Feature","geometry":{"type":"Point","coordinates":[-2.99646,53.42424]},"properties":{"id":"819"}},{"type":"Feature","geometry":{"type":"Point","coordinates":[-2.99227,53.47845]},"properties":{"id":"829"}},{"type":"Feature","geometry":{"type":"Point","coordinates":[-2.98439,53.16655]},"properties":{"id":"831"}},{"type":"Feature","geometry":{"type":"Point","coordinates":[-2.99027,53.46415]},"properties":{"id":"833"}},{"type":"Feature","geometry":{"type":"Point","coordinates":[-2.98827,53.48883]},"properties":{"id":"837"}},{"type":"Feature","geometry":{"type":"Point","coordinates":[-2.98263,53.3226]},"properties":{"id":"839"}},{"type":"Feature","geometry":{"type":"Point","coordinates":[-2.98904,53.74503]},"properties":{"id":"855"}},{"type":"Feature","geometry":{"type":"Point","coordinates":[-2.97829,53.33615]},"properties":{"id":"859"}},{"type":"Feature","geometry":{"type":"Point","coordinates":[-2.97407,53.31039]},"properties":{"id":"867"}},{"type":"Feature","geometry":{"type":"Point","coordinates":[-2.97471,53.38447]},"properties":{"id":"870"}},{"type":"Feature","geometry":{"type":"Point","coordinates":[-2.97948,53.73519]},"properties":{"id":"874"}},{"type":"Feature","geometry":{"type":"Point","coordinates":[-2.96919,53.47065]},"properties":{"id":"884"}},{"type":"Feature","geometry":{"type":"Point","coordinates":[-2.96549,53.31993]},"properties":{"id":"885"}},{"type":"Feature","geometry":{"type":"Point","coordinates":[-2.96107,53.17322]},"properties":{"id":"887"}},{"type":"Feature","geometry":{"type":"Point","coordinates":[-2.96105,53.1732]},"properties":{"id":"888"}},{"type":"Feature","geometry":{"type":"Point","coordinates":[-2.96295,53.31776]},"properties":{"id":"892"}},{"type":"Feature","geometry":{"type":"Point","coordinates":[-2.96795,53.56564]},"properties":{"id":"894"}},{"type":"Feature","geometry":{"type":"Point","coordinates":[-2.95579,53.1435]},"properties":{"id":"901"}},{"type":"Feature","geometry":{"type":"Point","coordinates":[-2.95581,53.22049]},"properties":{"id":"907"}},{"type":"Feature","geometry":{"type":"Point","coordinates":[-2.96152,53.47659]},"properties":{"id":"908"}},{"type":"Feature","geometry":{"type":"Point","coordinates":[-2.95941,53.48653]},"properties":{"id":"914"}},{"type":"Feature","geometry":{"type":"Point","coordinates":[-2.95711,53.48791]},"properties":{"id":"925"}},{"type":"Feature","geometry":{"type":"Point","coordinates":[-2.95184,53.37328]},"properties":{"id":"927"}},{"type":"Feature","geometry":{"type":"Point","coordinates":[-2.9547,53.58392]},"properties":{"id":"931"}},{"type":"Feature","geometry":{"type":"Point","coordinates":[-2.95617,53.67398]},"properties":{"id":"934"}},{"type":"Feature","geometry":{"type":"Point","coordinates":[-2.95255,53.67487]},"properties":{"id":"941"}},{"type":"Feature","geometry":{"type":"Point","coordinates":[-2.9471,53.50066]},"properties":{"id":"946"}},{"type":"Feature","geometry":{"type":"Point","coordinates":[-2.94648,53.49995]},"properties":{"id":"948"}},{"type":"Feature","geometry":{"type":"Point","coordinates":[-2.94429,53.51136]},"properties":{"id":"959"}},{"type":"Feature","geometry":{"type":"Point","coordinates":[-2.94213,53.46073]},"properties":{"id":"961"}},{"type":"Feature","geometry":{"type":"Point","coordinates":[-2.93525,53.18101]},"properties":{"id":"964"}},{"type":"Feature","geometry":{"type":"Point","coordinates":[-2.94234,53.51503]},"properties":{"id":"967"}},{"type":"Feature","geometry":{"type":"Point","coordinates":[-2.93413,53.18089]},"properties":{"id":"971"}},{"type":"Feature","geometry":{"type":"Point","coordinates":[-2.94124,53.51203]},"properties":{"id":"972"}},{"type":"Feature","geometry":{"type":"Point","coordinates":[-2.93861,53.40093]},"properties":{"id":"973"}},{"type":"Feature","geometry":{"type":"Point","coordinates":[-2.93895,53.45372]},"properties":{"id":"980"}},{"type":"Feature","geometry":{"type":"Point","coordinates":[-2.93314,53.20225]},"properties":{"id":"981"}},{"type":"Feature","geometry":{"type":"Point","coordinates":[-2.93768,53.41328]},"properties":{"id":"982"}},{"type":"Feature","geometry":{"type":"Point","coordinates":[-2.93356,53.2472]},"properties":{"id":"984"}},{"type":"Feature","geometry":{"type":"Point","coordinates":[-2.93902,53.51917]},"properties":{"id":"987"}},{"type":"Feature","geometry":{"type":"Point","coordinates":[-2.9358,53.37452]},"properties":{"id":"988"}},{"type":"Feature","geometry":{"type":"Point","coordinates":[-2.92724,53.19393]},"properties":{"id":"1002"}},{"type":"Feature","geometry":{"type":"Point","coordinates":[-2.92989,53.74458]},"properties":{"id":"1027"}},{"type":"Feature","geometry":{"type":"Point","coordinates":[-2.92073,53.45552]},"properties":{"id":"1035"}},{"type":"Feature","geometry":{"type":"Point","coordinates":[-2.92275,53.67742]},"properties":{"id":"1043"}},{"type":"Feature","geometry":{"type":"Point","coordinates":[-2.91402,53.2917]},"properties":{"id":"1046"}},{"type":"Feature","geometry":{"type":"Point","coordinates":[-2.917,53.45627]},"properties":{"id":"1047"}},{"type":"Feature","geometry":{"type":"Point","coordinates":[-2.9178,53.60793]},"properties":{"id":"1052"}},{"type":"Feature","geometry":{"type":"Point","coordinates":[-2.91019,53.29617]},"properties":{"id":"1055"}},{"type":"Feature","geometry":{"type":"Point","coordinates":[-2.90771,53.2105]},"properties":{"id":"1062"}},{"type":"Feature","geometry":{"type":"Point","coordinates":[-2.9127,53.44952]},"properties":{"id":"1063"}},{"type":"Feature","geometry":{"type":"Point","coordinates":[-2.90391,53.17262]},"properties":{"id":"1070"}},{"type":"Feature","geometry":{"type":"Point","coordinates":[-2.90819,53.43252]},"properties":{"id":"1074"}},{"type":"Feature","geometry":{"type":"Point","coordinates":[-2.90661,53.44362]},"properties":{"id":"1079"}},{"type":"Feature","geometry":{"type":"Point","coordinates":[-2.9015,53.23552]},"properties":{"id":"1080"}},{"type":"Feature","geometry":{"type":"Point","coordinates":[-2.89937,53.16164]},"properties":{"id":"1083"}},{"type":"Feature","geometry":{"type":"Point","coordinates":[-2.89906,53.26765]},"properties":{"id":"1092"}},{"type":"Feature","geometry":{"type":"Point","coordinates":[-2.90185,53.48602]},"properties":{"id":"1097"}},{"type":"Feature","geometry":{"type":"Point","coordinates":[-2.90133,53.46217]},"properties":{"id":"1098"}},{"type":"Feature","geometry":{"type":"Point","coordinates":[-2.89706,53.28125]},"properties":{"id":"1100"}},{"type":"Feature","geometry":{"type":"Point","coordinates":[-2.89472,53.208]},"properties":{"id":"1104"}},{"type":"Feature","geometry":{"type":"Point","coordinates":[-2.89462,53.20801]},"properties":{"id":"1105"}},{"type":"Feature","geometry":{"type":"Point","coordinates":[-2.89172,53.19546]},"properties":{"id":"1109"}},{"type":"Feature","geometry":{"type":"Point","coordinates":[-2.89755,53.49902]},"properties":{"id":"1115"}},{"type":"Feature","geometry":{"type":"Point","coordinates":[-2.89436,53.37653]},"properties":{"id":"1118"}},{"type":"Feature","geometry":{"type":"Point","coordinates":[-2.89058,53.2739]},"properties":{"id":"1122"}},{"type":"Feature","geometry":{"type":"Point","coordinates":[-2.89316,53.46286]},"properties":{"id":"1126"}},{"type":"Feature","geometry":{"type":"Point","coordinates":[-2.88992,53.35962]},"properties":{"id":"1132"}},{"type":"Feature","geometry":{"type":"Point","coordinates":[-2.89211,53.57999]},"properties":{"id":"1142"}},{"type":"Feature","geometry":{"type":"Point","coordinates":[-2.886,53.34901]},"properties":{"id":"1144"}},{"type":"Feature","geometry":{"type":"Point","coordinates":[-2.88649,53.38721]},"properties":{"id":"1146"}},{"type":"Feature","geometry":{"type":"Point","coordinates":[-2.87908,53.15396]},"properties":{"id":"1157"}},{"type":"Feature","geometry":{"type":"Point","coordinates":[-2.88525,53.48505]},"properties":{"id":"1159"}},{"type":"Feature","geometry":{"type":"Point","coordinates":[-2.88357,53.43761]},"properties":{"id":"1160"}},{"type":"Feature","geometry":{"type":"Point","coordinates":[-2.88301,53.47104]},"properties":{"id":"1167"}},{"type":"Feature","geometry":{"type":"Point","coordinates":[-2.88307,53.4782]},"properties":{"id":"1168"}},{"type":"Feature","geometry":{"type":"Point","coordinates":[-2.87838,53.27945]},"properties":{"id":"1171"}},{"type":"Feature","geometry":{"type":"Point","coordinates":[-2.87546,53.19277]},"properties":{"id":"1174"}},{"type":"Feature","geometry":{"type":"Point","coordinates":[-2.87421,53.20082]},"properties":{"id":"1179"}},{"type":"Feature","geometry":{"type":"Point","coordinates":[-2.87311,53.37171]},"properties":{"id":"1193"}},{"type":"Feature","geometry":{"type":"Point","coordinates":[-2.8749,53.46257]},"properties":{"id":"1195"}},{"type":"Feature","geometry":{"type":"Point","coordinates":[-2.87104,53.27839]},"properties":{"id":"1196"}},{"type":"Feature","geometry":{"type":"Point","coordinates":[-2.87284,53.40763]},"properties":{"id":"1200"}},{"type":"Feature","geometry":{"type":"Point","coordinates":[-2.86532,53.12849]},"properties":{"id":"1205"}},{"type":"Feature","geometry":{"type":"Point","coordinates":[-2.86641,53.18781]},"properties":{"id":"1206"}},{"type":"Feature","geometry":{"type":"Point","coordinates":[-2.87211,53.56244]},"properties":{"id":"1208"}},{"type":"Feature","geometry":{"type":"Point","coordinates":[-2.86741,53.37369]},"properties":{"id":"1214"}},{"type":"Feature","geometry":{"type":"Point","coordinates":[-2.86833,53.4594]},"properties":{"id":"1217"}},{"type":"Feature","geometry":{"type":"Point","coordinates":[-2.86476,53.35203]},"properties":{"id":"1222"}},{"type":"Feature","geometry":{"type":"Point","coordinates":[-2.86128,53.19277]},"properties":{"id":"1224"}},{"type":"Feature","geometry":{"type":"Point","coordinates":[-2.85781,53.19335]},"properties":{"id":"1228"}},{"type":"Feature","geometry":{"type":"Point","coordinates":[-2.86334,53.47924]},"properties":{"id":"1231"}},{"type":"Feature","geometry":{"type":"Point","coordinates":[-2.86181,53.4322]},"properties":{"id":"1232"}},{"type":"Feature","geometry":{"type":"Point","coordinates":[-2.85709,53.20693]},"properties":{"id":"1233"}},{"type":"Feature","geometry":{"type":"Point","coordinates":[-2.86215,53.48386]},"properties":{"id":"1235"}},{"type":"Feature","geometry":{"type":"Point","coordinates":[-2.85893,53.349]},"properties":{"id":"1238"}},{"type":"Feature","geometry":{"type":"Point","coordinates":[-2.86268,53.64502]},"properties":{"id":"1243"}},{"type":"Feature","geometry":{"type":"Point","coordinates":[-2.85753,53.47941]},"properties":{"id":"1246"}},{"type":"Feature","geometry":{"type":"Point","coordinates":[-2.85468,53.42919]},"properties":{"id":"1253"}},{"type":"Feature","geometry":{"type":"Point","coordinates":[-2.8526,53.37219]},"properties":{"id":"1256"}},{"type":"Feature","geometry":{"type":"Point","coordinates":[-2.84839,53.20556]},"properties":{"id":"1260"}},{"type":"Feature","geometry":{"type":"Point","coordinates":[-2.85229,53.40855]},"properties":{"id":"1261"}},{"type":"Feature","geometry":{"type":"Point","coordinates":[-2.84981,53.34786]},"properties":{"id":"1264"}},{"type":"Feature","geometry":{"type":"Point","coordinates":[-2.84713,53.4205]},"properties":{"id":"1272"}},{"type":"Feature","geometry":{"type":"Point","coordinates":[-2.85101,53.64092]},"properties":{"id":"1274"}},{"type":"Feature","geometry":{"type":"Point","coordinates":[-2.834,53.20686]},"properties":{"id":"1291"}},{"type":"Feature","geometry":{"type":"Point","coordinates":[-2.84096,53.60383]},"properties":{"id":"1293"}},{"type":"Feature","geometry":{"type":"Point","coordinates":[-2.83643,53.40358]},"properties":{"id":"1296"}},{"type":"Feature","geometry":{"type":"Point","coordinates":[-2.83278,53.379]},"properties":{"id":"1301"}},{"type":"Feature","geometry":{"type":"Point","coordinates":[-2.82757,53.40948]},"properties":{"id":"1312"}},{"type":"Feature","geometry":{"type":"Point","coordinates":[-2.82752,53.4095]},"properties":{"id":"1313"}},{"type":"Feature","geometry":{"type":"Point","coordinates":[-2.82506,53.40903]},"properties":{"id":"1317"}},{"type":"Feature","geometry":{"type":"Point","coordinates":[-2.82355,53.34722]},"properties":{"id":"1319"}},{"type":"Feature","geometry":{"type":"Point","coordinates":[-2.82322,53.40865]},"properties":{"id":"1324"}},{"type":"Feature","geometry":{"type":"Point","coordinates":[-2.82141,53.33731]},"properties":{"id":"1326"}},{"type":"Feature","geometry":{"type":"Point","coordinates":[-2.81977,53.40478]},"properties":{"id":"1334"}},{"type":"Feature","geometry":{"type":"Point","coordinates":[-2.8237,53.63434]},"properties":{"id":"1335"}},{"type":"Feature","geometry":{"type":"Point","coordinates":[-2.82094,53.59816]},"properties":{"id":"1337"}},{"type":"Feature","geometry":{"type":"Point","coordinates":[-2.82092,53.63343]},"properties":{"id":"1339"}},{"type":"Feature","geometry":{"type":"Point","coordinates":[-2.81247,53.40189]},"properties":{"id":"1347"}},{"type":"Feature","geometry":{"type":"Point","coordinates":[-2.79948,53.33496]},"properties":{"id":"1360"}},{"type":"Feature","geometry":{"type":"Point","coordinates":[-2.80083,53.4086]},"properties":{"id":"1361"}},{"type":"Feature","geometry":{"type":"Point","coordinates":[-2.79688,53.21014]},"properties":{"id":"1362"}},{"type":"Feature","geometry":{"type":"Point","coordinates":[-2.80265,53.55515]},"properties":{"id":"1363"}},{"type":"Feature","geometry":{"type":"Point","coordinates":[-2.79741,53.3383]},"properties":{"id":"1366"}},{"type":"Feature","geometry":{"type":"Point","coordinates":[-2.79007,53.25308]},"properties":{"id":"1379"}},{"type":"Feature","geometry":{"type":"Point","coordinates":[-2.79832,53.7078]},"properties":{"id":"1380"}},{"type":"Feature","geometry":{"type":"Point","coordinates":[-2.7946,53.51814]},"properties":{"id":"1381"}},{"type":"Feature","geometry":{"type":"Point","coordinates":[-2.78953,53.35419]},"properties":{"id":"1388"}},{"type":"Feature","geometry":{"type":"Point","coordinates":[-2.79091,53.50639]},"properties":{"id":"1392"}},{"type":"Feature","geometry":{"type":"Point","coordinates":[-2.79454,53.70787]},"properties":{"id":"1393"}},{"type":"Feature","geometry":{"type":"Point","coordinates":[-2.788,53.55504]},"properties":{"id":"1400"}},{"type":"Feature","geometry":{"type":"Point","coordinates":[-2.79054,53.7219]},"properties":{"id":"1402"}},{"type":"Feature","geometry":{"type":"Point","coordinates":[-2.78446,53.54286]},"properties":{"id":"1410"}},{"type":"Feature","geometry":{"type":"Point","coordinates":[-2.78409,53.55184]},"properties":{"id":"1411"}},{"type":"Feature","geometry":{"type":"Point","coordinates":[-2.77821,53.45265]},"properties":{"id":"1423"}},{"type":"Feature","geometry":{"type":"Point","coordinates":[-2.77676,53.37561]},"properties":{"id":"1424"}},{"type":"Feature","geometry":{"type":"Point","coordinates":[-2.77843,53.56226]},"properties":{"id":"1433"}},{"type":"Feature","geometry":{"type":"Point","coordinates":[-2.77213,53.2676]},"properties":{"id":"1436"}},{"type":"Feature","geometry":{"type":"Point","coordinates":[-2.77196,53.36045]},"properties":{"id":"1443"}},{"type":"Feature","geometry":{"type":"Point","coordinates":[-2.77414,53.49373]},"properties":{"id":"1444"}},{"type":"Feature","geometry":{"type":"Point","coordinates":[-2.76931,53.27243]},"properties":{"id":"1450"}},{"type":"Feature","geometry":{"type":"Point","coordinates":[-2.77081,53.41609]},"properties":{"id":"1456"}},{"type":"Feature","geometry":{"type":"Point","coordinates":[-2.77005,53.54168]},"properties":{"id":"1464"}},{"type":"Feature","geometry":{"type":"Point","coordinates":[-2.77251,53.71604]},"properties":{"id":"1470"}},{"type":"Feature","geometry":{"type":"Point","coordinates":[-2.76935,53.55268]},"properties":{"id":"1472"}},{"type":"Feature","geometry":{"type":"Point","coordinates":[-2.76633,53.46926]},"properties":{"id":"1480"}},{"type":"Feature","geometry":{"type":"Point","coordinates":[-2.76639,53.54134]},"properties":{"id":"1485"}},{"type":"Feature","geometry":{"type":"Point","coordinates":[-2.76532,53.52968]},"properties":{"id":"1487"}},{"type":"Feature","geometry":{"type":"Point","coordinates":[-2.76582,53.57413]},"properties":{"id":"1492"}},{"type":"Feature","geometry":{"type":"Point","coordinates":[-2.76354,53.53342]},"properties":{"id":"1498"}},{"type":"Feature","geometry":{"type":"Point","coordinates":[-2.75971,53.37766]},"properties":{"id":"1502"}},{"type":"Feature","geometry":{"type":"Point","coordinates":[-2.75805,53.55238]},"properties":{"id":"1522"}},{"type":"Feature","geometry":{"type":"Point","coordinates":[-2.75664,53.5487]},"properties":{"id":"1528"}},{"type":"Feature","geometry":{"type":"Point","coordinates":[-2.75354,53.42838]},"properties":{"id":"1530"}},{"type":"Feature","geometry":{"type":"Point","coordinates":[-2.74895,53.4062]},"properties":{"id":"1544"}},{"type":"Feature","geometry":{"type":"Point","coordinates":[-2.75103,53.53799]},"properties":{"id":"1546"}},{"type":"Feature","geometry":{"type":"Point","coordinates":[-2.74851,53.44423]},"properties":{"id":"1547"}},{"type":"Feature","geometry":{"type":"Point","coordinates":[-2.75161,53.63104]},"properties":{"id":"1548"}},{"type":"Feature","geometry":{"type":"Point","coordinates":[-2.74593,53.45777]},"properties":{"id":"1562"}},{"type":"Feature","geometry":{"type":"Point","coordinates":[-2.74214,53.36215]},"properties":{"id":"1568"}},{"type":"Feature","geometry":{"type":"Point","coordinates":[-2.74362,53.4688]},"properties":{"id":"1571"}},{"type":"Feature","geometry":{"type":"Point","coordinates":[-2.73942,53.45082]},"properties":{"id":"1591"}},{"type":"Feature","geometry":{"type":"Point","coordinates":[-2.73784,53.41791]},"properties":{"id":"1592"}},{"type":"Feature","geometry":{"type":"Point","coordinates":[-2.73567,53.32635]},"properties":{"id":"1595"}},{"type":"Feature","geometry":{"type":"Point","coordinates":[-2.73242,53.28807]},"properties":{"id":"1603"}},{"type":"Feature","geometry":{"type":"Point","coordinates":[-2.73352,53.47194]},"properties":{"id":"1610"}},{"type":"Feature","geometry":{"type":"Point","coordinates":[-2.72948,53.64967]},"properties":{"id":"1631"}},{"type":"Feature","geometry":{"type":"Point","coordinates":[-2.72902,53.69777]},"properties":{"id":"1638"}},{"type":"Feature","geometry":{"type":"Point","coordinates":[-2.72096,53.29058]},"properties":{"id":"1641"}},{"type":"Feature","geometry":{"type":"Point","coordinates":[-2.72191,53.36151]},"properties":{"id":"1642"}},{"type":"Feature","geometry":{"type":"Point","coordinates":[-2.72369,53.47226]},"properties":{"id":"1643"}},{"type":"Feature","geometry":{"type":"Point","coordinates":[-2.7246,53.64515]},"properties":{"id":"1654"}},{"type":"Feature","geometry":{"type":"Point","coordinates":[-2.71824,53.29927]},"properties":{"id":"1655"}},{"type":"Feature","geometry":{"type":"Point","coordinates":[-2.71772,53.43188]},"properties":{"id":"1666"}},{"type":"Feature","geometry":{"type":"Point","coordinates":[-2.71528,53.29988]},"properties":{"id":"1668"}},{"type":"Feature","geometry":{"type":"Point","coordinates":[-2.71452,53.30282]},"properties":{"id":"1671"}},{"type":"Feature","geometry":{"type":"Point","coordinates":[-2.71487,53.38617]},"properties":{"id":"1675"}},{"type":"Feature","geometry":{"type":"Point","coordinates":[-2.71167,53.31937]},"properties":{"id":"1684"}},{"type":"Feature","geometry":{"type":"Point","coordinates":[-2.71759,53.67845]},"properties":{"id":"1685"}},{"type":"Feature","geometry":{"type":"Point","coordinates":[-2.71398,53.46912]},"properties":{"id":"1686"}},{"type":"Feature","geometry":{"type":"Point","coordinates":[-2.7148,53.52684]},"properties":{"id":"1688"}},{"type":"Feature","geometry":{"type":"Point","coordinates":[-2.71452,53.52282]},"properties":{"id":"1690"}},{"type":"Feature","geometry":{"type":"Point","coordinates":[-2.71182,53.53356]},"properties":{"id":"1702"}},{"type":"Feature","geometry":{"type":"Point","coordinates":[-2.70966,53.49481]},"properties":{"id":"1706"}},{"type":"Feature","geometry":{"type":"Point","coordinates":[-2.70714,53.37407]},"properties":{"id":"1710"}},{"type":"Feature","geometry":{"type":"Point","coordinates":[-2.71009,53.57565]},"properties":{"id":"1714"}},{"type":"Feature","geometry":{"type":"Point","coordinates":[-2.70966,53.59147]},"properties":{"id":"1715"}},{"type":"Feature","geometry":{"type":"Point","coordinates":[-2.70804,53.49894]},"properties":{"id":"1718"}},{"type":"Feature","geometry":{"type":"Point","coordinates":[-2.70512,53.46247]},"properties":{"id":"1727"}},{"type":"Feature","geometry":{"type":"Point","coordinates":[-2.70891,53.72223]},"properties":{"id":"1729"}},{"type":"Feature","geometry":{"type":"Point","coordinates":[-2.70182,53.30925]},"properties":{"id":"1731"}},{"type":"Feature","geometry":{"type":"Point","coordinates":[-2.70318,53.54644]},"properties":{"id":"1737"}},{"type":"Feature","geometry":{"type":"Point","coordinates":[-2.69889,53.3281]},"properties":{"id":"1740"}},{"type":"Feature","geometry":{"type":"Point","coordinates":[-2.69045,52.9721]},"properties":{"id":"1745"}},{"type":"Feature","geometry":{"type":"Point","coordinates":[-2.69376,53.34518]},"properties":{"id":"1750"}},{"type":"Feature","geometry":{"type":"Point","coordinates":[-2.69519,53.56188]},"properties":{"id":"1756"}},{"type":"Feature","geometry":{"type":"Point","coordinates":[-2.69423,53.59465]},"properties":{"id":"1762"}},{"type":"Feature","geometry":{"type":"Point","coordinates":[-2.68729,53.43203]},"properties":{"id":"1775"}},{"type":"Feature","geometry":{"type":"Point","coordinates":[-2.68478,53.31995]},"properties":{"id":"1778"}},{"type":"Feature","geometry":{"type":"Point","coordinates":[-2.6885,53.55064]},"properties":{"id":"1779"}},{"type":"Feature","geometry":{"type":"Point","coordinates":[-2.6885,53.57481]},"properties":{"id":"1781"}},{"type":"Feature","geometry":{"type":"Point","coordinates":[-2.68954,53.73611]},"properties":{"id":"1785"}},{"type":"Feature","geometry":{"type":"Point","coordinates":[-2.68625,53.59071]},"properties":{"id":"1789"}},{"type":"Feature","geometry":{"type":"Point","coordinates":[-2.68745,53.66813]},"properties":{"id":"1790"}},{"type":"Feature","geometry":{"type":"Point","coordinates":[-2.67574,53.33867]},"properties":{"id":"1805"}},{"type":"Feature","geometry":{"type":"Point","coordinates":[-2.67112,53.16477]},"properties":{"id":"1812"}},{"type":"Feature","geometry":{"type":"Point","coordinates":[-2.67478,53.49085]},"properties":{"id":"1816"}},{"type":"Feature","geometry":{"type":"Point","coordinates":[-2.66983,53.32469]},"properties":{"id":"1819"}},{"type":"Feature","geometry":{"type":"Point","coordinates":[-2.67345,53.55417]},"properties":{"id":"1820"}},{"type":"Feature","geometry":{"type":"Point","coordinates":[-2.66856,53.31961]},"properties":{"id":"1824"}},{"type":"Feature","geometry":{"type":"Point","coordinates":[-2.66882,53.39728]},"properties":{"id":"1827"}},{"type":"Feature","geometry":{"type":"Point","coordinates":[-2.66638,53.32402]},"properties":{"id":"1831"}},{"type":"Feature","geometry":{"type":"Point","coordinates":[-2.66509,53.32325]},"properties":{"id":"1833"}},{"type":"Feature","geometry":{"type":"Point","coordinates":[-2.6651,53.32691]},"properties":{"id":"1834"}},{"type":"Feature","geometry":{"type":"Point","coordinates":[-2.6664,53.44007]},"properties":{"id":"1838"}},{"type":"Feature","geometry":{"type":"Point","coordinates":[-2.66415,53.38809]},"properties":{"id":"1842"}},{"type":"Feature","geometry":{"type":"Point","coordinates":[-2.66824,53.67196]},"properties":{"id":"1843"}},{"type":"Feature","geometry":{"type":"Point","coordinates":[-2.6647,53.47282]},"properties":{"id":"1847"}},{"type":"Feature","geometry":{"type":"Point","coordinates":[-2.6621,53.31338]},"properties":{"id":"1848"}},{"type":"Feature","geometry":{"type":"Point","coordinates":[-2.66519,53.58712]},"properties":{"id":"1853"}},{"type":"Feature","geometry":{"type":"Point","coordinates":[-2.6612,53.38307]},"properties":{"id":"1855"}},{"type":"Feature","geometry":{"type":"Point","coordinates":[-2.65835,53.34651]},"properties":{"id":"1859"}},{"type":"Feature","geometry":{"type":"Point","coordinates":[-2.65983,53.47247]},"properties":{"id":"1861"}},{"type":"Feature","geometry":{"type":"Point","coordinates":[-2.65899,53.54598]},"properties":{"id":"1867"}},{"type":"Feature","geometry":{"type":"Point","coordinates":[-2.66122,53.72521]},"properties":{"id":"1871"}},{"type":"Feature","geometry":{"type":"Point","coordinates":[-2.65531,53.34505]},"properties":{"id":"1872"}},{"type":"Feature","geometry":{"type":"Point","coordinates":[-2.65948,53.63542]},"properties":{"id":"1873"}},{"type":"Feature","geometry":{"type":"Point","coordinates":[-2.65555,53.39449]},"properties":{"id":"1875"}},{"type":"Feature","geometry":{"type":"Point","coordinates":[-2.65334,53.31009]},"properties":{"id":"1878"}},{"type":"Feature","geometry":{"type":"Point","coordinates":[-2.65418,53.58805]},"properties":{"id":"1885"}},{"type":"Feature","geometry":{"type":"Point","coordinates":[-2.64873,53.39852]},"properties":{"id":"1893"}},{"type":"Feature","geometry":{"type":"Point","coordinates":[-2.65159,53.65214]},"properties":{"id":"1895"}},{"type":"Feature","geometry":{"type":"Point","coordinates":[-2.64871,53.50237]},"properties":{"id":"1897"}},{"type":"Feature","geometry":{"type":"Point","coordinates":[-2.64701,53.40307]},"properties":{"id":"1898"}},{"type":"Feature","geometry":{"type":"Point","coordinates":[-2.6478,53.54913]},"properties":{"id":"1902"}},{"type":"Feature","geometry":{"type":"Point","coordinates":[-2.64112,53.57234]},"properties":{"id":"1913"}},{"type":"Feature","geometry":{"type":"Point","coordinates":[-2.63815,53.41206]},"properties":{"id":"1915"}},{"type":"Feature","geometry":{"type":"Point","coordinates":[-2.63724,53.39072]},"properties":{"id":"1918"}},{"type":"Feature","geometry":{"type":"Point","coordinates":[-2.63817,53.58626]},"properties":{"id":"1926"}},{"type":"Feature","geometry":{"type":"Point","coordinates":[-2.63764,53.56018]},"properties":{"id":"1927"}},{"type":"Feature","geometry":{"type":"Point","coordinates":[-2.6385,53.72213]},"properties":{"id":"1936"}},{"type":"Feature","geometry":{"type":"Point","coordinates":[-2.63673,53.7124]},"properties":{"id":"1938"}},{"type":"Feature","geometry":{"type":"Point","coordinates":[-2.63264,53.46585]},"properties":{"id":"1939"}},{"type":"Feature","geometry":{"type":"Point","coordinates":[-2.63032,53.39443]},"properties":{"id":"1945"}},{"type":"Feature","geometry":{"type":"Point","coordinates":[-2.62965,53.48862]},"properties":{"id":"1953"}},{"type":"Feature","geometry":{"type":"Point","coordinates":[-2.62797,53.41183]},"properties":{"id":"1956"}},{"type":"Feature","geometry":{"type":"Point","coordinates":[-2.62846,53.45526]},"properties":{"id":"1957"}},{"type":"Feature","geometry":{"type":"Point","coordinates":[-2.62746,53.4006]},"properties":{"id":"1959"}},{"type":"Feature","geometry":{"type":"Point","coordinates":[-2.62097,53.39862]},"properties":{"id":"1965"}},{"type":"Feature","geometry":{"type":"Point","coordinates":[-2.62434,53.64508]},"properties":{"id":"1966"}},{"type":"Feature","geometry":{"type":"Point","coordinates":[-2.61926,53.49742]},"properties":{"id":"1972"}},{"type":"Feature","geometry":{"type":"Point","coordinates":[-2.62164,53.74138]},"properties":{"id":"1974"}},{"type":"Feature","geometry":{"type":"Point","coordinates":[-2.61345,53.38862]},"properties":{"id":"1979"}},{"type":"Feature","geometry":{"type":"Point","coordinates":[-2.61251,53.38818]},"properties":{"id":"1980"}},{"type":"Feature","geometry":{"type":"Point","coordinates":[-2.60997,53.23843]},"properties":{"id":"1981"}},{"type":"Feature","geometry":{"type":"Point","coordinates":[-2.61351,53.70436]},"properties":{"id":"1990"}},{"type":"Feature","geometry":{"type":"Point","coordinates":[-2.60007,53.37131]},"properties":{"id":"2009"}},{"type":"Feature","geometry":{"type":"Point","coordinates":[-2.60508,53.73806]},"properties":{"id":"2010"}},{"type":"Feature","geometry":{"type":"Point","coordinates":[-2.6004,53.41814]},"properties":{"id":"2012"}},{"type":"Feature","geometry":{"type":"Point","coordinates":[-2.59634,53.2484]},"properties":{"id":"2014"}},{"type":"Feature","geometry":{"type":"Point","coordinates":[-2.59503,53.23768]},"properties":{"id":"2015"}},{"type":"Feature","geometry":{"type":"Point","coordinates":[-2.59744,53.42703]},"properties":{"id":"2016"}},{"type":"Feature","geometry":{"type":"Point","coordinates":[-2.59707,53.41403]},"properties":{"id":"2017"}},{"type":"Feature","geometry":{"type":"Point","coordinates":[-2.59503,53.36926]},"properties":{"id":"2020"}},{"type":"Feature","geometry":{"type":"Point","coordinates":[-2.59291,53.22029]},"properties":{"id":"2021"}},{"type":"Feature","geometry":{"type":"Point","coordinates":[-2.58917,53.36787]},"properties":{"id":"2029"}},{"type":"Feature","geometry":{"type":"Point","coordinates":[-2.59191,53.6012]},"properties":{"id":"2031"}},{"type":"Feature","geometry":{"type":"Point","coordinates":[-2.58584,53.26231]},"properties":{"id":"2035"}},{"type":"Feature","geometry":{"type":"Point","coordinates":[-2.58295,53.37371]},"properties":{"id":"2042"}},{"type":"Feature","geometry":{"type":"Point","coordinates":[-2.57977,53.38938]},"properties":{"id":"2048"}},{"type":"Feature","geometry":{"type":"Point","coordinates":[-2.57849,53.37759]},"properties":{"id":"2052"}},{"type":"Feature","geometry":{"type":"Point","coordinates":[-2.57793,53.59417]},"properties":{"id":"2060"}},{"type":"Feature","geometry":{"type":"Point","coordinates":[-2.5753,53.47474]},"properties":{"id":"2061"}},{"type":"Feature","geometry":{"type":"Point","coordinates":[-2.57144,53.21399]},"properties":{"id":"2062"}},{"type":"Feature","geometry":{"type":"Point","coordinates":[-2.5711,53.35177]},"properties":{"id":"2065"}},{"type":"Feature","geometry":{"type":"Point","coordinates":[-2.57251,53.47955]},"properties":{"id":"2066"}},{"type":"Feature","geometry":{"type":"Point","coordinates":[-2.57011,53.36981]},"properties":{"id":"2068"}},{"type":"Feature","geometry":{"type":"Point","coordinates":[-2.57396,53.70562]},"properties":{"id":"2070"}},{"type":"Feature","geometry":{"type":"Point","coordinates":[-2.5689,53.4]},"properties":{"id":"2072"}},{"type":"Feature","geometry":{"type":"Point","coordinates":[-2.56998,53.58977]},"properties":{"id":"2075"}},{"type":"Feature","geometry":{"type":"Point","coordinates":[-2.56441,53.20935]},"properties":{"id":"2076"}},{"type":"Feature","geometry":{"type":"Point","coordinates":[-2.56393,53.38666]},"properties":{"id":"2082"}},{"type":"Feature","geometry":{"type":"Point","coordinates":[-2.56333,53.47113]},"properties":{"id":"2086"}},{"type":"Feature","geometry":{"type":"Point","coordinates":[-2.56207,53.4005]},"properties":{"id":"2087"}},{"type":"Feature","geometry":{"type":"Point","coordinates":[-2.56322,53.59426]},"properties":{"id":"2089"}},{"type":"Feature","geometry":{"type":"Point","coordinates":[-2.55776,53.21847]},"properties":{"id":"2090"}},{"type":"Feature","geometry":{"type":"Point","coordinates":[-2.55712,53.22217]},"properties":{"id":"2092"}},{"type":"Feature","geometry":{"type":"Point","coordinates":[-2.5572,53.41625]},"properties":{"id":"2095"}},{"type":"Feature","geometry":{"type":"Point","coordinates":[-2.5611,53.71424]},"properties":{"id":"2096"}},{"type":"Feature","geometry":{"type":"Point","coordinates":[-2.55301,53.24233]},"properties":{"id":"2098"}},{"type":"Feature","geometry":{"type":"Point","coordinates":[-2.55143,53.40837]},"properties":{"id":"2105"}},{"type":"Feature","geometry":{"type":"Point","coordinates":[-2.54835,53.18962]},"properties":{"id":"2106"}},{"type":"Feature","geometry":{"type":"Point","coordinates":[-2.55,53.39787]},"properties":{"id":"2108"}},{"type":"Feature","geometry":{"type":"Point","coordinates":[-2.54438,53.37965]},"properties":{"id":"2114"}},{"type":"Feature","geometry":{"type":"Point","coordinates":[-2.54458,53.40703]},"properties":{"id":"2116"}},{"type":"Feature","geometry":{"type":"Point","coordinates":[-2.5412,53.27357]},"properties":{"id":"2122"}},{"type":"Feature","geometry":{"type":"Point","coordinates":[-2.54057,53.5921]},"properties":{"id":"2132"}},{"type":"Feature","geometry":{"type":"Point","coordinates":[-2.53603,53.25067]},"properties":{"id":"2133"}},{"type":"Feature","geometry":{"type":"Point","coordinates":[-2.53758,53.38245]},"properties":{"id":"2134"}},{"type":"Feature","geometry":{"type":"Point","coordinates":[-2.53446,53.17922]},"properties":{"id":"2137"}},{"type":"Feature","geometry":{"type":"Point","coordinates":[-2.53696,53.40742]},"properties":{"id":"2138"}},{"type":"Feature","geometry":{"type":"Point","coordinates":[-2.53381,53.18914]},"properties":{"id":"2139"}},{"type":"Feature","geometry":{"type":"Point","coordinates":[-2.54056,53.726]},"properties":{"id":"2140"}},{"type":"Feature","geometry":{"type":"Point","coordinates":[-2.53768,53.50154]},"properties":{"id":"2141"}},{"type":"Feature","geometry":{"type":"Point","coordinates":[-2.53657,53.42022]},"properties":{"id":"2142"}},{"type":"Feature","geometry":{"type":"Point","coordinates":[-2.53609,53.50655]},"properties":{"id":"2146"}},{"type":"Feature","geometry":{"type":"Point","coordinates":[-2.53648,53.56405]},"properties":{"id":"2147"}},{"type":"Feature","geometry":{"type":"Point","coordinates":[-2.53609,53.56389]},"properties":{"id":"2149"}},{"type":"Feature","geometry":{"type":"Point","coordinates":[-2.52889,53.06506]},"properties":{"id":"2151"}},{"type":"Feature","geometry":{"type":"Point","coordinates":[-2.53147,53.28776]},"properties":{"id":"2152"}},{"type":"Feature","geometry":{"type":"Point","coordinates":[-2.53299,53.41313]},"properties":{"id":"2153"}},{"type":"Feature","geometry":{"type":"Point","coordinates":[-2.53404,53.503]},"properties":{"id":"2154"}},{"type":"Feature","geometry":{"type":"Point","coordinates":[-2.53023,53.27492]},"properties":{"id":"2157"}},{"type":"Feature","geometry":{"type":"Point","coordinates":[-2.529,53.17776]},"properties":{"id":"2158"}},{"type":"Feature","geometry":{"type":"Point","coordinates":[-2.53058,53.42133]},"properties":{"id":"2162"}},{"type":"Feature","geometry":{"type":"Point","coordinates":[-2.5305,53.42131]},"properties":{"id":"2163"}},{"type":"Feature","geometry":{"type":"Point","coordinates":[-2.52756,53.27846]},"properties":{"id":"2164"}},{"type":"Feature","geometry":{"type":"Point","coordinates":[-2.52793,53.51368]},"properties":{"id":"2169"}},{"type":"Feature","geometry":{"type":"Point","coordinates":[-2.52105,53.05748]},"properties":{"id":"2172"}},{"type":"Feature","geometry":{"type":"Point","coordinates":[-2.52668,53.57713]},"properties":{"id":"2174"}},{"type":"Feature","geometry":{"type":"Point","coordinates":[-2.51761,53.07329]},"properties":{"id":"2183"}},{"type":"Feature","geometry":{"type":"Point","coordinates":[-2.52172,53.48192]},"properties":{"id":"2185"}},{"type":"Feature","geometry":{"type":"Point","coordinates":[-2.52179,53.5837]},"properties":{"id":"2188"}},{"type":"Feature","geometry":{"type":"Point","coordinates":[-2.51837,53.40144]},"properties":{"id":"2189"}},{"type":"Feature","geometry":{"type":"Point","coordinates":[-2.52234,53.72604]},"properties":{"id":"2190"}},{"type":"Feature","geometry":{"type":"Point","coordinates":[-2.51225,53.10266]},"properties":{"id":"2196"}},{"type":"Feature","geometry":{"type":"Point","coordinates":[-2.51632,53.52359]},"properties":{"id":"2199"}},{"type":"Feature","geometry":{"type":"Point","coordinates":[-2.51491,53.45006]},"properties":{"id":"2202"}},{"type":"Feature","geometry":{"type":"Point","coordinates":[-2.51593,53.54375]},"properties":{"id":"2203"}},{"type":"Feature","geometry":{"type":"Point","coordinates":[-2.51158,53.19894]},"properties":{"id":"2205"}},{"type":"Feature","geometry":{"type":"Point","coordinates":[-2.51375,53.5198]},"properties":{"id":"2207"}},{"type":"Feature","geometry":{"type":"Point","coordinates":[-2.51343,53.49543]},"properties":{"id":"2208"}},{"type":"Feature","geometry":{"type":"Point","coordinates":[-2.51217,53.51091]},"properties":{"id":"2210"}},{"type":"Feature","geometry":{"type":"Point","coordinates":[-2.50839,53.22776]},"properties":{"id":"2213"}},{"type":"Feature","geometry":{"type":"Point","coordinates":[-2.5084,53.29213]},"properties":{"id":"2215"}},{"type":"Feature","geometry":{"type":"Point","coordinates":[-2.50341,53.06705]},"properties":{"id":"2220"}},{"type":"Feature","geometry":{"type":"Point","coordinates":[-2.50263,53.56258]},"properties":{"id":"2240"}},{"type":"Feature","geometry":{"type":"Point","coordinates":[-2.50074,53.45723]},"properties":{"id":"2242"}},{"type":"Feature","geometry":{"type":"Point","coordinates":[-2.50101,53.48402]},"properties":{"id":"2243"}},{"type":"Feature","geometry":{"type":"Point","coordinates":[-2.50024,53.49069]},"properties":{"id":"2247"}},{"type":"Feature","geometry":{"type":"Point","coordinates":[-2.49552,53.19799]},"properties":{"id":"2251"}},{"type":"Feature","geometry":{"type":"Point","coordinates":[-2.49186,53.55695]},"properties":{"id":"2271"}},{"type":"Feature","geometry":{"type":"Point","coordinates":[-2.48551,53.09463]},"properties":{"id":"2274"}},{"type":"Feature","geometry":{"type":"Point","coordinates":[-2.48976,53.51637]},"properties":{"id":"2276"}},{"type":"Feature","geometry":{"type":"Point","coordinates":[-2.4884,53.50656]},"properties":{"id":"2278"}},{"type":"Feature","geometry":{"type":"Point","coordinates":[-2.4836,53.2503]},"properties":{"id":"2282"}},{"type":"Feature","geometry":{"type":"Point","coordinates":[-2.47938,53.08981]},"properties":{"id":"2289"}},{"type":"Feature","geometry":{"type":"Point","coordinates":[-2.48269,53.5214]},"properties":{"id":"2293"}},{"type":"Feature","geometry":{"type":"Point","coordinates":[-2.47814,53.22572]},"properties":{"id":"2297"}},{"type":"Feature","geometry":{"type":"Point","coordinates":[-2.47519,53.57016]},"properties":{"id":"2313"}},{"type":"Feature","geometry":{"type":"Point","coordinates":[-2.47232,53.38434]},"properties":{"id":"2314"}},{"type":"Feature","geometry":{"type":"Point","coordinates":[-2.46885,53.10596]},"properties":{"id":"2318"}},{"type":"Feature","geometry":{"type":"Point","coordinates":[-2.47163,53.59742]},"properties":{"id":"2321"}},{"type":"Feature","geometry":{"type":"Point","coordinates":[-2.47068,53.54224]},"properties":{"id":"2322"}},{"type":"Feature","geometry":{"type":"Point","coordinates":[-2.4691,53.52419]},"properties":{"id":"2325"}},{"type":"Feature","geometry":{"type":"Point","coordinates":[-2.46826,53.56881]},"properties":{"id":"2327"}},{"type":"Feature","geometry":{"type":"Point","coordinates":[-2.46299,53.11711]},"properties":{"id":"2330"}},{"type":"Feature","geometry":{"type":"Point","coordinates":[-2.46755,53.54978]},"properties":{"id":"2331"}},{"type":"Feature","geometry":{"type":"Point","coordinates":[-2.467,53.51182]},"properties":{"id":"2332"}},{"type":"Feature","geometry":{"type":"Point","coordinates":[-2.46763,53.73148]},"properties":{"id":"2337"}},{"type":"Feature","geometry":{"type":"Point","coordinates":[-2.4615,53.25838]},"properties":{"id":"2344"}},{"type":"Feature","geometry":{"type":"Point","coordinates":[-2.46333,53.43578]},"properties":{"id":"2345"}},{"type":"Feature","geometry":{"type":"Point","coordinates":[-2.46369,53.49453]},"properties":{"id":"2346"}},{"type":"Feature","geometry":{"type":"Point","coordinates":[-2.45915,53.08156]},"properties":{"id":"2348"}},{"type":"Feature","geometry":{"type":"Point","coordinates":[-2.46087,53.3787]},"properties":{"id":"2349"}},{"type":"Feature","geometry":{"type":"Point","coordinates":[-2.4628,53.5929]},"properties":{"id":"2351"}},{"type":"Feature","geometry":{"type":"Point","coordinates":[-2.45691,53.27313]},"properties":{"id":"2358"}},{"type":"Feature","geometry":{"type":"Point","coordinates":[-2.46163,53.72315]},"properties":{"id":"2359"}},{"type":"Feature","geometry":{"type":"Point","coordinates":[-2.45428,53.11808]},"properties":{"id":"2364"}},{"type":"Feature","geometry":{"type":"Point","coordinates":[-2.45436,53.19703]},"properties":{"id":"2366"}},{"type":"Feature","geometry":{"type":"Point","coordinates":[-2.45316,53.42886]},"properties":{"id":"2379"}},{"type":"Feature","geometry":{"type":"Point","coordinates":[-2.45649,53.74394]},"properties":{"id":"2380"}},{"type":"Feature","geometry":{"type":"Point","coordinates":[-2.45302,53.51203]},"properties":{"id":"2387"}},{"type":"Feature","geometry":{"type":"Point","coordinates":[-2.45178,53.42626]},"properties":{"id":"2390"}},{"type":"Feature","geometry":{"type":"Point","coordinates":[-2.45277,53.70316]},"properties":{"id":"2397"}},{"type":"Feature","geometry":{"type":"Point","coordinates":[-3.1035,53.39029]},"properties":{"id":"8565"}},{"type":"Feature","geometry":{"type":"Point","coordinates":[-3.04203,53.58593]},"properties":{"id":"8569"}},{"type":"Feature","geometry":{"type":"Point","coordinates":[-2.98552,53.45893]},"properties":{"id":"8576"}},{"type":"Feature","geometry":{"type":"Point","coordinates":[-2.94931,53.45937]},"properties":{"id":"8581"}},{"type":"Feature","geometry":{"type":"Point","coordinates":[-2.92047,53.45587]},"properties":{"id":"8583"}},{"type":"Feature","geometry":{"type":"Point","coordinates":[-2.91493,53.62376]},"properties":{"id":"8584"}},{"type":"Feature","geometry":{"type":"Point","coordinates":[-2.90915,53.38797]},"properties":{"id":"8585"}},{"type":"Feature","geometry":{"type":"Point","coordinates":[-2.90075,53.36252]},"properties":{"id":"8586"}},{"type":"Feature","geometry":{"type":"Point","coordinates":[-2.82317,53.21054]},"properties":{"id":"8603"}},{"type":"Feature","geometry":{"type":"Point","coordinates":[-2.7969,53.21011]},"properties":{"id":"8609"}},{"type":"Feature","geometry":{"type":"Point","coordinates":[-2.78507,53.51646]},"properties":{"id":"8615"}},{"type":"Feature","geometry":{"type":"Point","coordinates":[-2.76296,53.72587]},"properties":{"id":"8623"}},{"type":"Feature","geometry":{"type":"Point","coordinates":[-2.75716,53.51946]},"properties":{"id":"8625"}},{"type":"Feature","geometry":{"type":"Point","coordinates":[-2.72822,53.44831]},"properties":{"id":"8636"}},{"type":"Feature","geometry":{"type":"Point","coordinates":[-2.68734,53.53284]},"properties":{"id":"8644"}},{"type":"Feature","geometry":{"type":"Point","coordinates":[-2.68725,53.66818]},"properties":{"id":"8645"}},{"type":"Feature","geometry":{"type":"Point","coordinates":[-2.68276,53.55107]},"properties":{"id":"8647"}},{"type":"Feature","geometry":{"type":"Point","coordinates":[-2.59707,53.52037]},"properties":{"id":"8662"}},{"type":"Feature","geometry":{"type":"Point","coordinates":[-2.5954,53.60285]},"properties":{"id":"8663"}},{"type":"Feature","geometry":{"type":"Point","coordinates":[-2.57602,53.54125]},"properties":{"id":"8666"}},{"type":"Feature","geometry":{"type":"Point","coordinates":[-2.55584,53.38658]},"properties":{"id":"8675"}},{"type":"Feature","geometry":{"type":"Point","coordinates":[-2.52976,53.23729]},"properties":{"id":"8682"}},{"type":"Feature","geometry":{"type":"Point","coordinates":[-2.51354,53.24017]},"properties":{"id":"8684"}},{"type":"Feature","geometry":{"type":"Point","coordinates":[-2.49285,53.73388]},"properties":{"id":"8693"}},{"type":"Feature","geometry":{"type":"Point","coordinates":[-2.46637,53.6906]},"properties":{"id":"8710"}},{"type":"Feature","geometry":{"type":"Point","coordinates":[-2.46483,53.56175]},"properties":{"id":"8712"}},{"type":"Feature","geometry":{"type":"Point","coordinates":[-2.4542,53.58959]},"properties":{"id":"8716"}},{"type":"Feature","geometry":{"type":"Point","coordinates":[-2.72667,53.44487]},"properties":{"id":"9458"}},{"type":"Feature","geometry":{"type":"Point","coordinates":[-2.86246,53.1495]},"properties":{"id":"29"}},{"type":"Feature","geometry":{"type":"Point","coordinates":[-2.82166,53.22385]},"properties":{"id":"33"}},{"type":"Feature","geometry":{"type":"Point","coordinates":[-2.71687,53.31444]},"properties":{"id":"36"}},{"type":"Feature","geometry":{"type":"Point","coordinates":[-2.49285,53.73388]},"properties":{"id":"302"}},{"type":"Feature","geometry":{"type":"Point","coordinates":[-2.99912,53.41515]},"properties":{"id":"308"}},{"type":"Feature","geometry":{"type":"Point","coordinates":[-2.95249,53.26742]},"properties":{"id":"310"}},{"type":"Feature","geometry":{"type":"Point","coordinates":[-2.61494,53.38768]},"properties":{"id":"315"}},{"type":"Feature","geometry":{"type":"Point","coordinates":[-2.8926,53.43948]},"properties":{"id":"331"}},{"type":"Feature","geometry":{"type":"Point","coordinates":[-2.66458,53.31394]},"properties":{"id":"336"}},{"type":"Feature","geometry":{"type":"Point","coordinates":[-2.83425,53.35375]},"properties":{"id":"341"}},{"type":"Feature","geometry":{"type":"Point","coordinates":[-2.92039,53.45589]},"properties":{"id":"371"}},{"type":"Feature","geometry":{"type":"Point","coordinates":[-2.94677,53.49052]},"properties":{"id":"374"}},{"type":"Feature","geometry":{"type":"Point","coordinates":[-3.04024,53.50088]},"properties":{"id":"375"}},{"type":"Feature","geometry":{"type":"Point","coordinates":[-2.46907,53.25129]},"properties":{"id":"382"}},{"type":"Feature","geometry":{"type":"Point","coordinates":[-2.52229,53.41472]},"properties":{"id":"383"}},{"type":"Feature","geometry":{"type":"Point","coordinates":[-2.69804,53.53062]},"properties":{"id":"386"}},{"type":"Feature","geometry":{"type":"Point","coordinates":[-2.46637,53.6906]},"properties":{"id":"396"}},{"type":"Feature","geometry":{"type":"Point","coordinates":[-2.91852,53.40965]},"properties":{"id":"398"}},{"type":"Feature","geometry":{"type":"Point","coordinates":[-2.75534,53.33015]},"properties":{"id":"406"}},{"type":"Feature","geometry":{"type":"Point","coordinates":[-2.79234,53.1994]},"properties":{"id":"413"}},{"type":"Feature","geometry":{"type":"Point","coordinates":[-2.93168,53.40674]},"properties":{"id":"415"}},{"type":"Feature","geometry":{"type":"Point","coordinates":[-2.76586,53.46966]},"properties":{"id":"429"}},{"type":"Feature","geometry":{"type":"Point","coordinates":[-2.65201,53.72355]},"properties":{"id":"432"}},{"type":"Feature","geometry":{"type":"Point","coordinates":[-3.17928,53.39731]},"properties":{"id":"589"}},{"type":"Feature","geometry":{"type":"Point","coordinates":[-3.17459,53.39443]},"properties":{"id":"591"}},{"type":"Feature","geometry":{"type":"Point","coordinates":[-3.17076,53.37136]},"properties":{"id":"592"}},{"type":"Feature","geometry":{"type":"Point","coordinates":[-3.16531,53.35809]},"properties":{"id":"596"}},{"type":"Feature","geometry":{"type":"Point","coordinates":[-3.13228,53.40095]},"properties":{"id":"608"}},{"type":"Feature","geometry":{"type":"Point","coordinates":[-3.12198,53.39713]},"properties":{"id":"614"}},{"type":"Feature","geometry":{"type":"Point","coordinates":[-3.11958,53.35156]},"properties":{"id":"615"}},{"type":"Feature","geometry":{"type":"Point","coordinates":[-3.10674,53.38364]},"properties":{"id":"622"}},{"type":"Feature","geometry":{"type":"Point","coordinates":[-3.1023,53.35618]},"properties":{"id":"625"}},{"type":"Feature","geometry":{"type":"Point","coordinates":[-3.08546,53.39462]},"properties":{"id":"640"}},{"type":"Feature","geometry":{"type":"Point","coordinates":[-3.08001,53.33047]},"properties":{"id":"646"}},{"type":"Feature","geometry":{"type":"Point","coordinates":[-3.07482,53.31616]},"properties":{"id":"651"}},{"type":"Feature","geometry":{"type":"Point","coordinates":[-3.07193,53.36923]},"properties":{"id":"656"}},{"type":"Feature","geometry":{"type":"Point","coordinates":[-3.06852,53.36737]},"properties":{"id":"657"}},{"type":"Feature","geometry":{"type":"Point","coordinates":[-3.06419,53.29395]},"properties":{"id":"663"}},{"type":"Feature","geometry":{"type":"Point","coordinates":[-3.06098,53.28764]},"properties":{"id":"665"}},{"type":"Feature","geometry":{"type":"Point","coordinates":[-3.06171,53.40609]},"properties":{"id":"669"}},{"type":"Feature","geometry":{"type":"Point","coordinates":[-3.05551,53.28881]},"properties":{"id":"673"}},{"type":"Feature","geometry":{"type":"Point","coordinates":[-3.05886,53.57039]},"properties":{"id":"678"}},{"type":"Feature","geometry":{"type":"Point","coordinates":[-3.05753,53.51744]},"properties":{"id":"679"}},{"type":"Feature","geometry":{"type":"Point","coordinates":[-3.05648,53.55051]},"properties":{"id":"682"}},{"type":"Feature","geometry":{"type":"Point","coordinates":[-3.05041,53.41949]},"properties":{"id":"685"}},{"type":"Feature","geometry":{"type":"Point","coordinates":[-3.04863,53.39248]},"properties":{"id":"687"}},{"type":"Feature","geometry":{"type":"Point","coordinates":[-3.04945,53.42619]},"properties":{"id":"688"}},{"type":"Feature","geometry":{"type":"Point","coordinates":[-3.05045,53.49606]},"properties":{"id":"689"}},{"type":"Feature","geometry":{"type":"Point","coordinates":[-3.04802,53.43948]},"properties":{"id":"693"}},{"type":"Feature","geometry":{"type":"Point","coordinates":[-3.05208,53.60501]},"properties":{"id":"694"}},{"type":"Feature","geometry":{"type":"Point","coordinates":[-3.04774,53.43949]},"properties":{"id":"699"}},{"type":"Feature","geometry":{"type":"Point","coordinates":[-3.04744,53.43738]},"properties":{"id":"700"}},{"type":"Feature","geometry":{"type":"Point","coordinates":[-3.04385,53.43776]},"properties":{"id":"707"}},{"type":"Feature","geometry":{"type":"Point","coordinates":[-3.04315,53.50003]},"properties":{"id":"712"}},{"type":"Feature","geometry":{"type":"Point","coordinates":[-3.04024,53.50088]},"properties":{"id":"714"}},{"type":"Feature","geometry":{"type":"Point","coordinates":[-3.03407,53.33003]},"properties":{"id":"720"}},{"type":"Feature","geometry":{"type":"Point","coordinates":[-3.03244,53.29055]},"properties":{"id":"722"}},{"type":"Feature","geometry":{"type":"Point","coordinates":[-3.03839,53.59168]},"properties":{"id":"723"}},{"type":"Feature","geometry":{"type":"Point","coordinates":[-3.01586,53.36446]},"properties":{"id":"762"}},{"type":"Feature","geometry":{"type":"Point","coordinates":[-3.01868,53.61376]},"properties":{"id":"768"}},{"type":"Feature","geometry":{"type":"Point","coordinates":[-3.01427,53.48351]},"properties":{"id":"772"}},{"type":"Feature","geometry":{"type":"Point","coordinates":[-3.0175,53.62687]},"properties":{"id":"773"}},{"type":"Feature","geometry":{"type":"Point","coordinates":[-3.01674,53.74743]},"properties":{"id":"782"}},{"type":"Feature","geometry":{"type":"Point","coordinates":[-3.00325,53.29284]},"properties":{"id":"790"}},{"type":"Feature","geometry":{"type":"Point","coordinates":[-3.00738,53.47699]},"properties":{"id":"791"}},{"type":"Feature","geometry":{"type":"Point","coordinates":[-2.99383,53.17879]},"properties":{"id":"810"}},{"type":"Feature","geometry":{"type":"Point","coordinates":[-2.99106,53.16641]},"properties":{"id":"816"}},{"type":"Feature","geometry":{"type":"Point","coordinates":[-2.99787,53.47041]},"properties":{"id":"817"}},{"type":"Feature","geometry":{"type":"Point","coordinates":[-2.99267,53.33969]},"properties":{"id":"823"}},{"type":"Feature","geometry":{"type":"Point","coordinates":[-2.99535,53.47128]},"properties":{"id":"824"}},{"type":"Feature","geometry":{"type":"Point","coordinates":[-2.99901,53.63404]},"properties":{"id":"825"}},{"type":"Feature","geometry":{"type":"Point","coordinates":[-2.99294,53.4658]},"properties":{"id":"827"}},{"type":"Feature","geometry":{"type":"Point","coordinates":[-2.98403,53.16974]},"properties":{"id":"832"}},{"type":"Feature","geometry":{"type":"Point","coordinates":[-2.99052,53.48855]},"properties":{"id":"834"}},{"type":"Feature","geometry":{"type":"Point","coordinates":[-2.98762,53.47446]},"properties":{"id":"838"}},{"type":"Feature","geometry":{"type":"Point","coordinates":[-2.98181,53.30547]},"properties":{"id":"841"}},{"type":"Feature","geometry":{"type":"Point","coordinates":[-2.98492,53.48568]},"properties":{"id":"847"}},{"type":"Feature","geometry":{"type":"Point","coordinates":[-2.98473,53.48256]},"properties":{"id":"849"}},{"type":"Feature","geometry":{"type":"Point","coordinates":[-2.98795,53.6547]},"properties":{"id":"850"}},{"type":"Feature","geometry":{"type":"Point","coordinates":[-2.97982,53.34134]},"properties":{"id":"854"}},{"type":"Feature","geometry":{"type":"Point","coordinates":[-2.98202,53.4933]},"properties":{"id":"858"}},{"type":"Feature","geometry":{"type":"Point","coordinates":[-2.98287,53.63121]},"properties":{"id":"863"}},{"type":"Feature","geometry":{"type":"Point","coordinates":[-2.979,53.48978]},"properties":{"id":"865"}},{"type":"Feature","geometry":{"type":"Point","coordinates":[-2.97571,53.41194]},"properties":{"id":"868"}},{"type":"Feature","geometry":{"type":"Point","coordinates":[-2.97394,53.33493]},"properties":{"id":"869"}},{"type":"Feature","geometry":{"type":"Point","coordinates":[-2.96967,53.41605]},"properties":{"id":"877"}},{"type":"Feature","geometry":{"type":"Point","coordinates":[-2.96997,53.4732]},"properties":{"id":"880"}},{"type":"Feature","geometry":{"type":"Point","coordinates":[-2.97005,53.49347]},"properties":{"id":"881"}},{"type":"Feature","geometry":{"type":"Point","coordinates":[-2.96518,53.57262]},"properties":{"id":"902"}},{"type":"Feature","geometry":{"type":"Point","coordinates":[-2.96593,53.66042]},"properties":{"id":"905"}},{"type":"Feature","geometry":{"type":"Point","coordinates":[-2.96093,53.44293]},"properties":{"id":"906"}},{"type":"Feature","geometry":{"type":"Point","coordinates":[-2.95917,53.46422]},"properties":{"id":"913"}},{"type":"Feature","geometry":{"type":"Point","coordinates":[-2.95908,53.49193]},"properties":{"id":"916"}},{"type":"Feature","geometry":{"type":"Point","coordinates":[-2.95307,53.29282]},"properties":{"id":"921"}},{"type":"Feature","geometry":{"type":"Point","coordinates":[-2.95742,53.48777]},"properties":{"id":"922"}},{"type":"Feature","geometry":{"type":"Point","coordinates":[-2.95148,53.46147]},"properties":{"id":"932"}},{"type":"Feature","geometry":{"type":"Point","coordinates":[-2.95057,53.44041]},"properties":{"id":"935"}},{"type":"Feature","geometry":{"type":"Point","coordinates":[-2.95087,53.51619]},"properties":{"id":"937"}},{"type":"Feature","geometry":{"type":"Point","coordinates":[-2.93801,53.27464]},"properties":{"id":"962"}},{"type":"Feature","geometry":{"type":"Point","coordinates":[-2.93892,53.50839]},"properties":{"id":"986"}},{"type":"Feature","geometry":{"type":"Point","coordinates":[-2.93334,53.26521]},"properties":{"id":"990"}},{"type":"Feature","geometry":{"type":"Point","coordinates":[-2.93129,53.18033]},"properties":{"id":"991"}},{"type":"Feature","geometry":{"type":"Point","coordinates":[-2.93713,53.45965]},"properties":{"id":"993"}},{"type":"Feature","geometry":{"type":"Point","coordinates":[-2.93423,53.43565]},"properties":{"id":"998"}},{"type":"Feature","geometry":{"type":"Point","coordinates":[-2.93543,53.52386]},"properties":{"id":"999"}},{"type":"Feature","geometry":{"type":"Point","coordinates":[-2.93173,53.48182]},"properties":{"id":"1006"}},{"type":"Feature","geometry":{"type":"Point","coordinates":[-2.934,53.61029]},"properties":{"id":"1008"}},{"type":"Feature","geometry":{"type":"Point","coordinates":[-2.9236,53.16818]},"properties":{"id":"1009"}},{"type":"Feature","geometry":{"type":"Point","coordinates":[-2.92865,53.40906]},"properties":{"id":"1010"}},{"type":"Feature","geometry":{"type":"Point","coordinates":[-2.93061,53.52207]},"properties":{"id":"1012"}},{"type":"Feature","geometry":{"type":"Point","coordinates":[-2.92456,53.2889]},"properties":{"id":"1014"}},{"type":"Feature","geometry":{"type":"Point","coordinates":[-2.92086,53.22079]},"properties":{"id":"1019"}},{"type":"Feature","geometry":{"type":"Point","coordinates":[-2.92633,53.53766]},"properties":{"id":"1024"}},{"type":"Feature","geometry":{"type":"Point","coordinates":[-2.9251,53.51911]},"properties":{"id":"1026"}},{"type":"Feature","geometry":{"type":"Point","coordinates":[-2.91645,53.18016]},"properties":{"id":"1029"}},{"type":"Feature","geometry":{"type":"Point","coordinates":[-2.91823,53.28065]},"properties":{"id":"1030"}},{"type":"Feature","geometry":{"type":"Point","coordinates":[-2.91628,53.26116]},"properties":{"id":"1036"}},{"type":"Feature","geometry":{"type":"Point","coordinates":[-2.92034,53.48531]},"properties":{"id":"1039"}},{"type":"Feature","geometry":{"type":"Point","coordinates":[-2.91546,53.28795]},"properties":{"id":"1042"}},{"type":"Feature","geometry":{"type":"Point","coordinates":[-2.91301,53.28927]},"properties":{"id":"1048"}},{"type":"Feature","geometry":{"type":"Point","coordinates":[-2.91447,53.36737]},"properties":{"id":"1049"}},{"type":"Feature","geometry":{"type":"Point","coordinates":[-2.90944,53.19464]},"properties":{"id":"1051"}},{"type":"Feature","geometry":{"type":"Point","coordinates":[-2.90902,53.25679]},"properties":{"id":"1058"}},{"type":"Feature","geometry":{"type":"Point","coordinates":[-2.91394,53.48868]},"properties":{"id":"1059"}},{"type":"Feature","geometry":{"type":"Point","coordinates":[-2.91341,53.46468]},"properties":{"id":"1060"}},{"type":"Feature","geometry":{"type":"Point","coordinates":[-2.91672,53.67783]},"properties":{"id":"1064"}},{"type":"Feature","geometry":{"type":"Point","coordinates":[-2.91528,53.68082]},"properties":{"id":"1066"}},{"type":"Feature","geometry":{"type":"Point","coordinates":[-2.90633,53.28881]},"properties":{"id":"1071"}},{"type":"Feature","geometry":{"type":"Point","coordinates":[-2.90563,53.4427]},"properties":{"id":"1081"}},{"type":"Feature","geometry":{"type":"Point","coordinates":[-2.89933,53.16005]},"properties":{"id":"1082"}},{"type":"Feature","geometry":{"type":"Point","coordinates":[-2.90996,53.68252]},"properties":{"id":"1084"}},{"type":"Feature","geometry":{"type":"Point","coordinates":[-2.89865,53.20513]},"properties":{"id":"1088"}},{"type":"Feature","geometry":{"type":"Point","coordinates":[-2.89811,53.18033]},"properties":{"id":"1089"}},{"type":"Feature","geometry":{"type":"Point","coordinates":[-2.89788,53.28315]},"properties":{"id":"1095"}},{"type":"Feature","geometry":{"type":"Point","coordinates":[-2.8985,53.3728]},"properties":{"id":"1102"}},{"type":"Feature","geometry":{"type":"Point","coordinates":[-2.89913,53.40407]},"properties":{"id":"1103"}},{"type":"Feature","geometry":{"type":"Point","coordinates":[-2.89956,53.47714]},"properties":{"id":"1108"}},{"type":"Feature","geometry":{"type":"Point","coordinates":[-2.89172,53.19546]},"properties":{"id":"1110"}},{"type":"Feature","geometry":{"type":"Point","coordinates":[-2.90302,53.74775]},"properties":{"id":"1113"}},{"type":"Feature","geometry":{"type":"Point","coordinates":[-2.89817,53.55517]},"properties":{"id":"1117"}},{"type":"Feature","geometry":{"type":"Point","coordinates":[-2.89281,53.35757]},"properties":{"id":"1121"}},{"type":"Feature","geometry":{"type":"Point","coordinates":[-2.88888,53.28382]},"properties":{"id":"1129"}},{"type":"Feature","geometry":{"type":"Point","coordinates":[-2.88693,53.21406]},"properties":{"id":"1131"}},{"type":"Feature","geometry":{"type":"Point","coordinates":[-2.89413,53.56459]},"properties":{"id":"1133"}},{"type":"Feature","geometry":{"type":"Point","coordinates":[-2.8883,53.36845]},"properties":{"id":"1139"}},{"type":"Feature","geometry":{"type":"Point","coordinates":[-2.8921,53.57079]},"properties":{"id":"1140"}},{"type":"Feature","geometry":{"type":"Point","coordinates":[-2.88427,53.27317]},"properties":{"id":"1145"}},{"type":"Feature","geometry":{"type":"Point","coordinates":[-2.88657,53.43709]},"properties":{"id":"1150"}},{"type":"Feature","geometry":{"type":"Point","coordinates":[-2.88133,53.2191]},"properties":{"id":"1153"}},{"type":"Feature","geometry":{"type":"Point","coordinates":[-2.88131,53.21912]},"properties":{"id":"1154"}},{"type":"Feature","geometry":{"type":"Point","coordinates":[-2.88256,53.43386]},"properties":{"id":"1165"}},{"type":"Feature","geometry":{"type":"Point","coordinates":[-2.88256,53.43388]},"properties":{"id":"1166"}},{"type":"Feature","geometry":{"type":"Point","coordinates":[-2.87647,53.20419]},"properties":{"id":"1172"}},{"type":"Feature","geometry":{"type":"Point","coordinates":[-2.87717,53.28104]},"properties":{"id":"1175"}},{"type":"Feature","geometry":{"type":"Point","coordinates":[-2.87888,53.38622]},"properties":{"id":"1177"}},{"type":"Feature","geometry":{"type":"Point","coordinates":[-2.87883,53.46404]},"properties":{"id":"1180"}},{"type":"Feature","geometry":{"type":"Point","coordinates":[-2.87491,53.38249]},"properties":{"id":"1184"}},{"type":"Feature","geometry":{"type":"Point","coordinates":[-2.87635,53.46666]},"properties":{"id":"1185"}},{"type":"Feature","geometry":{"type":"Point","coordinates":[-2.87736,53.57538]},"properties":{"id":"1191"}},{"type":"Feature","geometry":{"type":"Point","coordinates":[-2.87904,53.66031]},"properties":{"id":"1194"}},{"type":"Feature","geometry":{"type":"Point","coordinates":[-2.87255,53.35396]},"properties":{"id":"1197"}},{"type":"Feature","geometry":{"type":"Point","coordinates":[-2.8696,53.47244]},"properties":{"id":"1211"}},{"type":"Feature","geometry":{"type":"Point","coordinates":[-2.86717,53.35606]},"properties":{"id":"1212"}},{"type":"Feature","geometry":{"type":"Point","coordinates":[-2.86798,53.42072]},"properties":{"id":"1215"}},{"type":"Feature","geometry":{"type":"Point","coordinates":[-2.86855,53.46143]},"properties":{"id":"1216"}},{"type":"Feature","geometry":{"type":"Point","coordinates":[-2.86305,53.20568]},"properties":{"id":"1219"}},{"type":"Feature","geometry":{"type":"Point","coordinates":[-2.86533,53.35954]},"properties":{"id":"1220"}},{"type":"Feature","geometry":{"type":"Point","coordinates":[-2.86585,53.38564]},"properties":{"id":"1221"}},{"type":"Feature","geometry":{"type":"Point","coordinates":[-2.8635,53.48001]},"properties":{"id":"1229"}},{"type":"Feature","geometry":{"type":"Point","coordinates":[-2.8617,53.46214]},"properties":{"id":"1236"}},{"type":"Feature","geometry":{"type":"Point","coordinates":[-2.85814,53.38]},"properties":{"id":"1242"}},{"type":"Feature","geometry":{"type":"Point","coordinates":[-2.85492,53.35656]},"properties":{"id":"1247"}},{"type":"Feature","geometry":{"type":"Point","coordinates":[-2.85559,53.44913]},"properties":{"id":"1251"}},{"type":"Feature","geometry":{"type":"Point","coordinates":[-2.84884,53.1864]},"properties":{"id":"1257"}},{"type":"Feature","geometry":{"type":"Point","coordinates":[-2.84878,53.18639]},"properties":{"id":"1258"}},{"type":"Feature","geometry":{"type":"Point","coordinates":[-2.8539,53.48048]},"properties":{"id":"1259"}},{"type":"Feature","geometry":{"type":"Point","coordinates":[-2.84806,53.20511]},"properties":{"id":"1262"}},{"type":"Feature","geometry":{"type":"Point","coordinates":[-2.85146,53.47148]},"properties":{"id":"1266"}},{"type":"Feature","geometry":{"type":"Point","coordinates":[-2.84814,53.39691]},"properties":{"id":"1269"}},{"type":"Feature","geometry":{"type":"Point","coordinates":[-2.84812,53.39691]},"properties":{"id":"1270"}},{"type":"Feature","geometry":{"type":"Point","coordinates":[-2.84213,53.18539]},"properties":{"id":"1273"}},{"type":"Feature","geometry":{"type":"Point","coordinates":[-2.8399,53.18151]},"properties":{"id":"1278"}},{"type":"Feature","geometry":{"type":"Point","coordinates":[-2.84265,53.44118]},"properties":{"id":"1281"}},{"type":"Feature","geometry":{"type":"Point","coordinates":[-2.84468,53.5996]},"properties":{"id":"1283"}},{"type":"Feature","geometry":{"type":"Point","coordinates":[-2.84015,53.37397]},"properties":{"id":"1284"}},{"type":"Feature","geometry":{"type":"Point","coordinates":[-2.83739,53.26639]},"properties":{"id":"1286"}},{"type":"Feature","geometry":{"type":"Point","coordinates":[-2.83506,53.15111]},"properties":{"id":"1287"}},{"type":"Feature","geometry":{"type":"Point","coordinates":[-2.83775,53.36645]},"properties":{"id":"1289"}},{"type":"Feature","geometry":{"type":"Point","coordinates":[-2.83792,53.38674]},"properties":{"id":"1290"}},{"type":"Feature","geometry":{"type":"Point","coordinates":[-2.83305,53.17869]},"properties":{"id":"1292"}},{"type":"Feature","geometry":{"type":"Point","coordinates":[-2.8308,53.22314]},"properties":{"id":"1298"}},{"type":"Feature","geometry":{"type":"Point","coordinates":[-2.83679,53.59418]},"properties":{"id":"1302"}},{"type":"Feature","geometry":{"type":"Point","coordinates":[-2.829,53.38197]},"properties":{"id":"1310"}},{"type":"Feature","geometry":{"type":"Point","coordinates":[-2.82501,53.40747]},"properties":{"id":"1318"}},{"type":"Feature","geometry":{"type":"Point","coordinates":[-2.81958,53.17211]},"properties":{"id":"1321"}},{"type":"Feature","geometry":{"type":"Point","coordinates":[-2.822,53.40489]},"properties":{"id":"1328"}},{"type":"Feature","geometry":{"type":"Point","coordinates":[-2.80856,53.54624]},"properties":{"id":"1356"}},{"type":"Feature","geometry":{"type":"Point","coordinates":[-2.80442,53.42485]},"properties":{"id":"1357"}},{"type":"Feature","geometry":{"type":"Point","coordinates":[-2.79953,53.42257]},"properties":{"id":"1365"}},{"type":"Feature","geometry":{"type":"Point","coordinates":[-2.79502,53.41663]},"properties":{"id":"1374"}},{"type":"Feature","geometry":{"type":"Point","coordinates":[-2.79672,53.5465]},"properties":{"id":"1377"}},{"type":"Feature","geometry":{"type":"Point","coordinates":[-2.78963,53.41437]},"properties":{"id":"1391"}},{"type":"Feature","geometry":{"type":"Point","coordinates":[-2.79205,53.71346]},"properties":{"id":"1398"}},{"type":"Feature","geometry":{"type":"Point","coordinates":[-2.79165,53.71725]},"properties":{"id":"1399"}},{"type":"Feature","geometry":{"type":"Point","coordinates":[-2.78641,53.50585]},"properties":{"id":"1403"}},{"type":"Feature","geometry":{"type":"Point","coordinates":[-2.77934,53.43115]},"properties":{"id":"1417"}},{"type":"Feature","geometry":{"type":"Point","coordinates":[-2.7789,53.43511]},"properties":{"id":"1419"}},{"type":"Feature","geometry":{"type":"Point","coordinates":[-2.7833,53.67863]},"properties":{"id":"1420"}},{"type":"Feature","geometry":{"type":"Point","coordinates":[-2.77987,53.54222]},"properties":{"id":"1422"}},{"type":"Feature","geometry":{"type":"Point","coordinates":[-2.77356,53.35125]},"properties":{"id":"1437"}},{"type":"Feature","geometry":{"type":"Point","coordinates":[-2.76934,53.12348]},"properties":{"id":"1438"}},{"type":"Feature","geometry":{"type":"Point","coordinates":[-2.77796,53.71269]},"properties":{"id":"1445"}},{"type":"Feature","geometry":{"type":"Point","coordinates":[-2.77491,53.55078]},"properties":{"id":"1446"}},{"type":"Feature","geometry":{"type":"Point","coordinates":[-2.77481,53.5673]},"properties":{"id":"1448"}},{"type":"Feature","geometry":{"type":"Point","coordinates":[-2.77715,53.71365]},"properties":{"id":"1451"}},{"type":"Feature","geometry":{"type":"Point","coordinates":[-2.772,53.48469]},"properties":{"id":"1457"}},{"type":"Feature","geometry":{"type":"Point","coordinates":[-2.76931,53.36428]},"properties":{"id":"1458"}},{"type":"Feature","geometry":{"type":"Point","coordinates":[-2.77144,53.59052]},"properties":{"id":"1463"}},{"type":"Feature","geometry":{"type":"Point","coordinates":[-2.76838,53.45253]},"properties":{"id":"1465"}},{"type":"Feature","geometry":{"type":"Point","coordinates":[-2.76905,53.48952]},"properties":{"id":"1466"}},{"type":"Feature","geometry":{"type":"Point","coordinates":[-2.76682,53.37956]},"properties":{"id":"1467"}},{"type":"Feature","geometry":{"type":"Point","coordinates":[-2.75986,53.02937]},"properties":{"id":"1474"}},{"type":"Feature","geometry":{"type":"Point","coordinates":[-2.76496,53.35265]},"properties":{"id":"1476"}},{"type":"Feature","geometry":{"type":"Point","coordinates":[-2.77028,53.66157]},"properties":{"id":"1478"}},{"type":"Feature","geometry":{"type":"Point","coordinates":[-2.76617,53.54644]},"properties":{"id":"1486"}},{"type":"Feature","geometry":{"type":"Point","coordinates":[-2.75874,53.18843]},"properties":{"id":"1494"}},{"type":"Feature","geometry":{"type":"Point","coordinates":[-2.75981,53.39003]},"properties":{"id":"1503"}},{"type":"Feature","geometry":{"type":"Point","coordinates":[-2.76236,53.55771]},"properties":{"id":"1505"}},{"type":"Feature","geometry":{"type":"Point","coordinates":[-2.76002,53.43545]},"properties":{"id":"1507"}},{"type":"Feature","geometry":{"type":"Point","coordinates":[-2.75904,53.41422]},"properties":{"id":"1510"}},{"type":"Feature","geometry":{"type":"Point","coordinates":[-2.76127,53.54983]},"properties":{"id":"1512"}},{"type":"Feature","geometry":{"type":"Point","coordinates":[-2.76299,53.72585]},"properties":{"id":"1516"}},{"type":"Feature","geometry":{"type":"Point","coordinates":[-2.75704,53.43993]},"properties":{"id":"1519"}},{"type":"Feature","geometry":{"type":"Point","coordinates":[-2.76128,53.72457]},"properties":{"id":"1521"}},{"type":"Feature","geometry":{"type":"Point","coordinates":[-2.75409,53.37778]},"properties":{"id":"1525"}},{"type":"Feature","geometry":{"type":"Point","coordinates":[-2.75011,53.36612]},"properties":{"id":"1540"}},{"type":"Feature","geometry":{"type":"Point","coordinates":[-2.74582,53.20045]},"properties":{"id":"1543"}},{"type":"Feature","geometry":{"type":"Point","coordinates":[-2.74369,53.21662]},"properties":{"id":"1550"}},{"type":"Feature","geometry":{"type":"Point","coordinates":[-2.74744,53.43346]},"properties":{"id":"1551"}},{"type":"Feature","geometry":{"type":"Point","coordinates":[-2.74594,53.38475]},"properties":{"id":"1555"}},{"type":"Feature","geometry":{"type":"Point","coordinates":[-2.74406,53.28127]},"properties":{"id":"1556"}},{"type":"Feature","geometry":{"type":"Point","coordinates":[-2.7384,53.54032]},"properties":{"id":"1599"}},{"type":"Feature","geometry":{"type":"Point","coordinates":[-2.7331,53.42724]},"properties":{"id":"1608"}},{"type":"Feature","geometry":{"type":"Point","coordinates":[-2.73271,53.41412]},"properties":{"id":"1609"}},{"type":"Feature","geometry":{"type":"Point","coordinates":[-2.72908,53.33836]},"properties":{"id":"1616"}},{"type":"Feature","geometry":{"type":"Point","coordinates":[-2.72375,53.17529]},"properties":{"id":"1622"}},{"type":"Feature","geometry":{"type":"Point","coordinates":[-2.72988,53.64731]},"properties":{"id":"1628"}},{"type":"Feature","geometry":{"type":"Point","coordinates":[-2.72424,53.32225]},"properties":{"id":"1629"}},{"type":"Feature","geometry":{"type":"Point","coordinates":[-2.72935,53.66244]},"properties":{"id":"1632"}},{"type":"Feature","geometry":{"type":"Point","coordinates":[-2.72523,53.43027]},"properties":{"id":"1633"}},{"type":"Feature","geometry":{"type":"Point","coordinates":[-2.72696,53.54205]},"properties":{"id":"1634"}},{"type":"Feature","geometry":{"type":"Point","coordinates":[-2.72117,53.20763]},"properties":{"id":"1635"}},{"type":"Feature","geometry":{"type":"Point","coordinates":[-2.72699,53.55182]},"properties":{"id":"1636"}},{"type":"Feature","geometry":{"type":"Point","coordinates":[-2.72918,53.69463]},"properties":{"id":"1637"}},{"type":"Feature","geometry":{"type":"Point","coordinates":[-2.72716,53.69861]},"properties":{"id":"1644"}},{"type":"Feature","geometry":{"type":"Point","coordinates":[-2.72438,53.59132]},"properties":{"id":"1646"}},{"type":"Feature","geometry":{"type":"Point","coordinates":[-2.72185,53.48036]},"properties":{"id":"1652"}},{"type":"Feature","geometry":{"type":"Point","coordinates":[-2.71343,53.01128]},"properties":{"id":"1656"}},{"type":"Feature","geometry":{"type":"Point","coordinates":[-2.71933,53.40679]},"properties":{"id":"1660"}},{"type":"Feature","geometry":{"type":"Point","coordinates":[-2.71935,53.53434]},"properties":{"id":"1667"}},{"type":"Feature","geometry":{"type":"Point","coordinates":[-2.72153,53.70049]},"properties":{"id":"1670"}},{"type":"Feature","geometry":{"type":"Point","coordinates":[-2.71152,53.17202]},"properties":{"id":"1673"}},{"type":"Feature","geometry":{"type":"Point","coordinates":[-2.71146,53.32112]},"properties":{"id":"1687"}},{"type":"Feature","geometry":{"type":"Point","coordinates":[-2.70945,53.34309]},"properties":{"id":"1698"}},{"type":"Feature","geometry":{"type":"Point","coordinates":[-2.71437,53.63642]},"properties":{"id":"1699"}},{"type":"Feature","geometry":{"type":"Point","coordinates":[-2.70917,53.46632]},"properties":{"id":"1707"}},{"type":"Feature","geometry":{"type":"Point","coordinates":[-2.70729,53.40691]},"properties":{"id":"1713"}},{"type":"Feature","geometry":{"type":"Point","coordinates":[-2.706,53.37345]},"properties":{"id":"1717"}},{"type":"Feature","geometry":{"type":"Point","coordinates":[-2.70588,53.37701]},"properties":{"id":"1720"}},{"type":"Feature","geometry":{"type":"Point","coordinates":[-2.70596,53.3852]},"properties":{"id":"1721"}},{"type":"Feature","geometry":{"type":"Point","coordinates":[-2.70891,53.72224]},"properties":{"id":"1730"}},{"type":"Feature","geometry":{"type":"Point","coordinates":[-2.70041,53.30729]},"properties":{"id":"1734"}},{"type":"Feature","geometry":{"type":"Point","coordinates":[-2.69901,53.30918]},"properties":{"id":"1738"}},{"type":"Feature","geometry":{"type":"Point","coordinates":[-2.6984,53.27328]},"properties":{"id":"1739"}},{"type":"Feature","geometry":{"type":"Point","coordinates":[-2.69362,53.57144]},"properties":{"id":"1763"}},{"type":"Feature","geometry":{"type":"Point","coordinates":[-2.68844,53.47274]},"properties":{"id":"1773"}},{"type":"Feature","geometry":{"type":"Point","coordinates":[-2.68452,53.31813]},"properties":{"id":"1780"}},{"type":"Feature","geometry":{"type":"Point","coordinates":[-2.68346,53.32637]},"properties":{"id":"1784"}},{"type":"Feature","geometry":{"type":"Point","coordinates":[-2.6826,53.3218]},"properties":{"id":"1786"}},{"type":"Feature","geometry":{"type":"Point","coordinates":[-2.68902,53.7366]},"properties":{"id":"1787"}},{"type":"Feature","geometry":{"type":"Point","coordinates":[-2.6856,53.58033]},"properties":{"id":"1794"}},{"type":"Feature","geometry":{"type":"Point","coordinates":[-2.68261,53.42939]},"properties":{"id":"1795"}},{"type":"Feature","geometry":{"type":"Point","coordinates":[-2.67929,53.34894]},"properties":{"id":"1799"}},{"type":"Feature","geometry":{"type":"Point","coordinates":[-2.68257,53.57793]},"properties":{"id":"1800"}},{"type":"Feature","geometry":{"type":"Point","coordinates":[-2.68063,53.73151]},"properties":{"id":"1808"}},{"type":"Feature","geometry":{"type":"Point","coordinates":[-2.67432,53.35039]},"properties":{"id":"1810"}},{"type":"Feature","geometry":{"type":"Point","coordinates":[-2.67047,53.16383]},"properties":{"id":"1814"}},{"type":"Feature","geometry":{"type":"Point","coordinates":[-2.66979,53.16207]},"properties":{"id":"1815"}},{"type":"Feature","geometry":{"type":"Point","coordinates":[-2.67222,53.34633]},"properties":{"id":"1817"}},{"type":"Feature","geometry":{"type":"Point","coordinates":[-2.67325,53.58731]},"properties":{"id":"1822"}},{"type":"Feature","geometry":{"type":"Point","coordinates":[-2.66907,53.33859]},"properties":{"id":"1823"}},{"type":"Feature","geometry":{"type":"Point","coordinates":[-2.67085,53.47279]},"properties":{"id":"1825"}},{"type":"Feature","geometry":{"type":"Point","coordinates":[-2.67341,53.69595]},"properties":{"id":"1828"}},{"type":"Feature","geometry":{"type":"Point","coordinates":[-2.66801,53.52078]},"properties":{"id":"1836"}},{"type":"Feature","geometry":{"type":"Point","coordinates":[-2.67044,53.74101]},"properties":{"id":"1840"}},{"type":"Feature","geometry":{"type":"Point","coordinates":[-2.6669,53.53243]},"properties":{"id":"1841"}},{"type":"Feature","geometry":{"type":"Point","coordinates":[-2.66909,53.72953]},"properties":{"id":"1844"}},{"type":"Feature","geometry":{"type":"Point","coordinates":[-2.66806,53.67195]},"properties":{"id":"1845"}},{"type":"Feature","geometry":{"type":"Point","coordinates":[-2.66626,53.55917]},"properties":{"id":"1846"}},{"type":"Feature","geometry":{"type":"Point","coordinates":[-2.66509,53.55732]},"properties":{"id":"1851"}},{"type":"Feature","geometry":{"type":"Point","coordinates":[-2.66012,53.4018]},"properties":{"id":"1857"}},{"type":"Feature","geometry":{"type":"Point","coordinates":[-2.66067,53.47807]},"properties":{"id":"1858"}},{"type":"Feature","geometry":{"type":"Point","coordinates":[-2.65756,53.32377]},"properties":{"id":"1860"}},{"type":"Feature","geometry":{"type":"Point","coordinates":[-2.65871,53.43401]},"properties":{"id":"1862"}},{"type":"Feature","geometry":{"type":"Point","coordinates":[-2.65825,53.46774]},"properties":{"id":"1866"}},{"type":"Feature","geometry":{"type":"Point","coordinates":[-2.65867,53.55838]},"properties":{"id":"1870"}},{"type":"Feature","geometry":{"type":"Point","coordinates":[-2.65622,53.58513]},"properties":{"id":"1879"}},{"type":"Feature","geometry":{"type":"Point","coordinates":[-2.65614,53.6518]},"properties":{"id":"1882"}},{"type":"Feature","geometry":{"type":"Point","coordinates":[-2.65465,53.65468]},"properties":{"id":"1889"}},{"type":"Feature","geometry":{"type":"Point","coordinates":[-2.65365,53.62886]},"properties":{"id":"1891"}},{"type":"Feature","geometry":{"type":"Point","coordinates":[-2.65095,53.72251]},"properties":{"id":"1899"}},{"type":"Feature","geometry":{"type":"Point","coordinates":[-2.65084,53.71949]},"properties":{"id":"1900"}},{"type":"Feature","geometry":{"type":"Point","coordinates":[-2.64326,53.69858]},"properties":{"id":"1911"}},{"type":"Feature","geometry":{"type":"Point","coordinates":[-2.63639,53.24192]},"properties":{"id":"1912"}},{"type":"Feature","geometry":{"type":"Point","coordinates":[-2.64286,53.71863]},"properties":{"id":"1914"}},{"type":"Feature","geometry":{"type":"Point","coordinates":[-2.63718,53.47901]},"properties":{"id":"1922"}},{"type":"Feature","geometry":{"type":"Point","coordinates":[-2.63945,53.68501]},"properties":{"id":"1928"}},{"type":"Feature","geometry":{"type":"Point","coordinates":[-2.63813,53.64383]},"properties":{"id":"1930"}},{"type":"Feature","geometry":{"type":"Point","coordinates":[-2.63877,53.69604]},"properties":{"id":"1931"}},{"type":"Feature","geometry":{"type":"Point","coordinates":[-2.6355,53.48253]},"properties":{"id":"1932"}},{"type":"Feature","geometry":{"type":"Point","coordinates":[-2.63369,53.39071]},"properties":{"id":"1935"}},{"type":"Feature","geometry":{"type":"Point","coordinates":[-2.63152,53.35455]},"properties":{"id":"1937"}},{"type":"Feature","geometry":{"type":"Point","coordinates":[-2.63528,53.67622]},"properties":{"id":"1942"}},{"type":"Feature","geometry":{"type":"Point","coordinates":[-2.62412,53.38398]},"properties":{"id":"1961"}},{"type":"Feature","geometry":{"type":"Point","coordinates":[-2.62383,53.65239]},"properties":{"id":"1967"}},{"type":"Feature","geometry":{"type":"Point","coordinates":[-2.61854,53.39596]},"properties":{"id":"1970"}},{"type":"Feature","geometry":{"type":"Point","coordinates":[-2.61936,53.49175]},"properties":{"id":"1971"}},{"type":"Feature","geometry":{"type":"Point","coordinates":[-2.61542,53.41342]},"properties":{"id":"1976"}},{"type":"Feature","geometry":{"type":"Point","coordinates":[-2.61037,53.44304]},"properties":{"id":"1988"}},{"type":"Feature","geometry":{"type":"Point","coordinates":[-2.61318,53.68091]},"properties":{"id":"1989"}},{"type":"Feature","geometry":{"type":"Point","coordinates":[-2.60966,53.48179]},"properties":{"id":"1992"}},{"type":"Feature","geometry":{"type":"Point","coordinates":[-2.60779,53.47775]},"properties":{"id":"1993"}},{"type":"Feature","geometry":{"type":"Point","coordinates":[-2.61039,53.71306]},"properties":{"id":"1994"}},{"type":"Feature","geometry":{"type":"Point","coordinates":[-2.60274,53.26683]},"properties":{"id":"1996"}},{"type":"Feature","geometry":{"type":"Point","coordinates":[-2.6054,53.47173]},"properties":{"id":"1997"}},{"type":"Feature","geometry":{"type":"Point","coordinates":[-2.60538,53.61412]},"properties":{"id":"2001"}},{"type":"Feature","geometry":{"type":"Point","coordinates":[-2.59975,53.23964]},"properties":{"id":"2003"}},{"type":"Feature","geometry":{"type":"Point","coordinates":[-2.60319,53.54419]},"properties":{"id":"2005"}},{"type":"Feature","geometry":{"type":"Point","coordinates":[-2.60046,53.37906]},"properties":{"id":"2006"}},{"type":"Feature","geometry":{"type":"Point","coordinates":[-2.59906,53.3829]},"properties":{"id":"2013"}},{"type":"Feature","geometry":{"type":"Point","coordinates":[-2.59419,53.23408]},"properties":{"id":"2019"}},{"type":"Feature","geometry":{"type":"Point","coordinates":[-2.59771,53.61817]},"properties":{"id":"2022"}},{"type":"Feature","geometry":{"type":"Point","coordinates":[-2.59112,53.25561]},"properties":{"id":"2023"}},{"type":"Feature","geometry":{"type":"Point","coordinates":[-2.58898,53.33768]},"properties":{"id":"2028"}},{"type":"Feature","geometry":{"type":"Point","coordinates":[-2.5913,53.56682]},"properties":{"id":"2032"}},{"type":"Feature","geometry":{"type":"Point","coordinates":[-2.58804,53.43193]},"properties":{"id":"2037"}},{"type":"Feature","geometry":{"type":"Point","coordinates":[-2.58642,53.46733]},"properties":{"id":"2039"}},{"type":"Feature","geometry":{"type":"Point","coordinates":[-2.58188,53.37761]},"properties":{"id":"2043"}},{"type":"Feature","geometry":{"type":"Point","coordinates":[-2.58102,53.38425]},"properties":{"id":"2045"}},{"type":"Feature","geometry":{"type":"Point","coordinates":[-2.58213,53.57086]},"properties":{"id":"2049"}},{"type":"Feature","geometry":{"type":"Point","coordinates":[-2.57867,53.36857]},"properties":{"id":"2051"}},{"type":"Feature","geometry":{"type":"Point","coordinates":[-2.57762,53.35994]},"properties":{"id":"2055"}},{"type":"Feature","geometry":{"type":"Point","coordinates":[-2.57742,53.38345]},"properties":{"id":"2056"}},{"type":"Feature","geometry":{"type":"Point","coordinates":[-2.57591,53.41143]},"properties":{"id":"2057"}},{"type":"Feature","geometry":{"type":"Point","coordinates":[-2.57467,53.33997]},"properties":{"id":"2058"}},{"type":"Feature","geometry":{"type":"Point","coordinates":[-2.57551,53.41045]},"properties":{"id":"2059"}},{"type":"Feature","geometry":{"type":"Point","coordinates":[-2.57157,53.35978]},"properties":{"id":"2063"}},{"type":"Feature","geometry":{"type":"Point","coordinates":[-2.57258,53.58504]},"properties":{"id":"2069"}},{"type":"Feature","geometry":{"type":"Point","coordinates":[-2.56655,53.23952]},"properties":{"id":"2074"}},{"type":"Feature","geometry":{"type":"Point","coordinates":[-2.56579,53.35474]},"properties":{"id":"2077"}},{"type":"Feature","geometry":{"type":"Point","coordinates":[-2.56505,53.38084]},"properties":{"id":"2079"}},{"type":"Feature","geometry":{"type":"Point","coordinates":[-2.56244,53.24043]},"properties":{"id":"2081"}},{"type":"Feature","geometry":{"type":"Point","coordinates":[-2.5629,53.41043]},"properties":{"id":"2084"}},{"type":"Feature","geometry":{"type":"Point","coordinates":[-2.56135,53.40419]},"properties":{"id":"2088"}},{"type":"Feature","geometry":{"type":"Point","coordinates":[-2.55725,53.24169]},"properties":{"id":"2093"}},{"type":"Feature","geometry":{"type":"Point","coordinates":[-2.55431,53.37769]},"properties":{"id":"2100"}},{"type":"Feature","geometry":{"type":"Point","coordinates":[-2.55712,53.69969]},"properties":{"id":"2104"}},{"type":"Feature","geometry":{"type":"Point","coordinates":[-2.54314,53.18469]},"properties":{"id":"2112"}},{"type":"Feature","geometry":{"type":"Point","coordinates":[-2.54155,53.25334]},"properties":{"id":"2120"}},{"type":"Feature","geometry":{"type":"Point","coordinates":[-2.54488,53.5678]},"properties":{"id":"2123"}},{"type":"Feature","geometry":{"type":"Point","coordinates":[-2.54257,53.47726]},"properties":{"id":"2126"}},{"type":"Feature","geometry":{"type":"Point","coordinates":[-2.53818,53.18667]},"properties":{"id":"2128"}},{"type":"Feature","geometry":{"type":"Point","coordinates":[-2.54185,53.59521]},"properties":{"id":"2130"}},{"type":"Feature","geometry":{"type":"Point","coordinates":[-2.53273,53.1949]},"properties":{"id":"2144"}},{"type":"Feature","geometry":{"type":"Point","coordinates":[-2.53121,53.40202]},"properties":{"id":"2159"}},{"type":"Feature","geometry":{"type":"Point","coordinates":[-2.52924,53.26302]},"properties":{"id":"2161"}},{"type":"Feature","geometry":{"type":"Point","coordinates":[-2.52966,53.53299]},"properties":{"id":"2167"}},{"type":"Feature","geometry":{"type":"Point","coordinates":[-2.52766,53.43009]},"properties":{"id":"2168"}},{"type":"Feature","geometry":{"type":"Point","coordinates":[-2.52774,53.53772]},"properties":{"id":"2170"}},{"type":"Feature","geometry":{"type":"Point","coordinates":[-2.52567,53.50947]},"properties":{"id":"2175"}},{"type":"Feature","geometry":{"type":"Point","coordinates":[-2.52394,53.38322]},"properties":{"id":"2176"}},{"type":"Feature","geometry":{"type":"Point","coordinates":[-2.52326,53.39878]},"properties":{"id":"2178"}},{"type":"Feature","geometry":{"type":"Point","coordinates":[-2.5242,53.55619]},"properties":{"id":"2181"}},{"type":"Feature","geometry":{"type":"Point","coordinates":[-2.51858,53.50419]},"properties":{"id":"2192"}},{"type":"Feature","geometry":{"type":"Point","coordinates":[-2.51493,53.4305]},"properties":{"id":"2200"}},{"type":"Feature","geometry":{"type":"Point","coordinates":[-2.51339,53.55349]},"properties":{"id":"2209"}},{"type":"Feature","geometry":{"type":"Point","coordinates":[-2.51172,53.49978]},"properties":{"id":"2212"}},{"type":"Feature","geometry":{"type":"Point","coordinates":[-2.51139,53.55299]},"properties":{"id":"2216"}},{"type":"Feature","geometry":{"type":"Point","coordinates":[-2.50774,53.43292]},"properties":{"id":"2219"}},{"type":"Feature","geometry":{"type":"Point","coordinates":[-2.50893,53.55508]},"properties":{"id":"2222"}},{"type":"Feature","geometry":{"type":"Point","coordinates":[-2.50857,53.56033]},"properties":{"id":"2223"}},{"type":"Feature","geometry":{"type":"Point","coordinates":[-2.50807,53.54782]},"properties":{"id":"2225"}},{"type":"Feature","geometry":{"type":"Point","coordinates":[-2.50058,53.19391]},"properties":{"id":"2235"}},{"type":"Feature","geometry":{"type":"Point","coordinates":[-2.49798,53.28692]},"properties":{"id":"2245"}},{"type":"Feature","geometry":{"type":"Point","coordinates":[-2.49741,53.26091]},"properties":{"id":"2248"}},{"type":"Feature","geometry":{"type":"Point","coordinates":[-2.50015,53.49733]},"properties":{"id":"2249"}},{"type":"Feature","geometry":{"type":"Point","coordinates":[-2.50278,53.73291]},"properties":{"id":"2250"}},{"type":"Feature","geometry":{"type":"Point","coordinates":[-2.49091,53.08987]},"properties":{"id":"2255"}},{"type":"Feature","geometry":{"type":"Point","coordinates":[-2.49423,53.49634]},"properties":{"id":"2259"}},{"type":"Feature","geometry":{"type":"Point","coordinates":[-2.48829,53.07106]},"properties":{"id":"2264"}},{"type":"Feature","geometry":{"type":"Point","coordinates":[-2.48982,53.27294]},"properties":{"id":"2268"}},{"type":"Feature","geometry":{"type":"Point","coordinates":[-2.48369,53.25035]},"properties":{"id":"2281"}},{"type":"Feature","geometry":{"type":"Point","coordinates":[-2.48203,53.24645]},"properties":{"id":"2287"}},{"type":"Feature","geometry":{"type":"Point","coordinates":[-2.47915,53.493]},"properties":{"id":"2299"}},{"type":"Feature","geometry":{"type":"Point","coordinates":[-2.47435,53.25262]},"properties":{"id":"2304"}},{"type":"Feature","geometry":{"type":"Point","coordinates":[-2.47544,53.53313]},"properties":{"id":"2309"}},{"type":"Feature","geometry":{"type":"Point","coordinates":[-2.47263,53.53305]},"properties":{"id":"2319"}},{"type":"Feature","geometry":{"type":"Point","coordinates":[-2.47213,53.73517]},"properties":{"id":"2324"}},{"type":"Feature","geometry":{"type":"Point","coordinates":[-2.46345,53.11099]},"properties":{"id":"2326"}},{"type":"Feature","geometry":{"type":"Point","coordinates":[-2.46309,53.38706]},"properties":{"id":"2342"}},{"type":"Feature","geometry":{"type":"Point","coordinates":[-2.4649,53.56697]},"properties":{"id":"2343"}},{"type":"Feature","geometry":{"type":"Point","coordinates":[-2.46429,53.55655]},"properties":{"id":"2347"}},{"type":"Feature","geometry":{"type":"Point","coordinates":[-2.45631,53.18699]},"properties":{"id":"2355"}},{"type":"Feature","geometry":{"type":"Point","coordinates":[-2.4614,53.68554]},"properties":{"id":"2357"}},{"type":"Feature","geometry":{"type":"Point","coordinates":[-2.46086,53.71795]},"properties":{"id":"2362"}},{"type":"Feature","geometry":{"type":"Point","coordinates":[-2.46086,53.71795]},"properties":{"id":"2363"}},{"type":"Feature","geometry":{"type":"Point","coordinates":[-2.45877,53.54966]},"properties":{"id":"2365"}},{"type":"Feature","geometry":{"type":"Point","coordinates":[-2.45858,53.7204]},"properties":{"id":"2368"}},{"type":"Feature","geometry":{"type":"Point","coordinates":[-2.45475,53.38439]},"properties":{"id":"2370"}},{"type":"Feature","geometry":{"type":"Point","coordinates":[-2.45473,53.38437]},"properties":{"id":"2371"}},{"type":"Feature","geometry":{"type":"Point","coordinates":[-2.45113,53.11882]},"properties":{"id":"2373"}},{"type":"Feature","geometry":{"type":"Point","coordinates":[-3.07528,53.36893]},"properties":{"id":"8566"}},{"type":"Feature","geometry":{"type":"Point","coordinates":[-3.04972,53.5721]},"properties":{"id":"8568"}},{"type":"Feature","geometry":{"type":"Point","coordinates":[-3.02629,53.41245]},"properties":{"id":"8572"}},{"type":"Feature","geometry":{"type":"Point","coordinates":[-2.95573,53.49037]},"properties":{"id":"8580"}},{"type":"Feature","geometry":{"type":"Point","coordinates":[-2.87722,53.65233]},"properties":{"id":"8590"}},{"type":"Feature","geometry":{"type":"Point","coordinates":[-2.86068,53.56962]},"properties":{"id":"8600"}},{"type":"Feature","geometry":{"type":"Point","coordinates":[-2.76586,53.46966]},"properties":{"id":"8619"}},{"type":"Feature","geometry":{"type":"Point","coordinates":[-2.74732,53.74153]},"properties":{"id":"8629"}},{"type":"Feature","geometry":{"type":"Point","coordinates":[-2.73099,53.73372]},"properties":{"id":"8638"}},{"type":"Feature","geometry":{"type":"Point","coordinates":[-2.69111,53.69802]},"properties":{"id":"8643"}},{"type":"Feature","geometry":{"type":"Point","coordinates":[-2.68285,53.54259]},"properties":{"id":"8646"}},{"type":"Feature","geometry":{"type":"Point","coordinates":[-2.67704,53.5275]},"properties":{"id":"8648"}},{"type":"Feature","geometry":{"type":"Point","coordinates":[-2.67341,53.69595]},"properties":{"id":"8649"}},{"type":"Feature","geometry":{"type":"Point","coordinates":[-2.66722,53.67162]},"properties":{"id":"8651"}},{"type":"Feature","geometry":{"type":"Point","coordinates":[-2.65369,53.65429]},"properties":{"id":"8653"}},{"type":"Feature","geometry":{"type":"Point","coordinates":[-2.60343,53.52372]},"properties":{"id":"8660"}},{"type":"Feature","geometry":{"type":"Point","coordinates":[-2.59717,53.52039]},"properties":{"id":"8661"}},{"type":"Feature","geometry":{"type":"Point","coordinates":[-2.5702,53.36982]},"properties":{"id":"8667"}},{"type":"Feature","geometry":{"type":"Point","coordinates":[-2.56703,53.37482]},"properties":{"id":"8669"}},{"type":"Feature","geometry":{"type":"Point","coordinates":[-2.54803,53.53222]},"properties":{"id":"8678"}},{"type":"Feature","geometry":{"type":"Point","coordinates":[-2.54595,53.51823]},"properties":{"id":"8679"}},{"type":"Feature","geometry":{"type":"Point","coordinates":[-2.54409,53.5224]},"properties":{"id":"8681"}},{"type":"Feature","geometry":{"type":"Point","coordinates":[-2.494,53.19917]},"properties":{"id":"8689"}},{"type":"Feature","geometry":{"type":"Point","coordinates":[-2.47551,53.25495]},"properties":{"id":"8700"}},{"type":"Feature","geometry":{"type":"Point","coordinates":[-2.47792,53.72071]},"properties":{"id":"8702"}},{"type":"Feature","geometry":{"type":"Point","coordinates":[-2.46493,53.56697]},"properties":{"id":"8711"}},{"type":"Feature","geometry":{"type":"Point","coordinates":[-2.46426,53.55655]},"properties":{"id":"9434"}},{"type":"Feature","geometry":{"type":"Point","coordinates":[-2.68285,53.54259]},"properties":{"id":"9444"}},{"type":"Feature","geometry":{"type":"Point","coordinates":[-2.75573,53.03091]},"properties":{"id":"32"}},{"type":"Feature","geometry":{"type":"Point","coordinates":[-2.56702,53.37481]},"properties":{"id":"298"}},{"type":"Feature","geometry":{"type":"Point","coordinates":[-2.4742,53.70154]},"properties":{"id":"332"}},{"type":"Feature","geometry":{"type":"Point","coordinates":[-2.84917,53.35503]},"properties":{"id":"333"}},{"type":"Feature","geometry":{"type":"Point","coordinates":[-2.5702,53.36982]},"properties":{"id":"334"}},{"type":"Feature","geometry":{"type":"Point","coordinates":[-3.04984,53.57204]},"properties":{"id":"342"}},{"type":"Feature","geometry":{"type":"Point","coordinates":[-2.52976,53.23729]},"properties":{"id":"351"}},{"type":"Feature","geometry":{"type":"Point","coordinates":[-2.87813,53.46285]},"properties":{"id":"367"}},{"type":"Feature","geometry":{"type":"Point","coordinates":[-2.67341,53.69595]},"properties":{"id":"370"}},{"type":"Feature","geometry":{"type":"Point","coordinates":[-3.05646,53.28145]},"properties":{"id":"376"}},{"type":"Feature","geometry":{"type":"Point","coordinates":[-3.03232,53.40882]},"properties":{"id":"378"}},{"type":"Feature","geometry":{"type":"Point","coordinates":[-3.10344,53.39028]},"properties":{"id":"380"}},{"type":"Feature","geometry":{"type":"Point","coordinates":[-2.7715,53.59054]},"properties":{"id":"389"}},{"type":"Feature","geometry":{"type":"Point","coordinates":[-2.76044,53.52581]},"properties":{"id":"391"}},{"type":"Feature","geometry":{"type":"Point","coordinates":[-2.73988,53.46767]},"properties":{"id":"392"}},{"type":"Feature","geometry":{"type":"Point","coordinates":[-3.05652,53.55049]},"properties":{"id":"399"}},{"type":"Feature","geometry":{"type":"Point","coordinates":[-2.6031,53.37095]},"properties":{"id":"408"}},{"type":"Feature","geometry":{"type":"Point","coordinates":[-2.45796,53.40773]},"properties":{"id":"420"}},{"type":"Feature","geometry":{"type":"Point","coordinates":[-2.71213,53.36335]},"properties":{"id":"426"}},{"type":"Feature","geometry":{"type":"Point","coordinates":[-3.16646,53.37624]},"properties":{"id":"595"}},{"type":"Feature","geometry":{"type":"Point","coordinates":[-3.16068,53.35543]},"properties":{"id":"599"}},{"type":"Feature","geometry":{"type":"Point","coordinates":[-3.15267,53.37372]},"properties":{"id":"604"}},{"type":"Feature","geometry":{"type":"Point","coordinates":[-3.15098,53.39616]},"properties":{"id":"605"}},{"type":"Feature","geometry":{"type":"Point","coordinates":[-3.12633,53.37792]},"properties":{"id":"611"}},{"type":"Feature","geometry":{"type":"Point","coordinates":[-3.12335,53.37091]},"properties":{"id":"612"}},{"type":"Feature","geometry":{"type":"Point","coordinates":[-3.11507,53.37972]},"properties":{"id":"616"}},{"type":"Feature","geometry":{"type":"Point","coordinates":[-3.11546,53.40897]},"properties":{"id":"617"}},{"type":"Feature","geometry":{"type":"Point","coordinates":[-3.10568,53.41527]},"properties":{"id":"623"}},{"type":"Feature","geometry":{"type":"Point","coordinates":[-3.10395,53.39082]},"properties":{"id":"624"}},{"type":"Feature","geometry":{"type":"Point","coordinates":[-3.10039,53.32115]},"properties":{"id":"627"}},{"type":"Feature","geometry":{"type":"Point","coordinates":[-3.09836,53.40524]},"properties":{"id":"630"}},{"type":"Feature","geometry":{"type":"Point","coordinates":[-3.09784,53.39482]},"properties":{"id":"631"}},{"type":"Feature","geometry":{"type":"Point","coordinates":[-3.0955,53.31728]},"properties":{"id":"632"}},{"type":"Feature","geometry":{"type":"Point","coordinates":[-3.09596,53.33756]},"properties":{"id":"633"}},{"type":"Feature","geometry":{"type":"Point","coordinates":[-3.09564,53.34947]},"properties":{"id":"635"}},{"type":"Feature","geometry":{"type":"Point","coordinates":[-3.09482,53.3715]},"properties":{"id":"636"}},{"type":"Feature","geometry":{"type":"Point","coordinates":[-3.08823,53.41843]},"properties":{"id":"638"}},{"type":"Feature","geometry":{"type":"Point","coordinates":[-3.08343,53.34543]},"properties":{"id":"641"}},{"type":"Feature","geometry":{"type":"Point","coordinates":[-3.08166,53.37897]},"properties":{"id":"645"}},{"type":"Feature","geometry":{"type":"Point","coordinates":[-3.08151,53.40379]},"properties":{"id":"647"}},{"type":"Feature","geometry":{"type":"Point","coordinates":[-3.07964,53.38158]},"properties":{"id":"648"}},{"type":"Feature","geometry":{"type":"Point","coordinates":[-3.08169,53.55325]},"properties":{"id":"650"}},{"type":"Feature","geometry":{"type":"Point","coordinates":[-3.07995,53.56042]},"properties":{"id":"652"}},{"type":"Feature","geometry":{"type":"Point","coordinates":[-3.07321,53.29871]},"properties":{"id":"653"}},{"type":"Feature","geometry":{"type":"Point","coordinates":[-3.07247,53.55308]},"properties":{"id":"658"}},{"type":"Feature","geometry":{"type":"Point","coordinates":[-3.06269,53.37734]},"properties":{"id":"666"}},{"type":"Feature","geometry":{"type":"Point","coordinates":[-3.05646,53.28145]},"properties":{"id":"672"}},{"type":"Feature","geometry":{"type":"Point","coordinates":[-3.05876,53.52357]},"properties":{"id":"676"}},{"type":"Feature","geometry":{"type":"Point","coordinates":[-3.05857,53.55407]},"properties":{"id":"677"}},{"type":"Feature","geometry":{"type":"Point","coordinates":[-3.05412,53.57095]},"properties":{"id":"686"}},{"type":"Feature","geometry":{"type":"Point","coordinates":[-3.04934,53.49727]},"properties":{"id":"695"}},{"type":"Feature","geometry":{"type":"Point","coordinates":[-3.04612,53.37142]},"properties":{"id":"697"}},{"type":"Feature","geometry":{"type":"Point","coordinates":[-3.04113,53.29383]},"properties":{"id":"704"}},{"type":"Feature","geometry":{"type":"Point","coordinates":[-3.04352,53.43179]},"properties":{"id":"708"}},{"type":"Feature","geometry":{"type":"Point","coordinates":[-3.04558,53.55472]},"properties":{"id":"710"}},{"type":"Feature","geometry":{"type":"Point","coordinates":[-3.0421,53.48573]},"properties":{"id":"713"}},{"type":"Feature","geometry":{"type":"Point","coordinates":[-3.04011,53.59765]},"properties":{"id":"721"}},{"type":"Feature","geometry":{"type":"Point","coordinates":[-3.03215,53.37445]},"properties":{"id":"725"}},{"type":"Feature","geometry":{"type":"Point","coordinates":[-3.0332,53.60298]},"properties":{"id":"733"}},{"type":"Feature","geometry":{"type":"Point","coordinates":[-3.0266,53.36103]},"properties":{"id":"737"}},{"type":"Feature","geometry":{"type":"Point","coordinates":[-3.02531,53.63174]},"properties":{"id":"755"}},{"type":"Feature","geometry":{"type":"Point","coordinates":[-3.01438,53.29301]},"properties":{"id":"761"}},{"type":"Feature","geometry":{"type":"Point","coordinates":[-3.01103,53.46823]},"properties":{"id":"779"}},{"type":"Feature","geometry":{"type":"Point","coordinates":[-3.00536,53.33826]},"properties":{"id":"785"}},{"type":"Feature","geometry":{"type":"Point","coordinates":[-3.00321,53.34083]},"properties":{"id":"795"}},{"type":"Feature","geometry":{"type":"Point","coordinates":[-3.00295,53.35664]},"properties":{"id":"796"}},{"type":"Feature","geometry":{"type":"Point","coordinates":[-2.99719,53.14786]},"properties":{"id":"798"}},{"type":"Feature","geometry":{"type":"Point","coordinates":[-2.99784,53.29433]},"properties":{"id":"806"}},{"type":"Feature","geometry":{"type":"Point","coordinates":[-2.99267,53.33968]},"properties":{"id":"822"}},{"type":"Feature","geometry":{"type":"Point","coordinates":[-2.98533,53.34659]},"properties":{"id":"836"}},{"type":"Feature","geometry":{"type":"Point","coordinates":[-2.98175,53.29671]},"properties":{"id":"840"}},{"type":"Feature","geometry":{"type":"Point","coordinates":[-2.97814,53.15273]},"properties":{"id":"843"}},{"type":"Feature","geometry":{"type":"Point","coordinates":[-2.98425,53.46038]},"properties":{"id":"848"}},{"type":"Feature","geometry":{"type":"Point","coordinates":[-2.98257,53.49099]},"properties":{"id":"857"}},{"type":"Feature","geometry":{"type":"Point","coordinates":[-2.97978,53.42482]},"properties":{"id":"860"}},{"type":"Feature","geometry":{"type":"Point","coordinates":[-2.98008,53.47693]},"properties":{"id":"862"}},{"type":"Feature","geometry":{"type":"Point","coordinates":[-2.97878,53.47729]},"properties":{"id":"864"}},{"type":"Feature","geometry":{"type":"Point","coordinates":[-2.97651,53.46432]},"properties":{"id":"871"}},{"type":"Feature","geometry":{"type":"Point","coordinates":[-2.97335,53.44703]},"properties":{"id":"873"}},{"type":"Feature","geometry":{"type":"Point","coordinates":[-2.97605,53.63288]},"properties":{"id":"876"}},{"type":"Feature","geometry":{"type":"Point","coordinates":[-2.96576,53.31218]},"properties":{"id":"882"}},{"type":"Feature","geometry":{"type":"Point","coordinates":[-2.96709,53.43298]},"properties":{"id":"886"}},{"type":"Feature","geometry":{"type":"Point","coordinates":[-2.96425,53.31824]},"properties":{"id":"889"}},{"type":"Feature","geometry":{"type":"Point","coordinates":[-2.96667,53.46447]},"properties":{"id":"890"}},{"type":"Feature","geometry":{"type":"Point","coordinates":[-2.9682,53.63573]},"properties":{"id":"898"}},{"type":"Feature","geometry":{"type":"Point","coordinates":[-2.96196,53.37722]},"properties":{"id":"899"}},{"type":"Feature","geometry":{"type":"Point","coordinates":[-2.95829,53.28128]},"properties":{"id":"903"}},{"type":"Feature","geometry":{"type":"Point","coordinates":[-2.95955,53.37554]},"properties":{"id":"904"}},{"type":"Feature","geometry":{"type":"Point","coordinates":[-2.963,53.612]},"properties":{"id":"912"}},{"type":"Feature","geometry":{"type":"Point","coordinates":[-2.9591,53.48881]},"properties":{"id":"915"}},{"type":"Feature","geometry":{"type":"Point","coordinates":[-2.95891,53.50832]},"properties":{"id":"918"}},{"type":"Feature","geometry":{"type":"Point","coordinates":[-2.95589,53.3745]},"properties":{"id":"919"}},{"type":"Feature","geometry":{"type":"Point","coordinates":[-2.96304,53.74011]},"properties":{"id":"923"}},{"type":"Feature","geometry":{"type":"Point","coordinates":[-2.94846,53.27922]},"properties":{"id":"930"}},{"type":"Feature","geometry":{"type":"Point","coordinates":[-2.95304,53.60065]},"properties":{"id":"936"}},{"type":"Feature","geometry":{"type":"Point","coordinates":[-2.94967,53.48611]},"properties":{"id":"938"}},{"type":"Feature","geometry":{"type":"Point","coordinates":[-2.94606,53.36993]},"properties":{"id":"939"}},{"type":"Feature","geometry":{"type":"Point","coordinates":[-2.9516,53.62218]},"properties":{"id":"940"}},{"type":"Feature","geometry":{"type":"Point","coordinates":[-2.94726,53.4513]},"properties":{"id":"942"}},{"type":"Feature","geometry":{"type":"Point","coordinates":[-2.95006,53.66808]},"properties":{"id":"949"}},{"type":"Feature","geometry":{"type":"Point","coordinates":[-2.94825,53.59001]},"properties":{"id":"950"}},{"type":"Feature","geometry":{"type":"Point","coordinates":[-2.94107,53.28003]},"properties":{"id":"951"}},{"type":"Feature","geometry":{"type":"Point","coordinates":[-2.94605,53.5272]},"properties":{"id":"952"}},{"type":"Feature","geometry":{"type":"Point","coordinates":[-2.94335,53.40843]},"properties":{"id":"953"}},{"type":"Feature","geometry":{"type":"Point","coordinates":[-2.94429,53.45434]},"properties":{"id":"955"}},{"type":"Feature","geometry":{"type":"Point","coordinates":[-2.94198,53.40365]},"properties":{"id":"958"}},{"type":"Feature","geometry":{"type":"Point","coordinates":[-2.94079,53.42289]},"properties":{"id":"963"}},{"type":"Feature","geometry":{"type":"Point","coordinates":[-2.93995,53.39539]},"properties":{"id":"965"}},{"type":"Feature","geometry":{"type":"Point","coordinates":[-2.94033,53.41816]},"properties":{"id":"966"}},{"type":"Feature","geometry":{"type":"Point","coordinates":[-2.93915,53.48363]},"properties":{"id":"983"}},{"type":"Feature","geometry":{"type":"Point","coordinates":[-2.93735,53.42716]},"properties":{"id":"985"}},{"type":"Feature","geometry":{"type":"Point","coordinates":[-2.94397,53.7434]},"properties":{"id":"989"}},{"type":"Feature","geometry":{"type":"Point","coordinates":[-2.9371,53.45149]},"properties":{"id":"992"}},{"type":"Feature","geometry":{"type":"Point","coordinates":[-2.93079,53.20976]},"properties":{"id":"994"}},{"type":"Feature","geometry":{"type":"Point","coordinates":[-2.93535,53.43539]},"properties":{"id":"995"}},{"type":"Feature","geometry":{"type":"Point","coordinates":[-2.92705,53.17178]},"properties":{"id":"1000"}},{"type":"Feature","geometry":{"type":"Point","coordinates":[-2.93168,53.40674]},"properties":{"id":"1003"}},{"type":"Feature","geometry":{"type":"Point","coordinates":[-2.92589,53.20779]},"properties":{"id":"1005"}},{"type":"Feature","geometry":{"type":"Point","coordinates":[-2.92505,53.25702]},"properties":{"id":"1011"}},{"type":"Feature","geometry":{"type":"Point","coordinates":[-2.9272,53.53718]},"properties":{"id":"1020"}},{"type":"Feature","geometry":{"type":"Point","coordinates":[-2.92543,53.4865]},"properties":{"id":"1021"}},{"type":"Feature","geometry":{"type":"Point","coordinates":[-2.92104,53.29287]},"properties":{"id":"1023"}},{"type":"Feature","geometry":{"type":"Point","coordinates":[-2.91807,53.27691]},"properties":{"id":"1031"}},{"type":"Feature","geometry":{"type":"Point","coordinates":[-2.91792,53.28723]},"properties":{"id":"1033"}},{"type":"Feature","geometry":{"type":"Point","coordinates":[-2.91886,53.40834]},"properties":{"id":"1038"}},{"type":"Feature","geometry":{"type":"Point","coordinates":[-2.91836,53.40964]},"properties":{"id":"1040"}},{"type":"Feature","geometry":{"type":"Point","coordinates":[-2.91225,53.26532]},"properties":{"id":"1050"}},{"type":"Feature","geometry":{"type":"Point","coordinates":[-2.91504,53.51775]},"properties":{"id":"1053"}},{"type":"Feature","geometry":{"type":"Point","coordinates":[-2.91561,53.54864]},"properties":{"id":"1054"}},{"type":"Feature","geometry":{"type":"Point","coordinates":[-2.91395,53.48545]},"properties":{"id":"1057"}},{"type":"Feature","geometry":{"type":"Point","coordinates":[-2.90776,53.21048]},"properties":{"id":"1061"}},{"type":"Feature","geometry":{"type":"Point","coordinates":[-2.91057,53.47099]},"properties":{"id":"1067"}},{"type":"Feature","geometry":{"type":"Point","coordinates":[-2.91016,53.45821]},"properties":{"id":"1069"}},{"type":"Feature","geometry":{"type":"Point","coordinates":[-2.91232,53.59639]},"properties":{"id":"1072"}},{"type":"Feature","geometry":{"type":"Point","coordinates":[-2.90408,53.23836]},"properties":{"id":"1073"}},{"type":"Feature","geometry":{"type":"Point","coordinates":[-2.90221,53.16105]},"properties":{"id":"1076"}},{"type":"Feature","geometry":{"type":"Point","coordinates":[-2.91045,53.55336]},"properties":{"id":"1077"}},{"type":"Feature","geometry":{"type":"Point","coordinates":[-2.90114,53.29191]},"properties":{"id":"1086"}},{"type":"Feature","geometry":{"type":"Point","coordinates":[-2.90197,53.37114]},"properties":{"id":"1090"}},{"type":"Feature","geometry":{"type":"Point","coordinates":[-2.9027,53.4438]},"properties":{"id":"1093"}},{"type":"Feature","geometry":{"type":"Point","coordinates":[-2.90716,53.74748]},"properties":{"id":"1099"}},{"type":"Feature","geometry":{"type":"Point","coordinates":[-2.89576,53.22183]},"properties":{"id":"1101"}},{"type":"Feature","geometry":{"type":"Point","coordinates":[-2.90148,53.5441]},"properties":{"id":"1106"}},{"type":"Feature","geometry":{"type":"Point","coordinates":[-2.8929,53.26154]},"properties":{"id":"1111"}},{"type":"Feature","geometry":{"type":"Point","coordinates":[-2.89673,53.4483]},"properties":{"id":"1112"}},{"type":"Feature","geometry":{"type":"Point","coordinates":[-2.90182,53.7472]},"properties":{"id":"1120"}},{"type":"Feature","geometry":{"type":"Point","coordinates":[-2.89038,53.26649]},"properties":{"id":"1123"}},{"type":"Feature","geometry":{"type":"Point","coordinates":[-2.89259,53.37258]},"properties":{"id":"1124"}},{"type":"Feature","geometry":{"type":"Point","coordinates":[-2.89796,53.74884]},"properties":{"id":"1134"}},{"type":"Feature","geometry":{"type":"Point","coordinates":[-2.89168,53.48352]},"properties":{"id":"1135"}},{"type":"Feature","geometry":{"type":"Point","coordinates":[-2.89078,53.44899]},"properties":{"id":"1137"}},{"type":"Feature","geometry":{"type":"Point","coordinates":[-2.8905,53.438]},"properties":{"id":"1138"}},{"type":"Feature","geometry":{"type":"Point","coordinates":[-2.88984,53.48331]},"properties":{"id":"1143"}},{"type":"Feature","geometry":{"type":"Point","coordinates":[-2.88828,53.49739]},"properties":{"id":"1148"}},{"type":"Feature","geometry":{"type":"Point","coordinates":[-2.88401,53.36531]},"properties":{"id":"1156"}},{"type":"Feature","geometry":{"type":"Point","coordinates":[-2.87719,53.14325]},"properties":{"id":"1161"}},{"type":"Feature","geometry":{"type":"Point","coordinates":[-2.88125,53.34951]},"properties":{"id":"1163"}},{"type":"Feature","geometry":{"type":"Point","coordinates":[-2.88224,53.39973]},"properties":{"id":"1164"}},{"type":"Feature","geometry":{"type":"Point","coordinates":[-2.87488,53.43028]},"properties":{"id":"1188"}},{"type":"Feature","geometry":{"type":"Point","coordinates":[-2.87396,53.40012]},"properties":{"id":"1189"}},{"type":"Feature","geometry":{"type":"Point","coordinates":[-2.87462,53.43728]},"properties":{"id":"1190"}},{"type":"Feature","geometry":{"type":"Point","coordinates":[-2.87715,53.56677]},"properties":{"id":"1192"}},{"type":"Feature","geometry":{"type":"Point","coordinates":[-2.86868,53.17974]},"properties":{"id":"1199"}},{"type":"Feature","geometry":{"type":"Point","coordinates":[-2.87389,53.48846]},"properties":{"id":"1201"}},{"type":"Feature","geometry":{"type":"Point","coordinates":[-2.87185,53.38946]},"properties":{"id":"1202"}},{"type":"Feature","geometry":{"type":"Point","coordinates":[-2.87185,53.57081]},"properties":{"id":"1210"}},{"type":"Feature","geometry":{"type":"Point","coordinates":[-2.86972,53.48317]},"properties":{"id":"1213"}},{"type":"Feature","geometry":{"type":"Point","coordinates":[-2.86455,53.34405]},"properties":{"id":"1223"}},{"type":"Feature","geometry":{"type":"Point","coordinates":[-2.86072,53.34364]},"properties":{"id":"1230"}},{"type":"Feature","geometry":{"type":"Point","coordinates":[-2.85873,53.33734]},"properties":{"id":"1237"}},{"type":"Feature","geometry":{"type":"Point","coordinates":[-2.85868,53.34092]},"properties":{"id":"1239"}},{"type":"Feature","geometry":{"type":"Point","coordinates":[-2.85481,53.18788]},"properties":{"id":"1240"}},{"type":"Feature","geometry":{"type":"Point","coordinates":[-2.85615,53.37884]},"properties":{"id":"1244"}},{"type":"Feature","geometry":{"type":"Point","coordinates":[-2.85586,53.4206]},"properties":{"id":"1249"}},{"type":"Feature","geometry":{"type":"Point","coordinates":[-2.85373,53.37585]},"properties":{"id":"1252"}},{"type":"Feature","geometry":{"type":"Point","coordinates":[-2.8529,53.36745]},"properties":{"id":"1254"}},{"type":"Feature","geometry":{"type":"Point","coordinates":[-2.85296,53.37491]},"properties":{"id":"1255"}},{"type":"Feature","geometry":{"type":"Point","coordinates":[-2.85222,53.46886]},"properties":{"id":"1263"}},{"type":"Feature","geometry":{"type":"Point","coordinates":[-2.84908,53.40446]},"properties":{"id":"1267"}},{"type":"Feature","geometry":{"type":"Point","coordinates":[-2.84885,53.41298]},"properties":{"id":"1268"}},{"type":"Feature","geometry":{"type":"Point","coordinates":[-2.84921,53.46229]},"properties":{"id":"1271"}},{"type":"Feature","geometry":{"type":"Point","coordinates":[-2.84572,53.38866]},"properties":{"id":"1275"}},{"type":"Feature","geometry":{"type":"Point","coordinates":[-2.84133,53.35994]},"properties":{"id":"1280"}},{"type":"Feature","geometry":{"type":"Point","coordinates":[-2.83581,53.35522]},"properties":{"id":"1294"}},{"type":"Feature","geometry":{"type":"Point","coordinates":[-2.83034,53.21867]},"properties":{"id":"1299"}},{"type":"Feature","geometry":{"type":"Point","coordinates":[-2.83924,53.69953]},"properties":{"id":"1300"}},{"type":"Feature","geometry":{"type":"Point","coordinates":[-2.83142,53.35953]},"properties":{"id":"1304"}},{"type":"Feature","geometry":{"type":"Point","coordinates":[-2.82985,53.33889]},"properties":{"id":"1306"}},{"type":"Feature","geometry":{"type":"Point","coordinates":[-2.82938,53.3433]},"properties":{"id":"1308"}},{"type":"Feature","geometry":{"type":"Point","coordinates":[-2.83258,53.67959]},"properties":{"id":"1314"}},{"type":"Feature","geometry":{"type":"Point","coordinates":[-2.82633,53.39986]},"properties":{"id":"1315"}},{"type":"Feature","geometry":{"type":"Point","coordinates":[-2.82774,53.56477]},"properties":{"id":"1320"}},{"type":"Feature","geometry":{"type":"Point","coordinates":[-2.8269,53.56523]},"properties":{"id":"1322"}},{"type":"Feature","geometry":{"type":"Point","coordinates":[-2.82259,53.36387]},"properties":{"id":"1323"}},{"type":"Feature","geometry":{"type":"Point","coordinates":[-2.82605,53.57541]},"properties":{"id":"1325"}},{"type":"Feature","geometry":{"type":"Point","coordinates":[-2.82194,53.41349]},"properties":{"id":"1329"}},{"type":"Feature","geometry":{"type":"Point","coordinates":[-2.81918,53.27066]},"properties":{"id":"1330"}},{"type":"Feature","geometry":{"type":"Point","coordinates":[-2.8208,53.63349]},"properties":{"id":"1340"}},{"type":"Feature","geometry":{"type":"Point","coordinates":[-2.81519,53.40057]},"properties":{"id":"1341"}},{"type":"Feature","geometry":{"type":"Point","coordinates":[-2.81798,53.59255]},"properties":{"id":"1343"}},{"type":"Feature","geometry":{"type":"Point","coordinates":[-2.80675,53.40332]},"properties":{"id":"1353"}},{"type":"Feature","geometry":{"type":"Point","coordinates":[-2.80465,53.33752]},"properties":{"id":"1355"}},{"type":"Feature","geometry":{"type":"Point","coordinates":[-2.79749,53.35482]},"properties":{"id":"1367"}},{"type":"Feature","geometry":{"type":"Point","coordinates":[-2.80071,53.55806]},"properties":{"id":"1368"}},{"type":"Feature","geometry":{"type":"Point","coordinates":[-2.79596,53.3336]},"properties":{"id":"1369"}},{"type":"Feature","geometry":{"type":"Point","coordinates":[-2.79601,53.33873]},"properties":{"id":"1370"}},{"type":"Feature","geometry":{"type":"Point","coordinates":[-2.7998,53.55476]},"properties":{"id":"1371"}},{"type":"Feature","geometry":{"type":"Point","coordinates":[-2.79998,53.70409]},"properties":{"id":"1375"}},{"type":"Feature","geometry":{"type":"Point","coordinates":[-2.78927,53.13659]},"properties":{"id":"1376"}},{"type":"Feature","geometry":{"type":"Point","coordinates":[-2.79106,53.41388]},"properties":{"id":"1387"}},{"type":"Feature","geometry":{"type":"Point","coordinates":[-2.78269,53.41905]},"properties":{"id":"1409"}},{"type":"Feature","geometry":{"type":"Point","coordinates":[-2.77842,53.26133]},"properties":{"id":"1412"}},{"type":"Feature","geometry":{"type":"Point","coordinates":[-2.78146,53.49264]},"properties":{"id":"1413"}},{"type":"Feature","geometry":{"type":"Point","coordinates":[-2.78515,53.7097]},"properties":{"id":"1415"}},{"type":"Feature","geometry":{"type":"Point","coordinates":[-2.77492,53.19552]},"properties":{"id":"1418"}},{"type":"Feature","geometry":{"type":"Point","coordinates":[-2.77662,53.41714]},"properties":{"id":"1427"}},{"type":"Feature","geometry":{"type":"Point","coordinates":[-2.77877,53.56091]},"properties":{"id":"1429"}},{"type":"Feature","geometry":{"type":"Point","coordinates":[-2.77507,53.36498]},"properties":{"id":"1430"}},{"type":"Feature","geometry":{"type":"Point","coordinates":[-2.77677,53.55561]},"properties":{"id":"1439"}},{"type":"Feature","geometry":{"type":"Point","coordinates":[-2.77504,53.5867]},"properties":{"id":"1449"}},{"type":"Feature","geometry":{"type":"Point","coordinates":[-2.773,53.66175]},"properties":{"id":"1461"}},{"type":"Feature","geometry":{"type":"Point","coordinates":[-2.76657,53.36959]},"properties":{"id":"1468"}},{"type":"Feature","geometry":{"type":"Point","coordinates":[-2.76969,53.56255]},"properties":{"id":"1471"}},{"type":"Feature","geometry":{"type":"Point","coordinates":[-2.77137,53.66775]},"properties":{"id":"1473"}},{"type":"Feature","geometry":{"type":"Point","coordinates":[-2.76535,53.37794]},"properties":{"id":"1477"}},{"type":"Feature","geometry":{"type":"Point","coordinates":[-2.76142,53.20059]},"properties":{"id":"1481"}},{"type":"Feature","geometry":{"type":"Point","coordinates":[-2.76477,53.41674]},"properties":{"id":"1483"}},{"type":"Feature","geometry":{"type":"Point","coordinates":[-2.76548,53.53828]},"properties":{"id":"1488"}},{"type":"Feature","geometry":{"type":"Point","coordinates":[-2.76341,53.43019]},"properties":{"id":"1491"}},{"type":"Feature","geometry":{"type":"Point","coordinates":[-2.76548,53.55994]},"properties":{"id":"1493"}},{"type":"Feature","geometry":{"type":"Point","coordinates":[-2.75588,53.03088]},"properties":{"id":"1496"}},{"type":"Feature","geometry":{"type":"Point","coordinates":[-2.75878,53.27823]},"properties":{"id":"1500"}},{"type":"Feature","geometry":{"type":"Point","coordinates":[-2.76147,53.53591]},"properties":{"id":"1508"}},{"type":"Feature","geometry":{"type":"Point","coordinates":[-2.7549,53.41078]},"properties":{"id":"1524"}},{"type":"Feature","geometry":{"type":"Point","coordinates":[-2.75672,53.53558]},"properties":{"id":"1526"}},{"type":"Feature","geometry":{"type":"Point","coordinates":[-2.75162,53.3272]},"properties":{"id":"1531"}},{"type":"Feature","geometry":{"type":"Point","coordinates":[-2.75498,53.54205]},"properties":{"id":"1532"}},{"type":"Feature","geometry":{"type":"Point","coordinates":[-2.74994,53.25805]},"properties":{"id":"1533"}},{"type":"Feature","geometry":{"type":"Point","coordinates":[-2.74599,53.42778]},"properties":{"id":"1558"}},{"type":"Feature","geometry":{"type":"Point","coordinates":[-2.74767,53.53981]},"properties":{"id":"1559"}},{"type":"Feature","geometry":{"type":"Point","coordinates":[-2.74446,53.37917]},"properties":{"id":"1563"}},{"type":"Feature","geometry":{"type":"Point","coordinates":[-2.74319,53.3811]},"properties":{"id":"1567"}},{"type":"Feature","geometry":{"type":"Point","coordinates":[-2.74757,53.68108]},"properties":{"id":"1569"}},{"type":"Feature","geometry":{"type":"Point","coordinates":[-2.7436,53.46881]},"properties":{"id":"1572"}},{"type":"Feature","geometry":{"type":"Point","coordinates":[-2.74081,53.33481]},"properties":{"id":"1574"}},{"type":"Feature","geometry":{"type":"Point","coordinates":[-2.74152,53.38974]},"properties":{"id":"1575"}},{"type":"Feature","geometry":{"type":"Point","coordinates":[-2.74091,53.37054]},"properties":{"id":"1576"}},{"type":"Feature","geometry":{"type":"Point","coordinates":[-2.74327,53.54371]},"properties":{"id":"1578"}},{"type":"Feature","geometry":{"type":"Point","coordinates":[-2.74305,53.53696]},"properties":{"id":"1579"}},{"type":"Feature","geometry":{"type":"Point","coordinates":[-2.7351,53.179]},"properties":{"id":"1587"}},{"type":"Feature","geometry":{"type":"Point","coordinates":[-2.74112,53.52868]},"properties":{"id":"1588"}},{"type":"Feature","geometry":{"type":"Point","coordinates":[-2.737,53.38594]},"properties":{"id":"1594"}},{"type":"Feature","geometry":{"type":"Point","coordinates":[-2.73729,53.45395]},"properties":{"id":"1597"}},{"type":"Feature","geometry":{"type":"Point","coordinates":[-2.72716,53.02554]},"properties":{"id":"1604"}},{"type":"Feature","geometry":{"type":"Point","coordinates":[-2.73267,53.37995]},"properties":{"id":"1606"}},{"type":"Feature","geometry":{"type":"Point","coordinates":[-2.73271,53.44352]},"properties":{"id":"1611"}},{"type":"Feature","geometry":{"type":"Point","coordinates":[-2.72722,53.17634]},"properties":{"id":"1613"}},{"type":"Feature","geometry":{"type":"Point","coordinates":[-2.73065,53.47175]},"properties":{"id":"1618"}},{"type":"Feature","geometry":{"type":"Point","coordinates":[-2.73361,53.69059]},"properties":{"id":"1620"}},{"type":"Feature","geometry":{"type":"Point","coordinates":[-2.73277,53.69291]},"properties":{"id":"1621"}},{"type":"Feature","geometry":{"type":"Point","coordinates":[-2.72248,53.2067]},"properties":{"id":"1627"}},{"type":"Feature","geometry":{"type":"Point","coordinates":[-2.72582,53.41985]},"properties":{"id":"1630"}},{"type":"Feature","geometry":{"type":"Point","coordinates":[-2.72257,53.45597]},"properties":{"id":"1645"}},{"type":"Feature","geometry":{"type":"Point","coordinates":[-2.72096,53.46223]},"properties":{"id":"1657"}},{"type":"Feature","geometry":{"type":"Point","coordinates":[-2.72264,53.70096]},"properties":{"id":"1665"}},{"type":"Feature","geometry":{"type":"Point","coordinates":[-2.71367,53.36297]},"properties":{"id":"1678"}},{"type":"Feature","geometry":{"type":"Point","coordinates":[-2.71484,53.49264]},"properties":{"id":"1682"}},{"type":"Feature","geometry":{"type":"Point","coordinates":[-2.71648,53.68507]},"properties":{"id":"1694"}},{"type":"Feature","geometry":{"type":"Point","coordinates":[-2.71169,53.51704]},"properties":{"id":"1701"}},{"type":"Feature","geometry":{"type":"Point","coordinates":[-2.70649,53.3273]},"properties":{"id":"1708"}},{"type":"Feature","geometry":{"type":"Point","coordinates":[-2.71041,53.57817]},"properties":{"id":"1711"}},{"type":"Feature","geometry":{"type":"Point","coordinates":[-2.70817,53.51084]},"properties":{"id":"1719"}},{"type":"Feature","geometry":{"type":"Point","coordinates":[-2.71025,53.70532]},"properties":{"id":"1722"}},{"type":"Feature","geometry":{"type":"Point","coordinates":[-2.7046,53.382]},"properties":{"id":"1723"}},{"type":"Feature","geometry":{"type":"Point","coordinates":[-2.70536,53.42901]},"properties":{"id":"1724"}},{"type":"Feature","geometry":{"type":"Point","coordinates":[-2.70381,53.34329]},"properties":{"id":"1725"}},{"type":"Feature","geometry":{"type":"Point","coordinates":[-2.70408,53.54174]},"properties":{"id":"1735"}},{"type":"Feature","geometry":{"type":"Point","coordinates":[-2.70051,53.33652]},"properties":{"id":"1736"}},{"type":"Feature","geometry":{"type":"Point","coordinates":[-2.69871,53.32445]},"properties":{"id":"1742"}},{"type":"Feature","geometry":{"type":"Point","coordinates":[-2.69447,53.2698]},"properties":{"id":"1746"}},{"type":"Feature","geometry":{"type":"Point","coordinates":[-2.69477,53.32776]},"properties":{"id":"1747"}},{"type":"Feature","geometry":{"type":"Point","coordinates":[-2.70051,53.71902]},"properties":{"id":"1748"}},{"type":"Feature","geometry":{"type":"Point","coordinates":[-2.6917,53.32456]},"properties":{"id":"1753"}},{"type":"Feature","geometry":{"type":"Point","coordinates":[-2.69173,53.33861]},"properties":{"id":"1754"}},{"type":"Feature","geometry":{"type":"Point","coordinates":[-2.69108,53.31993]},"properties":{"id":"1757"}},{"type":"Feature","geometry":{"type":"Point","coordinates":[-2.69033,53.3195]},"properties":{"id":"1761"}},{"type":"Feature","geometry":{"type":"Point","coordinates":[-2.69555,53.72256]},"properties":{"id":"1765"}},{"type":"Feature","geometry":{"type":"Point","coordinates":[-2.68817,53.32648]},"properties":{"id":"1767"}},{"type":"Feature","geometry":{"type":"Point","coordinates":[-2.6899,53.46969]},"properties":{"id":"1768"}},{"type":"Feature","geometry":{"type":"Point","coordinates":[-2.68542,53.28048]},"properties":{"id":"1772"}},{"type":"Feature","geometry":{"type":"Point","coordinates":[-2.69251,53.72678]},"properties":{"id":"1774"}},{"type":"Feature","geometry":{"type":"Point","coordinates":[-2.68705,53.44624]},"properties":{"id":"1776"}},{"type":"Feature","geometry":{"type":"Point","coordinates":[-2.69111,53.69802]},"properties":{"id":"1777"}},{"type":"Feature","geometry":{"type":"Point","coordinates":[-2.68391,53.3343]},"properties":{"id":"1782"}},{"type":"Feature","geometry":{"type":"Point","coordinates":[-2.68752,53.66815]},"properties":{"id":"1788"}},{"type":"Feature","geometry":{"type":"Point","coordinates":[-2.68725,53.66819]},"properties":{"id":"1791"}},{"type":"Feature","geometry":{"type":"Point","coordinates":[-2.67935,53.18111]},"properties":{"id":"1792"}},{"type":"Feature","geometry":{"type":"Point","coordinates":[-2.68067,53.27009]},"properties":{"id":"1793"}},{"type":"Feature","geometry":{"type":"Point","coordinates":[-2.68294,53.47339]},"properties":{"id":"1796"}},{"type":"Feature","geometry":{"type":"Point","coordinates":[-2.68368,53.58897]},"properties":{"id":"1798"}},{"type":"Feature","geometry":{"type":"Point","coordinates":[-2.67766,53.31856]},"properties":{"id":"1802"}},{"type":"Feature","geometry":{"type":"Point","coordinates":[-2.66715,53.33788]},"properties":{"id":"1829"}},{"type":"Feature","geometry":{"type":"Point","coordinates":[-2.66817,53.49509]},"properties":{"id":"1832"}},{"type":"Feature","geometry":{"type":"Point","coordinates":[-2.66515,53.35054]},"properties":{"id":"1837"}},{"type":"Feature","geometry":{"type":"Point","coordinates":[-2.66225,53.32601]},"properties":{"id":"1849"}},{"type":"Feature","geometry":{"type":"Point","coordinates":[-2.66134,53.33836]},"properties":{"id":"1852"}},{"type":"Feature","geometry":{"type":"Point","coordinates":[-2.66614,53.66355]},"properties":{"id":"1854"}},{"type":"Feature","geometry":{"type":"Point","coordinates":[-2.65775,53.38757]},"properties":{"id":"1864"}},{"type":"Feature","geometry":{"type":"Point","coordinates":[-2.65994,53.62396]},"properties":{"id":"1869"}},{"type":"Feature","geometry":{"type":"Point","coordinates":[-2.65454,53.31932]},"properties":{"id":"1874"}},{"type":"Feature","geometry":{"type":"Point","coordinates":[-2.65293,53.43031]},"properties":{"id":"1881"}},{"type":"Feature","geometry":{"type":"Point","coordinates":[-2.65499,53.62081]},"properties":{"id":"1883"}},{"type":"Feature","geometry":{"type":"Point","coordinates":[-2.653,53.51851]},"properties":{"id":"1886"}},{"type":"Feature","geometry":{"type":"Point","coordinates":[-2.64924,53.30963]},"properties":{"id":"1890"}},{"type":"Feature","geometry":{"type":"Point","coordinates":[-2.65091,53.50994]},"properties":{"id":"1892"}},{"type":"Feature","geometry":{"type":"Point","coordinates":[-2.64773,53.52581]},"properties":{"id":"1901"}},{"type":"Feature","geometry":{"type":"Point","coordinates":[-2.64911,53.74375]},"properties":{"id":"1905"}},{"type":"Feature","geometry":{"type":"Point","coordinates":[-2.6452,53.56167]},"properties":{"id":"1906"}},{"type":"Feature","geometry":{"type":"Point","coordinates":[-2.64572,53.63774]},"properties":{"id":"1908"}},{"type":"Feature","geometry":{"type":"Point","coordinates":[-2.6424,53.50079]},"properties":{"id":"1909"}},{"type":"Feature","geometry":{"type":"Point","coordinates":[-2.64049,53.47255]},"properties":{"id":"1910"}},{"type":"Feature","geometry":{"type":"Point","coordinates":[-2.63987,53.53346]},"properties":{"id":"1916"}},{"type":"Feature","geometry":{"type":"Point","coordinates":[-2.64152,53.72038]},"properties":{"id":"1919"}},{"type":"Feature","geometry":{"type":"Point","coordinates":[-2.63761,53.47941]},"properties":{"id":"1920"}},{"type":"Feature","geometry":{"type":"Point","coordinates":[-2.64052,53.72147]},"properties":{"id":"1924"}},{"type":"Feature","geometry":{"type":"Point","coordinates":[-2.64034,53.71883]},"properties":{"id":"1925"}},{"type":"Feature","geometry":{"type":"Point","coordinates":[-2.63979,53.72165]},"properties":{"id":"1929"}},{"type":"Feature","geometry":{"type":"Point","coordinates":[-2.63877,53.70686]},"properties":{"id":"1933"}},{"type":"Feature","geometry":{"type":"Point","coordinates":[-2.63541,53.66391]},"properties":{"id":"1940"}},{"type":"Feature","geometry":{"type":"Point","coordinates":[-2.63271,53.49694]},"properties":{"id":"1941"}},{"type":"Feature","geometry":{"type":"Point","coordinates":[-2.63444,53.69692]},"properties":{"id":"1947"}},{"type":"Feature","geometry":{"type":"Point","coordinates":[-2.62972,53.40686]},"properties":{"id":"1948"}},{"type":"Feature","geometry":{"type":"Point","coordinates":[-2.62943,53.40367]},"properties":{"id":"1949"}},{"type":"Feature","geometry":{"type":"Point","coordinates":[-2.63124,53.56143]},"properties":{"id":"1951"}},{"type":"Feature","geometry":{"type":"Point","coordinates":[-2.62821,53.39738]},"properties":{"id":"1955"}},{"type":"Feature","geometry":{"type":"Point","coordinates":[-2.62758,53.40758]},"properties":{"id":"1958"}},{"type":"Feature","geometry":{"type":"Point","coordinates":[-2.62434,53.41728]},"properties":{"id":"1962"}},{"type":"Feature","geometry":{"type":"Point","coordinates":[-2.62599,53.66879]},"properties":{"id":"1963"}},{"type":"Feature","geometry":{"type":"Point","coordinates":[-2.62198,53.40087]},"properties":{"id":"1964"}},{"type":"Feature","geometry":{"type":"Point","coordinates":[-2.61725,53.24276]},"properties":{"id":"1969"}},{"type":"Feature","geometry":{"type":"Point","coordinates":[-2.6185,53.45274]},"properties":{"id":"1973"}},{"type":"Feature","geometry":{"type":"Point","coordinates":[-2.61926,53.64112]},"properties":{"id":"1975"}},{"type":"Feature","geometry":{"type":"Point","coordinates":[-2.62008,53.7343]},"properties":{"id":"1977"}},{"type":"Feature","geometry":{"type":"Point","coordinates":[-2.61745,53.66347]},"properties":{"id":"1978"}},{"type":"Feature","geometry":{"type":"Point","coordinates":[-2.61581,53.67451]},"properties":{"id":"1982"}},{"type":"Feature","geometry":{"type":"Point","coordinates":[-2.61306,53.55364]},"properties":{"id":"1983"}},{"type":"Feature","geometry":{"type":"Point","coordinates":[-2.61431,53.64849]},"properties":{"id":"1985"}},{"type":"Feature","geometry":{"type":"Point","coordinates":[-2.61212,53.62248]},"properties":{"id":"1991"}},{"type":"Feature","geometry":{"type":"Point","coordinates":[-2.60542,53.38742]},"properties":{"id":"1995"}},{"type":"Feature","geometry":{"type":"Point","coordinates":[-2.60123,53.24014]},"properties":{"id":"1998"}},{"type":"Feature","geometry":{"type":"Point","coordinates":[-2.60578,53.6146]},"properties":{"id":"1999"}},{"type":"Feature","geometry":{"type":"Point","coordinates":[-2.59899,53.55662]},"properties":{"id":"2018"}},{"type":"Feature","geometry":{"type":"Point","coordinates":[-2.59162,53.38243]},"properties":{"id":"2024"}},{"type":"Feature","geometry":{"type":"Point","coordinates":[-2.59326,53.50784]},"properties":{"id":"2025"}},{"type":"Feature","geometry":{"type":"Point","coordinates":[-2.593,53.55585]},"properties":{"id":"2026"}},{"type":"Feature","geometry":{"type":"Point","coordinates":[-2.59033,53.38898]},"properties":{"id":"2027"}},{"type":"Feature","geometry":{"type":"Point","coordinates":[-2.59074,53.50531]},"properties":{"id":"2030"}},{"type":"Feature","geometry":{"type":"Point","coordinates":[-2.58651,53.22232]},"properties":{"id":"2033"}},{"type":"Feature","geometry":{"type":"Point","coordinates":[-2.58674,53.26434]},"properties":{"id":"2034"}},{"type":"Feature","geometry":{"type":"Point","coordinates":[-2.58535,53.23407]},"properties":{"id":"2036"}},{"type":"Feature","geometry":{"type":"Point","coordinates":[-2.57894,53.20776]},"properties":{"id":"2044"}},{"type":"Feature","geometry":{"type":"Point","coordinates":[-2.58221,53.47555]},"properties":{"id":"2046"}},{"type":"Feature","geometry":{"type":"Point","coordinates":[-2.58114,53.40053]},"properties":{"id":"2047"}},{"type":"Feature","geometry":{"type":"Point","coordinates":[-2.57682,53.26343]},"properties":{"id":"2053"}},{"type":"Feature","geometry":{"type":"Point","coordinates":[-2.57133,53.34693]},"properties":{"id":"2064"}},{"type":"Feature","geometry":{"type":"Point","coordinates":[-2.5702,53.36982]},"properties":{"id":"2067"}},{"type":"Feature","geometry":{"type":"Point","coordinates":[-2.56629,53.41971]},"properties":{"id":"2078"}},{"type":"Feature","geometry":{"type":"Point","coordinates":[-2.56421,53.41243]},"properties":{"id":"2083"}},{"type":"Feature","geometry":{"type":"Point","coordinates":[-2.56177,53.69588]},"properties":{"id":"2094"}},{"type":"Feature","geometry":{"type":"Point","coordinates":[-2.55572,53.43723]},"properties":{"id":"2097"}},{"type":"Feature","geometry":{"type":"Point","coordinates":[-2.55199,53.18455]},"properties":{"id":"2099"}},{"type":"Feature","geometry":{"type":"Point","coordinates":[-2.55581,53.5308]},"properties":{"id":"2101"}},{"type":"Feature","geometry":{"type":"Point","coordinates":[-2.55489,53.47426]},"properties":{"id":"2102"}},{"type":"Feature","geometry":{"type":"Point","coordinates":[-2.55302,53.36157]},"properties":{"id":"2103"}},{"type":"Feature","geometry":{"type":"Point","coordinates":[-2.5473,53.18738]},"properties":{"id":"2107"}},{"type":"Feature","geometry":{"type":"Point","coordinates":[-2.55082,53.5975]},"properties":{"id":"2110"}},{"type":"Feature","geometry":{"type":"Point","coordinates":[-2.54705,53.4096]},"properties":{"id":"2111"}},{"type":"Feature","geometry":{"type":"Point","coordinates":[-2.54697,53.49434]},"properties":{"id":"2113"}},{"type":"Feature","geometry":{"type":"Point","coordinates":[-2.54201,53.27198]},"properties":{"id":"2117"}},{"type":"Feature","geometry":{"type":"Point","coordinates":[-2.54502,53.56786]},"properties":{"id":"2121"}},{"type":"Feature","geometry":{"type":"Point","coordinates":[-2.5407,53.24453]},"properties":{"id":"2124"}},{"type":"Feature","geometry":{"type":"Point","coordinates":[-2.5465,53.72271]},"properties":{"id":"2125"}},{"type":"Feature","geometry":{"type":"Point","coordinates":[-2.53934,53.4122]},"properties":{"id":"2131"}},{"type":"Feature","geometry":{"type":"Point","coordinates":[-2.53794,53.42461]},"properties":{"id":"2135"}},{"type":"Feature","geometry":{"type":"Point","coordinates":[-2.53537,53.39844]},"properties":{"id":"2143"}},{"type":"Feature","geometry":{"type":"Point","coordinates":[-2.53487,53.45924]},"properties":{"id":"2148"}},{"type":"Feature","geometry":{"type":"Point","coordinates":[-2.52989,53.18718]},"properties":{"id":"2155"}},{"type":"Feature","geometry":{"type":"Point","coordinates":[-2.52302,53.41864]},"properties":{"id":"2179"}},{"type":"Feature","geometry":{"type":"Point","coordinates":[-2.52661,53.72922]},"properties":{"id":"2180"}},{"type":"Feature","geometry":{"type":"Point","coordinates":[-2.52177,53.55272]},"properties":{"id":"2186"}},{"type":"Feature","geometry":{"type":"Point","coordinates":[-2.51956,53.40041]},"properties":{"id":"2187"}},{"type":"Feature","geometry":{"type":"Point","coordinates":[-2.51817,53.43081]},"properties":{"id":"2191"}},{"type":"Feature","geometry":{"type":"Point","coordinates":[-2.51443,53.20065]},"properties":{"id":"2193"}},{"type":"Feature","geometry":{"type":"Point","coordinates":[-2.51205,53.07745]},"properties":{"id":"2194"}},{"type":"Feature","geometry":{"type":"Point","coordinates":[-2.51686,53.53478]},"properties":{"id":"2197"}},{"type":"Feature","geometry":{"type":"Point","coordinates":[-2.51514,53.42175]},"properties":{"id":"2198"}},{"type":"Feature","geometry":{"type":"Point","coordinates":[-2.51842,53.73385]},"properties":{"id":"2201"}},{"type":"Feature","geometry":{"type":"Point","coordinates":[-2.5147,53.45327]},"properties":{"id":"2204"}},{"type":"Feature","geometry":{"type":"Point","coordinates":[-2.51019,53.22185]},"properties":{"id":"2206"}},{"type":"Feature","geometry":{"type":"Point","coordinates":[-2.50823,53.20316]},"properties":{"id":"2211"}},{"type":"Feature","geometry":{"type":"Point","coordinates":[-2.50785,53.52279]},"properties":{"id":"2224"}},{"type":"Feature","geometry":{"type":"Point","coordinates":[-2.50465,53.42946]},"properties":{"id":"2231"}},{"type":"Feature","geometry":{"type":"Point","coordinates":[-2.5042,53.42664]},"properties":{"id":"2232"}},{"type":"Feature","geometry":{"type":"Point","coordinates":[-2.50706,53.72784]},"properties":{"id":"2234"}},{"type":"Feature","geometry":{"type":"Point","coordinates":[-2.50412,53.53174]},"properties":{"id":"2236"}},{"type":"Feature","geometry":{"type":"Point","coordinates":[-2.50402,53.72987]},"properties":{"id":"2241"}},{"type":"Feature","geometry":{"type":"Point","coordinates":[-2.49526,53.47088]},"properties":{"id":"2256"}},{"type":"Feature","geometry":{"type":"Point","coordinates":[-2.49148,53.19274]},"properties":{"id":"2257"}},{"type":"Feature","geometry":{"type":"Point","coordinates":[-2.49235,53.28558]},"properties":{"id":"2258"}},{"type":"Feature","geometry":{"type":"Point","coordinates":[-2.49712,53.74387]},"properties":{"id":"2260"}},{"type":"Feature","geometry":{"type":"Point","coordinates":[-2.49015,53.19153]},"properties":{"id":"2263"}},{"type":"Feature","geometry":{"type":"Point","coordinates":[-2.49199,53.45907]},"properties":{"id":"2267"}},{"type":"Feature","geometry":{"type":"Point","coordinates":[-2.4929,53.6368]},"properties":{"id":"2270"}},{"type":"Feature","geometry":{"type":"Point","coordinates":[-2.49341,53.73426]},"properties":{"id":"2272"}},{"type":"Feature","geometry":{"type":"Point","coordinates":[-2.48486,53.09643]},"properties":{"id":"2277"}},{"type":"Feature","geometry":{"type":"Point","coordinates":[-2.48387,53.38425]},"properties":{"id":"2286"}},{"type":"Feature","geometry":{"type":"Point","coordinates":[-2.47818,53.22573]},"properties":{"id":"2296"}},{"type":"Feature","geometry":{"type":"Point","coordinates":[-2.47461,53.28219]},"properties":{"id":"2305"}},{"type":"Feature","geometry":{"type":"Point","coordinates":[-2.47222,53.25177]},"properties":{"id":"2310"}},{"type":"Feature","geometry":{"type":"Point","coordinates":[-2.46686,53.70175]},"properties":{"id":"2340"}},{"type":"Feature","geometry":{"type":"Point","coordinates":[-2.45747,53.11347]},"properties":{"id":"2352"}},{"type":"Feature","geometry":{"type":"Point","coordinates":[-2.45499,53.07803]},"properties":{"id":"2356"}},{"type":"Feature","geometry":{"type":"Point","coordinates":[-2.45476,53.0957]},"properties":{"id":"2360"}},{"type":"Feature","geometry":{"type":"Point","coordinates":[-2.45349,53.11604]},"properties":{"id":"2367"}},{"type":"Feature","geometry":{"type":"Point","coordinates":[-2.45356,53.35182]},"properties":{"id":"2374"}},{"type":"Feature","geometry":{"type":"Point","coordinates":[-2.45475,53.59829]},"properties":{"id":"2382"}},{"type":"Feature","geometry":{"type":"Point","coordinates":[-2.45454,53.58767]},"properties":{"id":"2383"}},{"type":"Feature","geometry":{"type":"Point","coordinates":[-3.0724,53.41166]},"properties":{"id":"8567"}},{"type":"Feature","geometry":{"type":"Point","coordinates":[-2.97471,53.38447]},"properties":{"id":"8577"}},{"type":"Feature","geometry":{"type":"Point","coordinates":[-2.92284,53.38131]},"properties":{"id":"8582"}},{"type":"Feature","geometry":{"type":"Point","coordinates":[-2.88271,53.26022]},"properties":{"id":"8587"}},{"type":"Feature","geometry":{"type":"Point","coordinates":[-2.79234,53.1994]},"properties":{"id":"8612"}},{"type":"Feature","geometry":{"type":"Point","coordinates":[-2.7588,53.73084]},"properties":{"id":"8626"}},{"type":"Feature","geometry":{"type":"Point","coordinates":[-2.7485,53.44422]},"properties":{"id":"8627"}},{"type":"Feature","geometry":{"type":"Point","coordinates":[-2.7385,53.74962]},"properties":{"id":"8635"}},{"type":"Feature","geometry":{"type":"Point","coordinates":[-2.72066,53.67017]},"properties":{"id":"8640"}},{"type":"Feature","geometry":{"type":"Point","coordinates":[-2.72115,53.7327]},"properties":{"id":"8642"}},{"type":"Feature","geometry":{"type":"Point","coordinates":[-2.66373,53.5314]},"properties":{"id":"8652"}},{"type":"Feature","geometry":{"type":"Point","coordinates":[-2.56976,53.5359]},"properties":{"id":"8668"}},{"type":"Feature","geometry":{"type":"Point","coordinates":[-2.56914,53.5903]},"properties":{"id":"8670"}},{"type":"Feature","geometry":{"type":"Point","coordinates":[-2.54824,53.52795]},"properties":{"id":"8677"}},{"type":"Feature","geometry":{"type":"Point","coordinates":[-2.51583,53.52959]},"properties":{"id":"8685"}},{"type":"Feature","geometry":{"type":"Point","coordinates":[-2.49712,53.74387]},"properties":{"id":"8690"}},{"type":"Feature","geometry":{"type":"Point","coordinates":[-2.47411,53.70146]},"properties":{"id":"8704"}},{"type":"Feature","geometry":{"type":"Point","coordinates":[-2.46426,53.55655]},"properties":{"id":"8713"}},{"type":"Feature","geometry":{"type":"Point","coordinates":[-2.45476,53.0957]},"properties":{"id":"8714"}},{"type":"Feature","geometry":{"type":"Point","coordinates":[-2.45508,53.56179]},"properties":{"id":"8715"}},{"type":"Feature","geometry":{"type":"Point","coordinates":[-2.69111,53.69802]},"properties":{"id":"9440"}}]}