{"type":"FeatureCollection","features":[{"type":"Feature","properties":{"pressure":"HPL","kind":"main","asset_id":"888888012202","spec":"219MM ST","diameter_mm":219,"material":"ST","surveyed":"20241127"},"geometry":{"type":"LineString","coordinates":[[-3.028541,53.580415],[-3.028636,53.5805],[-3.02892,53.58078],[-3.02928,53.581154],[-3.029892,53.581751],[-3.030312,53.582147]]}},{"type":"Feature","properties":{"pressure":"HPL","kind":"main","asset_id":"888888012200","spec":"219MM ST","diameter_mm":219,"material":"ST","surveyed":"20250729"},"geometry":{"type":"LineString","coordinates":[[-3.016187,53.568784],[-3.016491,53.56899],[-3.016729,53.569151],[-3.017215,53.569511],[-3.017768,53.569911],[-3.018315,53.570343],[-3.01832,53.570346]]}},{"type":"Feature","properties":{"pressure":"HPL","kind":"main","asset_id":"888888012179","spec":"219MM ST","diameter_mm":219,"material":"ST","surveyed":"20250729"},"geometry":{"type":"LineString","coordinates":[[-3.01847,53.570463],[-3.01862,53.570581],[-3.01845,53.570652],[-3.01983,53.571866],[-3.020265,53.572269],[-3.02053,53.572503],[-3.020795,53.572762],[-3.020805,53.572771]]}},{"type":"Feature","properties":{"pressure":"HPL","kind":"main","asset_id":"900000299814","spec":"219MM ST","diameter_mm":219,"material":"ST","surveyed":"20250729"},"geometry":{"type":"LineString","coordinates":[[-3.01832,53.570346],[-3.01847,53.570463]]}},{"type":"Feature","properties":{"pressure":"HPL","kind":"main","asset_id":"888888012179","spec":"219MM ST","diameter_mm":219,"material":"ST","surveyed":"20241127"},"geometry":{"type":"LineString","coordinates":[[-3.020805,53.572771],[-3.021277,53.573235]]}},{"type":"Feature","properties":{"pressure":"HPL","kind":"main","asset_id":"888888012199","spec":"219MM ST","diameter_mm":219,"material":"ST","surveyed":"20241130"},"geometry":{"type":"LineString","coordinates":[[-3.013113,53.566873],[-3.013161,53.566901],[-3.013345,53.567012],[-3.013674,53.567212],[-3.013837,53.567307],[-3.0142,53.56755],[-3.015176,53.56814],[-3.015478,53.56833],[-3.015897,53.568598]]}},{"type":"Feature","properties":{"pressure":"HPL","kind":"main","asset_id":"888888012200","spec":"219MM ST","diameter_mm":219,"material":"ST","surveyed":"20241130"},"geometry":{"type":"LineString","coordinates":[[-3.015897,53.568598],[-3.016107,53.568733],[-3.016166,53.568771],[-3.016187,53.568784]]}},{"type":"Feature","properties":{"pressure":"HPL","kind":"main","asset_id":"888888012202","spec":"219MM ST","diameter_mm":219,"material":"ST","surveyed":"20241127"},"geometry":{"type":"LineString","coordinates":[[-3.025826,53.577691],[-3.025845,53.577711],[-3.026509,53.578388],[-3.026731,53.578626],[-3.026846,53.578743],[-3.027227,53.579124],[-3.027487,53.579375],[-3.02777,53.579663],[-3.028056,53.579948],[-3.028338,53.580236],[-3.028541,53.580415]]}},{"type":"Feature","properties":{"pressure":"HPL","kind":"main","asset_id":"888888012179","spec":"219MM ST","diameter_mm":219,"material":"ST","surveyed":"20241221"},"geometry":{"type":"LineString","coordinates":[[-3.021277,53.573235],[-3.021281,53.573239],[-3.021302,53.57326],[-3.021914,53.573903],[-3.022179,53.57418],[-3.022312,53.574318],[-3.022589,53.574593],[-3.023054,53.575081],[-3.02334,53.575377],[-3.023638,53.575677],[-3.023929,53.575978],[-3.024227,53.576277],[-3.024528,53.576578],[-3.024827,53.576878],[-3.025126,53.577138]]}},{"type":"Feature","properties":{"pressure":"HPL","kind":"main","asset_id":"888888012201","spec":"219MM ST","diameter_mm":219,"material":"ST","surveyed":"20241221"},"geometry":{"type":"LineString","coordinates":[[-3.025126,53.577138],[-3.025175,53.577181],[-3.025238,53.577247]]}},{"type":"Feature","properties":{"pressure":"HPL","kind":"main","asset_id":"888888012202","spec":"219MM ST","diameter_mm":219,"material":"ST","surveyed":"20241221"},"geometry":{"type":"LineString","coordinates":[[-3.025238,53.577247],[-3.025267,53.577277],[-3.025425,53.577502],[-3.025689,53.57755],[-3.025826,53.577691]]}},{"type":"Feature","properties":{"pressure":"HPL","kind":"main","asset_id":"888888012186","spec":"219MM ST","diameter_mm":219,"material":"ST","surveyed":"20250424"},"geometry":{"type":"LineString","coordinates":[[-3.00201,53.559915],[-3.002012,53.559917],[-3.002103,53.559972]]}},{"type":"Feature","properties":{"pressure":"HPL","kind":"main","asset_id":"888888012187","spec":"219MM ST","diameter_mm":219,"material":"ST","surveyed":"20250424"},"geometry":{"type":"LineString","coordinates":[[-3.002103,53.559972],[-3.002188,53.560024],[-3.002237,53.560054]]}},{"type":"Feature","properties":{"pressure":"HPL","kind":"main","asset_id":"888888012188","spec":"219MM ST","diameter_mm":219,"material":"ST","surveyed":"20250424"},"geometry":{"type":"LineString","coordinates":[[-3.002237,53.560054],[-3.002693,53.560332],[-3.003183,53.560642],[-3.003545,53.560865]]}},{"type":"Feature","properties":{"pressure":"HPL","kind":"main","asset_id":"888888012189","spec":"219MM ST","diameter_mm":219,"material":"ST","surveyed":"20250424"},"geometry":{"type":"LineString","coordinates":[[-3.003545,53.560865],[-3.003701,53.560961]]}},{"type":"Feature","properties":{"pressure":"HPL","kind":"main","asset_id":"888888012190","spec":"219MM ST","diameter_mm":219,"material":"ST","surveyed":"20250424"},"geometry":{"type":"LineString","coordinates":[[-3.003701,53.560961],[-3.004464,53.561433],[-3.004905,53.561674],[-3.005002,53.561739]]}},{"type":"Feature","properties":{"pressure":"HPL","kind":"main","asset_id":"888888012191","spec":"219MM ST","diameter_mm":219,"material":"ST","surveyed":"20250424"},"geometry":{"type":"LineString","coordinates":[[-3.005002,53.561739],[-3.005094,53.561802],[-3.005118,53.561818]]}},{"type":"Feature","properties":{"pressure":"HPL","kind":"main","asset_id":"888888012192","spec":"219MM ST","diameter_mm":219,"material":"ST","surveyed":"20250424"},"geometry":{"type":"LineString","coordinates":[[-3.005118,53.561818],[-3.005448,53.562036]]}},{"type":"Feature","properties":{"pressure":"HPL","kind":"main","asset_id":"888888012192","spec":"219MM ST","diameter_mm":219,"material":"ST","surveyed":"20250424"},"geometry":{"type":"LineString","coordinates":[[-3.005448,53.562036],[-3.00547,53.562051],[-3.005482,53.562058],[-3.005925,53.562335]]}},{"type":"Feature","properties":{"pressure":"HPL","kind":"main","asset_id":"888888012193","spec":"219MM ST","diameter_mm":219,"material":"ST","surveyed":"20250424"},"geometry":{"type":"LineString","coordinates":[[-3.005925,53.562335],[-3.006095,53.56244]]}},{"type":"Feature","properties":{"pressure":"HPL","kind":"main","asset_id":"888888012194","spec":"219MM ST","diameter_mm":219,"material":"ST","surveyed":"20250424"},"geometry":{"type":"LineString","coordinates":[[-3.006095,53.56244],[-3.006639,53.562779],[-3.006991,53.562996]]}},{"type":"Feature","properties":{"pressure":"HPL","kind":"main","asset_id":"888888012195","spec":"219MM ST","diameter_mm":219,"material":"ST","surveyed":"20250424"},"geometry":{"type":"LineString","coordinates":[[-3.006991,53.562996],[-3.007022,53.563016],[-3.007189,53.56312]]}},{"type":"Feature","properties":{"pressure":"HPL","kind":"main","asset_id":"888888012197","spec":"219MM ST","diameter_mm":219,"material":"ST","surveyed":"20250424"},"geometry":{"type":"LineString","coordinates":[[-3.007712,53.563446],[-3.008001,53.563625],[-3.008113,53.563692],[-3.008123,53.563699]]}},{"type":"Feature","properties":{"pressure":"HPL","kind":"main","asset_id":"888888012198","spec":"219MM ST","diameter_mm":219,"material":"ST","surveyed":"20250424"},"geometry":{"type":"LineString","coordinates":[[-3.008123,53.563699],[-3.008222,53.563763],[-3.008316,53.563829],[-3.00842,53.563903],[-3.008543,53.563989],[-3.009103,53.56435]]}},{"type":"Feature","properties":{"pressure":"HPL","kind":"main","asset_id":"888888012196","spec":"219MM ST","diameter_mm":219,"material":"ST","surveyed":"20250424"},"geometry":{"type":"LineString","coordinates":[[-3.007412,53.563258],[-3.007712,53.563446]]}},{"type":"Feature","properties":{"pressure":"HPL","kind":"main","asset_id":"220002014822","spec":"219MM ST","diameter_mm":219,"material":"ST","surveyed":"20250424"},"geometry":{"type":"LineString","coordinates":[[-3.007189,53.56312],[-3.007412,53.563258]]}},{"type":"Feature","properties":{"pressure":"HPL","kind":"main","asset_id":"888888012186","spec":"219MM ST","diameter_mm":219,"material":"ST","surveyed":"20250424"},"geometry":{"type":"LineString","coordinates":[[-2.997789,53.557342],[-2.997826,53.557339],[-3.000107,53.558727],[-3.000475,53.558965],[-3.000652,53.559079],[-3.000853,53.559206],[-3.001268,53.559457],[-3.001681,53.559715],[-3.00201,53.559915]]}},{"type":"Feature","properties":{"pressure":"HPL","kind":"main","asset_id":"888888012198","spec":"219MM ST","diameter_mm":219,"material":"ST","surveyed":"20250424"},"geometry":{"type":"LineString","coordinates":[[-3.009103,53.56435],[-3.009105,53.564352],[-3.009672,53.564722],[-3.010584,53.565296],[-3.010977,53.565545],[-3.011383,53.565803],[-3.011506,53.56588]]}},{"type":"Feature","properties":{"pressure":"HPL","kind":"main","asset_id":"888888012199","spec":"219MM ST","diameter_mm":219,"material":"ST","surveyed":"20250424"},"geometry":{"type":"LineString","coordinates":[[-3.011506,53.56588],[-3.011784,53.566054],[-3.012194,53.566312],[-3.012385,53.566431],[-3.012578,53.566551],[-3.012768,53.566667],[-3.013113,53.566873]]}},{"type":"Feature","properties":{"pressure":"HPL","kind":"main","asset_id":"888888012186","spec":"219MM ST","diameter_mm":219,"material":"ST","surveyed":"20241127"},"geometry":{"type":"LineString","coordinates":[[-2.982435,53.546227],[-2.982519,53.546318],[-2.982761,53.546592]]}},{"type":"Feature","properties":{"pressure":"HPL","kind":"main","asset_id":"888888012186","spec":"219MM ST","diameter_mm":219,"material":"ST","surveyed":"20241221"},"geometry":{"type":"LineString","coordinates":[[-2.987694,53.551046],[-2.987701,53.551051],[-2.987846,53.551157],[-2.988269,53.551475],[-2.988626,53.551724],[-2.988812,53.551848],[-2.988992,53.551972],[-2.989402,53.552256],[-2.989764,53.552493],[-2.990133,53.552724]]}},{"type":"Feature","properties":{"pressure":"HPL","kind":"main","asset_id":"888888012186","spec":"219MM ST","diameter_mm":219,"material":"ST","surveyed":"20251211"},"geometry":{"type":"LineString","coordinates":[[-2.990133,53.552724],[-2.990555,53.552994],[-2.990891,53.553208],[-2.991247,53.553431],[-2.991603,53.553657],[-2.991962,53.553881],[-2.992369,53.554124],[-2.992573,53.554248],[-2.992773,53.554367],[-2.993181,53.55461],[-2.993506,53.554802],[-2.993666,53.554899],[-2.99383,53.554994],[-2.994048,53.555116],[-2.994488,53.555358],[-2.994682,53.555476],[-2.994693,53.555482]]}},{"type":"Feature","properties":{"pressure":"HPL","kind":"main","asset_id":"888888012186","spec":"219MM ST","diameter_mm":219,"material":"ST","surveyed":"20250815"},"geometry":{"type":"LineString","coordinates":[[-2.982761,53.546592],[-2.982763,53.546595],[-2.982997,53.546889],[-2.983232,53.547162],[-2.983636,53.547569],[-2.98381,53.547722],[-2.984074,53.547982],[-2.984145,53.548051],[-2.984211,53.548116],[-2.984349,53.548244],[-2.98453,53.548401],[-2.985043,53.548865],[-2.985291,53.549086],[-2.985414,53.549201],[-2.985546,53.549333],[-2.985812,53.549556],[-2.985852,53.54959],[-2.985919,53.549646],[-2.986102,53.549794],[-2.986253,53.549916],[-2.986289,53.549943],[-2.986387,53.550026],[-2.986562,53.550173],[-2.986904,53.550442],[-2.987068,53.550573],[-2.987285,53.550741],[-2.987536,53.550931],[-2.987694,53.551046]]}},{"type":"Feature","properties":{"pressure":"HPL","kind":"main","asset_id":"888888012186","spec":"219MM ST","diameter_mm":219,"material":"ST","surveyed":"20251001"},"geometry":{"type":"LineString","coordinates":[[-2.994693,53.555482],[-2.99483,53.555565],[-2.99512,53.555748],[-2.995768,53.556151],[-2.996176,53.556411],[-2.996388,53.556537],[-2.996578,53.55665],[-2.99734,53.557103],[-2.997707,53.557345],[-2.997759,53.557344],[-2.997789,53.557342]]}},{"type":"Feature","properties":{"pressure":"HPL","kind":"main","asset_id":"888888012186","spec":"219MM ST","diameter_mm":219,"material":"ST","surveyed":"20250424"},"geometry":{"type":"LineString","coordinates":[[-2.968984,53.524233],[-2.969034,53.52432],[-2.969124,53.524473],[-2.969308,53.524778],[-2.969666,53.525384],[-2.969932,53.525842],[-2.970202,53.526347],[-2.970698,53.527192],[-2.971173,53.528004],[-2.971358,53.528313],[-2.971516,53.52858],[-2.971588,53.528705],[-2.971588,53.528706]]}},{"type":"Feature","properties":{"pressure":"HPL","kind":"main","asset_id":"888888012186","spec":"219MM ST","diameter_mm":219,"material":"ST","surveyed":"20250424"},"geometry":{"type":"LineString","coordinates":[[-2.966966,53.520822],[-2.967139,53.521122],[-2.967311,53.521426],[-2.967564,53.521885],[-2.967868,53.522387],[-2.968062,53.522716],[-2.968287,53.523059],[-2.968589,53.523566],[-2.968885,53.524065],[-2.968983,53.524232],[-2.968984,53.524233]]}},{"type":"Feature","properties":{"pressure":"HPL","kind":"main","asset_id":"888888012186","spec":"219MM ST","diameter_mm":219,"material":"ST","surveyed":"20250424"},"geometry":{"type":"LineString","coordinates":[[-2.966755,53.520445],[-2.966965,53.520821],[-2.966966,53.520822]]}},{"type":"Feature","properties":{"pressure":"HPL","kind":"main","asset_id":"220000072297","spec":"219MM ST","diameter_mm":219,"material":"ST","surveyed":"20250424"},"geometry":{"type":"LineString","coordinates":[[-2.966966,53.520822],[-2.96695,53.520826],[-2.96685,53.520846]]}},{"type":"Feature","properties":{"pressure":"HPL","kind":"main","asset_id":"888888012186","spec":"219MM ST","diameter_mm":219,"material":"ST","surveyed":"20241127"},"geometry":{"type":"LineString","coordinates":[[-2.974184,53.533179],[-2.974269,53.533321],[-2.974605,53.533873]]}},{"type":"Feature","properties":{"pressure":"HPL","kind":"main","asset_id":"888888012186","spec":"219MM ST","diameter_mm":219,"material":"ST","surveyed":"20251128"},"geometry":{"type":"LineString","coordinates":[[-2.974605,53.533873],[-2.974616,53.53389],[-2.974626,53.533906],[-2.974713,53.53405],[-2.974898,53.534333],[-2.975093,53.534629],[-2.97533,53.535025],[-2.975456,53.535234],[-2.975643,53.535559],[-2.975733,53.535719],[-2.975892,53.536036],[-2.976273,53.536683],[-2.976653,53.537329],[-2.976842,53.537652]]}},{"type":"Feature","properties":{"pressure":"HPL","kind":"main","asset_id":"888888012186","spec":"219MM ST","diameter_mm":219,"material":"ST","surveyed":"20250424"},"geometry":{"type":"LineString","coordinates":[[-2.971588,53.528706],[-2.971922,53.52928],[-2.972083,53.529554],[-2.972243,53.529827],[-2.972416,53.530124],[-2.97276,53.530717],[-2.972845,53.530866],[-2.972931,53.531017],[-2.973105,53.531317],[-2.973191,53.531468],[-2.973267,53.531605],[-2.973425,53.531879],[-2.973581,53.532151],[-2.973764,53.532453],[-2.974108,53.533055],[-2.974184,53.533178],[-2.974184,53.533179]]}},{"type":"Feature","properties":{"pressure":"HPL","kind":"main","asset_id":"888888012186","spec":"219MM ST","diameter_mm":219,"material":"ST","surveyed":"20250424"},"geometry":{"type":"LineString","coordinates":[[-2.979463,53.542125],[-2.979496,53.542183],[-2.979668,53.542475],[-2.979754,53.54262],[-2.979928,53.542909],[-2.980008,53.543054],[-2.980209,53.543348],[-2.980409,53.543643],[-2.980599,53.543914],[-2.980757,53.544162],[-2.981008,53.544515],[-2.981127,53.544676],[-2.981247,53.544837],[-2.981309,53.54492],[-2.981542,53.545221],[-2.981695,53.545394],[-2.98196,53.545685],[-2.982247,53.546024],[-2.982435,53.546227]]}},{"type":"Feature","properties":{"pressure":"HPL","kind":"main","asset_id":"888888012186","spec":"219MM ST","diameter_mm":219,"material":"ST","surveyed":"20250725"},"geometry":{"type":"LineString","coordinates":[[-2.976842,53.537652],[-2.976843,53.537652],[-2.977021,53.537953],[-2.977117,53.538109],[-2.977565,53.538897],[-2.977761,53.539224],[-2.977829,53.539339],[-2.977895,53.539449],[-2.97796,53.539551],[-2.978167,53.539878],[-2.978359,53.540206],[-2.978552,53.540534],[-2.978742,53.540859],[-2.978937,53.541186],[-2.979108,53.541499],[-2.979286,53.541809],[-2.979374,53.541965],[-2.979463,53.542125]]}},{"type":"Feature","properties":{"pressure":"HPL","kind":"main","asset_id":"888888012182","spec":"219MM ST","diameter_mm":219,"material":"ST","surveyed":"20250424"},"geometry":{"type":"LineString","coordinates":[[-2.951224,53.500463],[-2.952532,53.501893]]}},{"type":"Feature","properties":{"pressure":"HPL","kind":"main","asset_id":"220001631635","spec":"8\" ST","diameter_mm":203,"material":"ST","surveyed":"20251215"},"geometry":{"type":"LineString","coordinates":[[-2.958946,53.508617],[-2.958919,53.508592]]}},{"type":"Feature","properties":{"pressure":"HPL","kind":"main","asset_id":"888888011437","spec":"55MM ST","diameter_mm":55,"material":"ST","surveyed":"20251105"},"geometry":{"type":"LineString","coordinates":[[-2.960264,53.508272],[-2.960135,53.508097],[-2.959185,53.508333],[-2.959111,53.508226],[-2.959059,53.508239]]}},{"type":"Feature","properties":{"pressure":"HPL","kind":"main","asset_id":"888888012185","spec":"219MM ST","diameter_mm":219,"material":"ST","surveyed":"20251105"},"geometry":{"type":"LineString","coordinates":[[-2.959066,53.50866],[-2.959066,53.508661],[-2.959065,53.50868],[-2.959111,53.508736],[-2.959102,53.508819],[-2.959021,53.508843],[-2.959028,53.508852]]}},{"type":"Feature","properties":{"pressure":"HPL","kind":"main","asset_id":"888888012185","spec":"219MM ST","diameter_mm":219,"material":"ST","surveyed":"20251105"},"geometry":{"type":"LineString","coordinates":[[-2.959304,53.506333],[-2.960562,53.507203],[-2.960796,53.50737],[-2.961243,53.507977],[-2.961208,53.508015],[-2.960258,53.508277],[-2.959254,53.508548],[-2.959247,53.50859],[-2.959069,53.508637],[-2.959066,53.50866]]}},{"type":"Feature","properties":{"pressure":"HPL","kind":"main","asset_id":"888888012186","spec":"219MM ST","diameter_mm":219,"material":"ST","surveyed":"20251105"},"geometry":{"type":"LineString","coordinates":[[-2.959028,53.508852],[-2.95932,53.509233],[-2.959686,53.509726],[-2.960057,53.510217],[-2.960344,53.510634],[-2.960472,53.510818]]}},{"type":"Feature","properties":{"pressure":"HPL","kind":"main","asset_id":"220001631636","spec":"8\" ST","diameter_mm":203,"material":"ST","surveyed":"20251105"},"geometry":{"type":"LineString","coordinates":[[-2.95903,53.508647],[-2.959042,53.508624]]}},{"type":"Feature","properties":{"pressure":"HPL","kind":"main","asset_id":"220001631635","spec":"8\" ST","diameter_mm":203,"material":"ST","surveyed":"20251105"},"geometry":{"type":"LineString","coordinates":[[-2.959066,53.50866],[-2.95903,53.508647]]}},{"type":"Feature","properties":{"pressure":"HPL","kind":"main","asset_id":"220001631635","spec":"8\" ST","diameter_mm":203,"material":"ST","surveyed":"20251105"},"geometry":{"type":"LineString","coordinates":[[-2.95903,53.508647],[-2.958949,53.508619]]}},{"type":"Feature","properties":{"pressure":"HPL","kind":"main","asset_id":"220001631635","spec":"8\" ST","diameter_mm":203,"material":"ST","surveyed":"20251105"},"geometry":{"type":"LineString","coordinates":[[-2.958949,53.508619],[-2.958946,53.508617]]}},{"type":"Feature","properties":{"pressure":"HPL","kind":"main","asset_id":"220001631642","spec":"8\" ST","diameter_mm":203,"material":"ST","surveyed":"20251105"},"geometry":{"type":"LineString","coordinates":[[-2.958949,53.508619],[-2.95896,53.508601]]}},{"type":"Feature","properties":{"pressure":"HPL","kind":"main","asset_id":"888888012182","spec":"219MM ST","diameter_mm":219,"material":"ST","surveyed":"20250729"},"geometry":{"type":"LineString","coordinates":[[-2.952532,53.501893],[-2.954211,53.50373],[-2.954209,53.503749]]}},{"type":"Feature","properties":{"pressure":"HPL","kind":"main","asset_id":"888888012180","spec":"219MM ST","diameter_mm":219,"material":"ST","surveyed":"20250729"},"geometry":{"type":"LineString","coordinates":[[-2.954315,53.503859],[-2.954327,53.50386],[-2.95452,53.504052],[-2.955219,53.504728],[-2.955771,53.50519]]}},{"type":"Feature","properties":{"pressure":"HPL","kind":"main","asset_id":"888888012183","spec":"219MM ST","diameter_mm":219,"material":"ST","surveyed":"20250729"},"geometry":{"type":"LineString","coordinates":[[-2.955771,53.50519],[-2.955994,53.505377]]}},{"type":"Feature","properties":{"pressure":"HPL","kind":"main","asset_id":"888888012184","spec":"219MM ST","diameter_mm":219,"material":"ST","surveyed":"20250729"},"geometry":{"type":"LineString","coordinates":[[-2.955994,53.505377],[-2.95631,53.505641]]}},{"type":"Feature","properties":{"pressure":"HPL","kind":"main","asset_id":"888888012185","spec":"219MM ST","diameter_mm":219,"material":"ST","surveyed":"20250729"},"geometry":{"type":"LineString","coordinates":[[-2.95631,53.505641],[-2.956328,53.505656],[-2.956438,53.505705],[-2.956578,53.50573],[-2.957807,53.505378],[-2.957989,53.505425],[-2.958888,53.506047]]}},{"type":"Feature","properties":{"pressure":"HPL","kind":"main","asset_id":"900000299815","spec":"219MM ST","diameter_mm":219,"material":"ST","surveyed":"20250729"},"geometry":{"type":"LineString","coordinates":[[-2.954209,53.503749],[-2.954207,53.503771],[-2.954288,53.503857],[-2.954315,53.503859]]}},{"type":"Feature","properties":{"pressure":"HPL","kind":"main","asset_id":"888888012185","spec":"219MM ST","diameter_mm":219,"material":"ST","surveyed":"20241127"},"geometry":{"type":"LineString","coordinates":[[-2.958888,53.506047],[-2.959304,53.506333]]}},{"type":"Feature","properties":{"pressure":"HPL","kind":"main","asset_id":"888888012186","spec":"219MM ST","diameter_mm":219,"material":"ST","surveyed":"20250424"},"geometry":{"type":"LineString","coordinates":[[-2.963557,53.515288],[-2.963723,53.515502],[-2.963905,53.515739],[-2.964275,53.516276],[-2.964685,53.516944],[-2.965092,53.517617],[-2.965511,53.518314],[-2.965688,53.518623],[-2.965873,53.518947],[-2.966071,53.519287],[-2.966261,53.519608],[-2.966351,53.51976]]}},{"type":"Feature","properties":{"pressure":"HPL","kind":"main","asset_id":"888888012186","spec":"219MM ST","diameter_mm":219,"material":"ST","surveyed":"20250424"},"geometry":{"type":"LineString","coordinates":[[-2.960472,53.510818],[-2.961312,53.512018],[-2.962136,53.513221],[-2.962827,53.514231],[-2.963519,53.515238],[-2.963557,53.515288]]}},{"type":"Feature","properties":{"pressure":"HPL","kind":"main","asset_id":"888888012186","spec":"219MM ST","diameter_mm":219,"material":"ST","surveyed":"20241130"},"geometry":{"type":"LineString","coordinates":[[-2.966351,53.51976],[-2.966708,53.520361],[-2.966755,53.520444],[-2.966755,53.520445]]}},{"type":"Feature","properties":{"pressure":"HPL","kind":"main","asset_id":"888888011879","spec":"406MM ST","diameter_mm":406,"material":"ST","surveyed":"20251215"},"geometry":{"type":"LineString","coordinates":[[-2.938571,53.497509],[-2.93687,53.498261]]}},{"type":"Feature","properties":{"pressure":"HPL","kind":"main","asset_id":"888888011878","spec":"406MM ST","diameter_mm":406,"material":"ST","surveyed":"20251215"},"geometry":{"type":"LineString","coordinates":[[-2.93727,53.498869],[-2.937759,53.499466],[-2.936137,53.499959]]}},{"type":"Feature","properties":{"pressure":"HPL","kind":"main","asset_id":"900000297543","spec":"406MM ST","diameter_mm":406,"material":"ST","surveyed":"20251215"},"geometry":{"type":"LineString","coordinates":[[-2.93687,53.498261],[-2.936798,53.498293],[-2.93727,53.498869]]}},{"type":"Feature","properties":{"pressure":"HPL","kind":"main","asset_id":"888888012744","spec":"406MM ST","diameter_mm":406,"material":"ST","surveyed":"20260122"},"geometry":{"type":"LineString","coordinates":[[-2.94693,53.497443],[-2.946961,53.497454],[-2.947687,53.497745],[-2.947721,53.497736],[-2.948577,53.498032],[-2.948606,53.498071],[-2.948896,53.498143],[-2.949021,53.498165],[-2.949116,53.498176],[-2.94921,53.498186],[-2.949285,53.498191],[-2.949297,53.498187],[-2.949417,53.498153]]}},{"type":"Feature","properties":{"pressure":"HPL","kind":"main","asset_id":"888888012178","spec":"219MM ST","diameter_mm":219,"material":"ST","surveyed":"20260122"},"geometry":{"type":"LineString","coordinates":[[-2.949417,53.498153],[-2.949436,53.49818],[-2.949499,53.49829],[-2.949486,53.498312],[-2.949568,53.49845],[-2.949814,53.498817],[-2.949977,53.499043],[-2.950296,53.499456],[-2.950479,53.499662],[-2.950524,53.499713]]}},{"type":"Feature","properties":{"pressure":"HPL","kind":"main","asset_id":"888888012181","spec":"219MM ST","diameter_mm":219,"material":"ST","surveyed":"20260122"},"geometry":{"type":"LineString","coordinates":[[-2.950524,53.499713],[-2.950647,53.499852]]}},{"type":"Feature","properties":{"pressure":"HPL","kind":"main","asset_id":"888888012182","spec":"219MM ST","diameter_mm":219,"material":"ST","surveyed":"20260122"},"geometry":{"type":"LineString","coordinates":[[-2.950647,53.499852],[-2.951136,53.500404],[-2.951176,53.500411],[-2.951224,53.500463]]}},{"type":"Feature","properties":{"pressure":"HPL","kind":"main","asset_id":"888888012743","spec":"406MM ST","diameter_mm":406,"material":"ST","surveyed":"20250729"},"geometry":{"type":"LineString","coordinates":[[-2.941946,53.495973],[-2.941833,53.496076],[-2.942296,53.496285]]}},{"type":"Feature","properties":{"pressure":"HPL","kind":"main","asset_id":"888888011879","spec":"406MM ST","diameter_mm":406,"material":"ST","surveyed":"20250729"},"geometry":{"type":"LineString","coordinates":[[-2.943554,53.494504],[-2.941893,53.495998],[-2.941788,53.496102],[-2.941678,53.496122],[-2.939092,53.497279],[-2.938571,53.497509]]}},{"type":"Feature","properties":{"pressure":"HPL","kind":"main","asset_id":"900000297663","spec":"406MM ST","diameter_mm":406,"material":"ST","surveyed":"20250729"},"geometry":{"type":"LineString","coordinates":[[-2.942296,53.496285],[-2.942347,53.496308],[-2.942299,53.496372],[-2.943601,53.496629]]}},{"type":"Feature","properties":{"pressure":"HPL","kind":"main","asset_id":"888888011878","spec":"406MM ST","diameter_mm":406,"material":"ST","surveyed":"20241221"},"geometry":{"type":"LineString","coordinates":[[-2.936137,53.499959],[-2.931203,53.501457],[-2.930044,53.501984]]}},{"type":"Feature","properties":{"pressure":"HPL","kind":"main","asset_id":"888888011880","spec":"406MM ST","diameter_mm":406,"material":"ST","surveyed":"20241221"},"geometry":{"type":"LineString","coordinates":[[-2.930044,53.501984],[-2.929852,53.502072]]}},{"type":"Feature","properties":{"pressure":"HPL","kind":"main","asset_id":"888888011880","spec":"406MM ST","diameter_mm":406,"material":"ST","surveyed":"20251217"},"geometry":{"type":"LineString","coordinates":[[-2.928652,53.502361],[-2.928618,53.502364]]}},{"type":"Feature","properties":{"pressure":"HPL","kind":"main","asset_id":"888888011881","spec":"406MM ST","diameter_mm":406,"material":"ST","surveyed":"20251217"},"geometry":{"type":"LineString","coordinates":[[-2.928618,53.502364],[-2.926611,53.502526],[-2.925859,53.502678],[-2.924993,53.503011],[-2.923658,53.50364],[-2.924502,53.504096],[-2.92382,53.504347],[-2.923137,53.504481],[-2.922237,53.504994]]}},{"type":"Feature","properties":{"pressure":"HPL","kind":"main","asset_id":"888888011882","spec":"406MM ST","diameter_mm":406,"material":"ST","surveyed":"20251217"},"geometry":{"type":"LineString","coordinates":[[-2.922237,53.504994],[-2.921184,53.505595]]}},{"type":"Feature","properties":{"pressure":"HPL","kind":"main","asset_id":"888888011880","spec":"406MM ST","diameter_mm":406,"material":"ST","surveyed":"20251220"},"geometry":{"type":"LineString","coordinates":[[-2.929852,53.502072],[-2.929611,53.502181],[-2.928921,53.502338],[-2.928652,53.502361]]}},{"type":"Feature","properties":{"pressure":"HPL","kind":"main","asset_id":"888888011885","spec":"406MM ST","diameter_mm":406,"material":"ST","surveyed":"20241221"},"geometry":{"type":"LineString","coordinates":[[-2.913754,53.510635],[-2.91298,53.511191]]}},{"type":"Feature","properties":{"pressure":"HPL","kind":"main","asset_id":"888888011883","spec":"406MM ST","diameter_mm":406,"material":"ST","surveyed":"20241221"},"geometry":{"type":"LineString","coordinates":[[-2.919337,53.506647],[-2.91932,53.506657],[-2.918047,53.507555],[-2.916756,53.508482]]}},{"type":"Feature","properties":{"pressure":"HPL","kind":"main","asset_id":"888888011884","spec":"406MM ST","diameter_mm":406,"material":"ST","surveyed":"20241221"},"geometry":{"type":"LineString","coordinates":[[-2.916756,53.508482],[-2.915397,53.509456]]}},{"type":"Feature","properties":{"pressure":"HPL","kind":"main","asset_id":"888888011885","spec":"406MM ST","diameter_mm":406,"material":"ST","surveyed":"20241221"},"geometry":{"type":"LineString","coordinates":[[-2.915397,53.509456],[-2.913754,53.510635]]}},{"type":"Feature","properties":{"pressure":"HPL","kind":"main","asset_id":"888888011882","spec":"406MM ST","diameter_mm":406,"material":"ST","surveyed":"20241221"},"geometry":{"type":"LineString","coordinates":[[-2.921184,53.505595],[-2.921069,53.505661]]}},{"type":"Feature","properties":{"pressure":"HPL","kind":"main","asset_id":"888888011883","spec":"406MM ST","diameter_mm":406,"material":"ST","surveyed":"20241221"},"geometry":{"type":"LineString","coordinates":[[-2.921069,53.505661],[-2.919337,53.506647]]}},{"type":"Feature","properties":{"pressure":"HPL","kind":"main","asset_id":"888888011885","spec":"406MM ST","diameter_mm":406,"material":"ST","surveyed":"20241221"},"geometry":{"type":"LineString","coordinates":[[-2.906852,53.515732],[-2.906329,53.516009]]}},{"type":"Feature","properties":{"pressure":"HPL","kind":"main","asset_id":"888888011885","spec":"406MM ST","diameter_mm":406,"material":"ST","surveyed":"20251106"},"geometry":{"type":"LineString","coordinates":[[-2.91298,53.511191],[-2.910095,53.513261],[-2.907413,53.515434],[-2.906852,53.515732]]}},{"type":"Feature","properties":{"pressure":"HPL","kind":"main","asset_id":"888888012202","spec":"219MM ST","diameter_mm":219,"material":"ST","surveyed":"20251218"},"geometry":{"type":"LineString","coordinates":[[-3.030312,53.582147],[-3.03036,53.582193],[-3.030852,53.582631],[-3.03117,53.582875],[-3.031487,53.58312],[-3.031999,53.5835],[-3.032554,53.583872],[-3.033174,53.584271],[-3.033274,53.584333],[-3.03393,53.584724],[-3.034178,53.584864],[-3.034563,53.585054],[-3.034973,53.585272],[-3.035021,53.585285],[-3.036136,53.585402],[-3.036215,53.585411]]}},{"type":"Feature","properties":{"pressure":"HPL","kind":"main","asset_id":"888888012202","spec":"219MM ST","diameter_mm":219,"material":"ST","surveyed":"20260604"},"geometry":{"type":"LineString","coordinates":[[-3.036215,53.585411],[-3.039877,53.58584],[-3.040412,53.586125],[-3.040592,53.586143]]}},{"type":"Feature","properties":{"pressure":"HPL","kind":"main","asset_id":"888888012203","spec":"219MM ST","diameter_mm":219,"material":"ST","surveyed":"20260604"},"geometry":{"type":"LineString","coordinates":[[-3.040592,53.586143],[-3.041004,53.586184]]}},{"type":"Feature","properties":{"pressure":"HPL","kind":"main","asset_id":"888888012204","spec":"219MM ST","diameter_mm":219,"material":"ST","surveyed":"20260604"},"geometry":{"type":"LineString","coordinates":[[-3.041004,53.586184],[-3.041184,53.586203],[-3.041315,53.586163],[-3.041398,53.585923],[-3.041712,53.585948]]}},{"type":"Feature","properties":{"pressure":"HPL","kind":"main","asset_id":"888888011885","spec":"406MM ST","diameter_mm":406,"material":"ST","surveyed":"20241127"},"geometry":{"type":"LineString","coordinates":[[-2.898872,53.519971],[-2.898829,53.519995],[-2.898369,53.520275],[-2.898345,53.52029]]}},{"type":"Feature","properties":{"pressure":"HPL","kind":"main","asset_id":"888888011885","spec":"406MM ST","diameter_mm":406,"material":"ST","surveyed":"20251106"},"geometry":{"type":"LineString","coordinates":[[-2.906329,53.516009],[-2.904742,53.516792],[-2.90272,53.517812],[-2.902415,53.51796],[-2.902141,53.518092],[-2.899004,53.519896],[-2.898872,53.519971]]}},{"type":"Feature","properties":{"pressure":"HPL","kind":"main","asset_id":"888888011885","spec":"406MM ST","diameter_mm":406,"material":"ST","surveyed":"20241221"},"geometry":{"type":"LineString","coordinates":[[-2.89426,53.524815],[-2.892276,53.52659],[-2.891489,53.527541]]}},{"type":"Feature","properties":{"pressure":"HPL","kind":"main","asset_id":"888888011885","spec":"406MM ST","diameter_mm":406,"material":"ST","surveyed":"20251106"},"geometry":{"type":"LineString","coordinates":[[-2.898345,53.52029],[-2.898009,53.520497],[-2.897276,53.521622],[-2.89719,53.522285],[-2.895569,53.523664],[-2.894385,53.524704],[-2.89426,53.524815]]}},{"type":"Feature","properties":{"pressure":"HPL","kind":"main","asset_id":"888888011885","spec":"406MM ST","diameter_mm":406,"material":"ST","surveyed":"20241221"},"geometry":{"type":"LineString","coordinates":[[-2.891489,53.527541],[-2.89148,53.527552],[-2.89004,53.529338],[-2.890037,53.529341]]}},{"type":"Feature","properties":{"pressure":"HPL","kind":"main","asset_id":"888888011885","spec":"406MM ST","diameter_mm":406,"material":"ST","surveyed":"20241221"},"geometry":{"type":"LineString","coordinates":[[-2.884107,53.535229],[-2.883718,53.535506],[-2.882994,53.536046],[-2.880892,53.537632],[-2.879886,53.538405]]}},{"type":"Feature","properties":{"pressure":"HPL","kind":"main","asset_id":"888888011885","spec":"406MM ST","diameter_mm":406,"material":"ST","surveyed":"20241221"},"geometry":{"type":"LineString","coordinates":[[-2.886021,53.533865],[-2.884107,53.535229]]}},{"type":"Feature","properties":{"pressure":"HPL","kind":"main","asset_id":"888888011885","spec":"406MM ST","diameter_mm":406,"material":"ST","surveyed":"20250424"},"geometry":{"type":"LineString","coordinates":[[-2.890037,53.529341],[-2.889791,53.529632],[-2.88966,53.529795],[-2.886939,53.533211],[-2.886021,53.533865]]}},{"type":"Feature","properties":{"pressure":"HPL","kind":"main","asset_id":"888888011885","spec":"406MM ST","diameter_mm":406,"material":"ST","surveyed":"20241221"},"geometry":{"type":"LineString","coordinates":[[-2.879886,53.538405],[-2.879025,53.539064],[-2.87668,53.54091]]}},{"type":"Feature","properties":{"pressure":"HPL","kind":"main","asset_id":"888888011885","spec":"406MM ST","diameter_mm":406,"material":"ST","surveyed":"20241221"},"geometry":{"type":"LineString","coordinates":[[-2.874119,53.542941],[-2.871759,53.544883],[-2.870925,53.545661],[-2.870126,53.547465]]}},{"type":"Feature","properties":{"pressure":"HPL","kind":"main","asset_id":"888888011885","spec":"406MM ST","diameter_mm":406,"material":"ST","surveyed":"20241221"},"geometry":{"type":"LineString","coordinates":[[-2.87668,53.54091],[-2.874586,53.542557],[-2.874119,53.542941]]}},{"type":"Feature","properties":{"pressure":"HPL","kind":"main","asset_id":"888888011885","spec":"406MM ST","diameter_mm":406,"material":"ST","surveyed":"20241221"},"geometry":{"type":"LineString","coordinates":[[-2.868101,53.551974],[-2.867798,53.552619],[-2.86737,53.55357],[-2.867234,53.553885],[-2.866884,53.554268],[-2.866278,53.555975],[-2.866097,53.556483]]}},{"type":"Feature","properties":{"pressure":"HPL","kind":"main","asset_id":"888888011885","spec":"406MM ST","diameter_mm":406,"material":"ST","surveyed":"20241221"},"geometry":{"type":"LineString","coordinates":[[-2.869309,53.549393],[-2.869051,53.549911],[-2.868105,53.551966],[-2.868101,53.551974]]}},{"type":"Feature","properties":{"pressure":"HPL","kind":"main","asset_id":"888888011885","spec":"406MM ST","diameter_mm":406,"material":"ST","surveyed":"20250309"},"geometry":{"type":"LineString","coordinates":[[-2.870126,53.547465],[-2.869994,53.547764],[-2.869747,53.548511],[-2.869318,53.549375],[-2.869309,53.549393]]}},{"type":"Feature","properties":{"pressure":"HPL","kind":"main","asset_id":"888888011885","spec":"406MM ST","diameter_mm":406,"material":"ST","surveyed":"20251218"},"geometry":{"type":"LineString","coordinates":[[-2.862955,53.561],[-2.86269,53.561595],[-2.863571,53.565114],[-2.86343,53.565491]]}},{"type":"Feature","properties":{"pressure":"HPL","kind":"main","asset_id":"888888011885","spec":"406MM ST","diameter_mm":406,"material":"ST","surveyed":"20251113"},"geometry":{"type":"LineString","coordinates":[[-2.866097,53.556483],[-2.866031,53.556672],[-2.865231,53.558759],[-2.865254,53.558896],[-2.864977,53.559081],[-2.864936,53.55913],[-2.864056,53.559938],[-2.864032,53.559952],[-2.863776,53.559956],[-2.863504,53.559876],[-2.863235,53.560372],[-2.862955,53.561]]}},{"type":"Feature","properties":{"pressure":"HPL","kind":"main","asset_id":"888888011885","spec":"406MM ST","diameter_mm":406,"material":"ST","surveyed":"20251218"},"geometry":{"type":"LineString","coordinates":[[-2.86343,53.565491],[-2.862712,53.567405],[-2.862562,53.567813],[-2.862144,53.568155]]}},{"type":"Feature","properties":{"pressure":"HPL","kind":"main","asset_id":"888888012394","spec":"457MM ST","diameter_mm":457,"material":"ST","surveyed":"20260604"},"geometry":{"type":"LineString","coordinates":[[-2.859939,53.57001],[-2.859554,53.570337],[-2.858589,53.571187],[-2.857232,53.572405],[-2.856866,53.572681],[-2.855913,53.573601],[-2.855586,53.573914],[-2.854958,53.57451],[-2.854924,53.57454]]}},{"type":"Feature","properties":{"pressure":"HPL","kind":"main","asset_id":"888888012394","spec":"457MM ST","diameter_mm":457,"material":"ST","surveyed":"20260604"},"geometry":{"type":"LineString","coordinates":[[-2.860398,53.569576],[-2.860059,53.569908],[-2.859939,53.57001]]}},{"type":"Feature","properties":{"pressure":"HPL","kind":"main","asset_id":"888888011885","spec":"406MM ST","diameter_mm":406,"material":"ST","surveyed":"20260604"},"geometry":{"type":"LineString","coordinates":[[-2.862144,53.568155],[-2.860861,53.569205],[-2.860575,53.569458]]}},{"type":"Feature","properties":{"pressure":"HPL","kind":"main","asset_id":"888888012397","spec":"457MM ST","diameter_mm":457,"material":"ST","surveyed":"20260603"},"geometry":{"type":"LineString","coordinates":[[-2.853461,53.577227],[-2.85342,53.577244],[-2.852299,53.57744],[-2.850237,53.57798],[-2.848742,53.578426],[-2.847578,53.578771],[-2.847258,53.578874]]}},{"type":"Feature","properties":{"pressure":"HPL","kind":"main","asset_id":"888888012394","spec":"457MM ST","diameter_mm":457,"material":"ST","surveyed":"20260603"},"geometry":{"type":"LineString","coordinates":[[-2.854726,53.574714],[-2.854698,53.574739],[-2.854312,53.57513]]}},{"type":"Feature","properties":{"pressure":"HPL","kind":"main","asset_id":"888888012396","spec":"457MM ST","diameter_mm":457,"material":"ST","surveyed":"20260603"},"geometry":{"type":"LineString","coordinates":[[-2.854287,53.575329],[-2.854128,53.57695],[-2.854109,53.576957]]}},{"type":"Feature","properties":{"pressure":"HPL","kind":"main","asset_id":"900000297368","spec":"457MM ST","diameter_mm":457,"material":"ST","surveyed":"20260603"},"geometry":{"type":"LineString","coordinates":[[-2.854312,53.57513],[-2.85429,53.575293],[-2.854287,53.575329]]}},{"type":"Feature","properties":{"pressure":"HPL","kind":"main","asset_id":"900000297366","spec":"457MM ST","diameter_mm":457,"material":"ST","surveyed":"20260603"},"geometry":{"type":"LineString","coordinates":[[-2.854109,53.576957],[-2.853461,53.577227]]}},{"type":"Feature","properties":{"pressure":"HPL","kind":"main","asset_id":"888888012394","spec":"457MM ST","diameter_mm":457,"material":"ST","surveyed":"20260603"},"geometry":{"type":"LineString","coordinates":[[-2.854924,53.57454],[-2.854726,53.574714]]}},{"type":"Feature","properties":{"pressure":"HPL","kind":"main","asset_id":"888888012397","spec":"457MM ST","diameter_mm":457,"material":"ST","surveyed":"20241221"},"geometry":{"type":"LineString","coordinates":[[-2.83978,53.582592],[-2.837411,53.583395],[-2.837126,53.583498],[-2.836071,53.583636],[-2.835848,53.583664]]}},{"type":"Feature","properties":{"pressure":"HPL","kind":"main","asset_id":"888888012397","spec":"457MM ST","diameter_mm":457,"material":"ST","surveyed":"20241221"},"geometry":{"type":"LineString","coordinates":[[-2.846576,53.579094],[-2.846514,53.579118],[-2.845408,53.579858],[-2.843816,53.580928],[-2.842018,53.581804],[-2.84062,53.582281],[-2.839787,53.58259],[-2.83978,53.582592]]}},{"type":"Feature","properties":{"pressure":"HPL","kind":"main","asset_id":"888888012397","spec":"457MM ST","diameter_mm":457,"material":"ST","surveyed":"20260603"},"geometry":{"type":"LineString","coordinates":[[-2.847258,53.578874],[-2.846834,53.579009],[-2.846622,53.579077],[-2.846576,53.579094]]}},{"type":"Feature","properties":{"pressure":"HPL","kind":"main","asset_id":"888888012406","spec":"457MM ST","diameter_mm":457,"material":"ST","surveyed":"20241221"},"geometry":{"type":"LineString","coordinates":[[-2.793928,53.583949],[-2.791748,53.583547],[-2.790817,53.583387],[-2.789677,53.583163],[-2.78867,53.58296],[-2.787538,53.582713],[-2.786913,53.582574]]}},{"type":"Feature","properties":{"pressure":"HPL","kind":"main","asset_id":"888888012399","spec":"457MM ST","diameter_mm":457,"material":"ST","surveyed":"20241221"},"geometry":{"type":"LineString","coordinates":[[-2.779333,53.581114],[-2.77929,53.581108],[-2.777345,53.580799],[-2.776902,53.580727],[-2.776042,53.580614],[-2.775167,53.580506],[-2.77473,53.580445],[-2.774004,53.580338],[-2.773182,53.580221],[-2.771761,53.580025]]}},{"type":"Feature","properties":{"pressure":"HPL","kind":"main","asset_id":"888888012406","spec":"457MM ST","diameter_mm":457,"material":"ST","surveyed":"20251220"},"geometry":{"type":"LineString","coordinates":[[-2.786913,53.582574],[-2.786852,53.582561],[-2.785888,53.582354],[-2.785212,53.582184]]}},{"type":"Feature","properties":{"pressure":"HPL","kind":"main","asset_id":"888888012399","spec":"457MM ST","diameter_mm":457,"material":"ST","surveyed":"20251220"},"geometry":{"type":"LineString","coordinates":[[-2.784804,53.582086],[-2.783256,53.581714],[-2.782389,53.581567],[-2.779333,53.581114]]}},{"type":"Feature","properties":{"pressure":"HPL","kind":"main","asset_id":"900000297364","spec":"457MM ST","diameter_mm":457,"material":"ST","surveyed":"20251220"},"geometry":{"type":"LineString","coordinates":[[-2.785212,53.582184],[-2.785203,53.582182],[-2.784804,53.582086]]}},{"type":"Feature","properties":{"pressure":"HPL","kind":"main","asset_id":"888888012847","spec":"219MM ST","diameter_mm":219,"material":"ST","surveyed":"20251212"},"geometry":{"type":"LineString","coordinates":[[-2.756003,53.52577],[-2.755691,53.525856]]}},{"type":"Feature","properties":{"pressure":"HPL","kind":"main","asset_id":"888888012845","spec":"219MM ST","diameter_mm":219,"material":"ST","surveyed":"20260604"},"geometry":{"type":"LineString","coordinates":[[-2.760085,53.525645],[-2.760054,53.525656],[-2.759818,53.525594],[-2.759771,53.525527],[-2.759689,53.525415]]}},{"type":"Feature","properties":{"pressure":"HPL","kind":"main","asset_id":"888888012847","spec":"219MM ST","diameter_mm":219,"material":"ST","surveyed":"20260604"},"geometry":{"type":"LineString","coordinates":[[-2.759689,53.525415],[-2.759544,53.525218],[-2.759428,53.525062],[-2.759313,53.524872],[-2.758785,53.525014],[-2.758608,53.525064],[-2.758403,53.525121],[-2.757975,53.52523],[-2.757571,53.525336],[-2.757371,53.525392],[-2.756003,53.52577]]}},{"type":"Feature","properties":{"pressure":"HPL","kind":"main","asset_id":"888888012401","spec":"457MM ST","diameter_mm":457,"material":"ST","surveyed":"20241221"},"geometry":{"type":"LineString","coordinates":[[-2.764271,53.583426],[-2.763831,53.583502],[-2.763238,53.583616],[-2.762617,53.583631],[-2.762021,53.583611],[-2.761408,53.583574],[-2.760864,53.583559],[-2.760253,53.583531],[-2.759694,53.583511],[-2.759282,53.583486],[-2.759164,53.583472],[-2.75907,53.583463],[-2.758773,53.583443],[-2.75825,53.58341],[-2.757677,53.58338],[-2.757098,53.583349],[-2.756716,53.583335]]}},{"type":"Feature","properties":{"pressure":"HPL","kind":"main","asset_id":"888888012399","spec":"457MM ST","diameter_mm":457,"material":"ST","surveyed":"20251101"},"geometry":{"type":"LineString","coordinates":[[-2.771761,53.580025],[-2.771349,53.579969],[-2.770474,53.579819],[-2.770072,53.579736],[-2.769856,53.579712],[-2.769329,53.579652],[-2.769157,53.579617]]}},{"type":"Feature","properties":{"pressure":"HPL","kind":"main","asset_id":"888888012400","spec":"457MM ST","diameter_mm":457,"material":"ST","surveyed":"20251101"},"geometry":{"type":"LineString","coordinates":[[-2.768722,53.579712],[-2.768607,53.57975],[-2.767649,53.58042]]}},{"type":"Feature","properties":{"pressure":"HPL","kind":"main","asset_id":"888888012401","spec":"457MM ST","diameter_mm":457,"material":"ST","surveyed":"20251101"},"geometry":{"type":"LineString","coordinates":[[-2.767475,53.580541],[-2.767262,53.580824],[-2.766949,53.581267],[-2.766767,53.581488],[-2.76649,53.581901],[-2.766157,53.582383],[-2.76586,53.58282],[-2.765685,53.582987],[-2.765597,53.583092],[-2.765539,53.583162],[-2.76534,53.583197],[-2.765197,53.583232],[-2.765112,53.583257],[-2.76466,53.583358],[-2.764271,53.583426]]}},{"type":"Feature","properties":{"pressure":"HPL","kind":"main","asset_id":"900000297363","spec":"457MM ST","diameter_mm":457,"material":"ST","surveyed":"20251101"},"geometry":{"type":"LineString","coordinates":[[-2.769009,53.579618],[-2.768722,53.579712]]}},{"type":"Feature","properties":{"pressure":"HPL","kind":"main","asset_id":"900000297362","spec":"457MM ST","diameter_mm":457,"material":"ST","surveyed":"20251101"},"geometry":{"type":"LineString","coordinates":[[-2.767649,53.58042],[-2.767475,53.580541]]}},{"type":"Feature","properties":{"pressure":"HPL","kind":"main","asset_id":"888888012399","spec":"457MM ST","diameter_mm":457,"material":"ST","surveyed":"20250729"},"geometry":{"type":"LineString","coordinates":[[-2.769157,53.579617],[-2.769085,53.579602],[-2.769047,53.579605]]}},{"type":"Feature","properties":{"pressure":"HPL","kind":"main","asset_id":"900000297363","spec":"457MM ST","diameter_mm":457,"material":"ST","surveyed":"20250729"},"geometry":{"type":"LineString","coordinates":[[-2.769047,53.579605],[-2.769009,53.579618]]}},{"type":"Feature","properties":{"pressure":"HPL","kind":"main","asset_id":"888888012397","spec":"457MM ST","diameter_mm":457,"material":"ST","surveyed":"20241221"},"geometry":{"type":"LineString","coordinates":[[-2.835848,53.583664],[-2.833009,53.584024],[-2.832261,53.584294]]}},{"type":"Feature","properties":{"pressure":"HPL","kind":"main","asset_id":"888888012397","spec":"457MM ST","diameter_mm":457,"material":"ST","surveyed":"20250827"},"geometry":{"type":"LineString","coordinates":[[-2.82475,53.586425],[-2.824717,53.586431],[-2.822132,53.586926],[-2.821935,53.586896]]}},{"type":"Feature","properties":{"pressure":"HPL","kind":"main","asset_id":"888888012398","spec":"457MM ST","diameter_mm":457,"material":"ST","surveyed":"20250827"},"geometry":{"type":"LineString","coordinates":[[-2.821562,53.586841],[-2.821502,53.586832]]}},{"type":"Feature","properties":{"pressure":"HPL","kind":"main","asset_id":"888888012398","spec":"457MM ST","diameter_mm":457,"material":"ST","surveyed":"20250827"},"geometry":{"type":"LineString","coordinates":[[-2.821502,53.586832],[-2.82138,53.586816],[-2.821288,53.586801],[-2.820723,53.586702],[-2.820516,53.586654],[-2.820372,53.586556],[-2.819951,53.586067],[-2.818572,53.585947],[-2.817186,53.585861]]}},{"type":"Feature","properties":{"pressure":"HPL","kind":"main","asset_id":"220000072735","spec":"457MM ST","diameter_mm":457,"material":"ST","surveyed":"20250827"},"geometry":{"type":"LineString","coordinates":[[-2.821666,53.586801],[-2.821502,53.586832]]}},{"type":"Feature","properties":{"pressure":"HPL","kind":"main","asset_id":"900000297365","spec":"457MM ST","diameter_mm":457,"material":"ST","surveyed":"20250827"},"geometry":{"type":"LineString","coordinates":[[-2.821935,53.586896],[-2.821602,53.586855],[-2.821562,53.586841]]}},{"type":"Feature","properties":{"pressure":"HPL","kind":"main","asset_id":"888888012397","spec":"457MM ST","diameter_mm":457,"material":"ST","surveyed":"20241221"},"geometry":{"type":"LineString","coordinates":[[-2.832261,53.584294],[-2.832229,53.584306],[-2.830085,53.585137],[-2.828133,53.585631],[-2.825694,53.586233],[-2.824997,53.586383],[-2.82475,53.586425]]}},{"type":"Feature","properties":{"pressure":"HPL","kind":"main","asset_id":"888888012398","spec":"457MM ST","diameter_mm":457,"material":"ST","surveyed":"20241121"},"geometry":{"type":"LineString","coordinates":[[-2.809622,53.585303],[-2.809592,53.5853],[-2.802365,53.58478],[-2.802059,53.584751]]}},{"type":"Feature","properties":{"pressure":"HPL","kind":"main","asset_id":"888888012398","spec":"457MM ST","diameter_mm":457,"material":"ST","surveyed":"20240626"},"geometry":{"type":"LineString","coordinates":[[-2.817186,53.585861],[-2.81716,53.58586],[-2.814576,53.585639],[-2.812946,53.585514],[-2.812205,53.585484],[-2.811109,53.585409],[-2.809622,53.585303]]}},{"type":"Feature","properties":{"pressure":"HPL","kind":"main","asset_id":"888888012406","spec":"457MM ST","diameter_mm":457,"material":"ST","surveyed":"20250410"},"geometry":{"type":"LineString","coordinates":[[-2.794493,53.584052],[-2.794478,53.584048],[-2.79401,53.583964],[-2.793928,53.583949]]}},{"type":"Feature","properties":{"pressure":"HPL","kind":"main","asset_id":"888888012398","spec":"457MM ST","diameter_mm":457,"material":"ST","surveyed":"20250123"},"geometry":{"type":"LineString","coordinates":[[-2.802059,53.584751],[-2.802051,53.584751]]}},{"type":"Feature","properties":{"pressure":"HPL","kind":"main","asset_id":"888888012405","spec":"457MM ST","diameter_mm":457,"material":"ST","surveyed":"20250123"},"geometry":{"type":"LineString","coordinates":[[-2.802051,53.584751],[-2.801845,53.584732]]}},{"type":"Feature","properties":{"pressure":"HPL","kind":"main","asset_id":"888888012406","spec":"457MM ST","diameter_mm":457,"material":"ST","surveyed":"20250123"},"geometry":{"type":"LineString","coordinates":[[-2.801845,53.584732],[-2.801439,53.584694],[-2.799959,53.584619],[-2.798546,53.584571],[-2.797144,53.584375],[-2.795641,53.584196],[-2.794589,53.584075],[-2.794493,53.584052]]}},{"type":"Feature","properties":{"pressure":"HPL","kind":"main","asset_id":"888888012847","spec":"219MM ST","diameter_mm":219,"material":"ST","surveyed":"20251220"},"geometry":{"type":"LineString","coordinates":[[-2.748181,53.527691],[-2.748084,53.527709],[-2.74768,53.527798],[-2.747488,53.527837],[-2.747232,53.527885],[-2.746924,53.527942],[-2.746401,53.528008],[-2.745959,53.528049],[-2.745562,53.528089],[-2.745097,53.528137],[-2.744609,53.528184],[-2.744165,53.528225],[-2.74373,53.528267],[-2.743254,53.52832],[-2.742845,53.52837],[-2.742375,53.528435],[-2.741957,53.528491],[-2.741615,53.528542],[-2.740656,53.52869]]}},{"type":"Feature","properties":{"pressure":"HPL","kind":"main","asset_id":"888888012847","spec":"219MM ST","diameter_mm":219,"material":"ST","surveyed":"20260604"},"geometry":{"type":"LineString","coordinates":[[-2.755691,53.525856],[-2.755536,53.525898],[-2.755142,53.526012],[-2.754308,53.526233],[-2.753073,53.526561],[-2.751844,53.526883],[-2.75121,53.52705],[-2.750639,53.527192],[-2.750222,53.52728],[-2.749799,53.527371],[-2.749352,53.527461],[-2.748946,53.527545],[-2.748512,53.527627],[-2.748313,53.527666],[-2.748181,53.527691]]}},{"type":"Feature","properties":{"pressure":"HPL","kind":"main","asset_id":"888888012401","spec":"457MM ST","diameter_mm":457,"material":"ST","surveyed":"20241221"},"geometry":{"type":"LineString","coordinates":[[-2.749156,53.582882],[-2.748778,53.582828],[-2.748422,53.582807],[-2.746439,53.582477],[-2.743868,53.582012],[-2.741586,53.581584],[-2.741581,53.581583]]}},{"type":"Feature","properties":{"pressure":"HPL","kind":"main","asset_id":"888888012401","spec":"457MM ST","diameter_mm":457,"material":"ST","surveyed":"20241221"},"geometry":{"type":"LineString","coordinates":[[-2.756716,53.583335],[-2.756607,53.583331],[-2.755981,53.583294],[-2.755927,53.583291],[-2.755879,53.583264],[-2.755804,53.583282],[-2.755271,53.583248],[-2.754732,53.583219],[-2.7545,53.583206],[-2.753796,53.583175],[-2.753218,53.583146],[-2.751718,53.58309],[-2.751349,53.583063],[-2.750717,53.583026],[-2.750381,53.583017],[-2.74996,53.58298],[-2.74941,53.582918],[-2.749156,53.582882]]}},{"type":"Feature","properties":{"pressure":"HPL","kind":"main","asset_id":"888888012847","spec":"219MM ST","diameter_mm":219,"material":"ST","surveyed":"20250303"},"geometry":{"type":"LineString","coordinates":[[-2.740656,53.52869],[-2.740575,53.528703],[-2.740503,53.528795],[-2.740404,53.529145],[-2.740257,53.529633],[-2.740211,53.529987],[-2.740167,53.530158],[-2.740159,53.530163],[-2.740142,53.530168],[-2.739956,53.530205],[-2.739864,53.530218],[-2.739842,53.530226],[-2.739827,53.530237],[-2.73982,53.530253],[-2.739816,53.530272],[-2.739825,53.530341],[-2.739823,53.530365]]}},{"type":"Feature","properties":{"pressure":"HPL","kind":"main","asset_id":"888888012848","spec":"219MM ST","diameter_mm":219,"material":"ST","surveyed":"20250303"},"geometry":{"type":"LineString","coordinates":[[-2.733171,53.532046],[-2.733128,53.53205],[-2.730855,53.532264],[-2.729739,53.532371],[-2.729619,53.532394],[-2.726968,53.533041],[-2.725649,53.533294]]}},{"type":"Feature","properties":{"pressure":"HPL","kind":"main","asset_id":"888888012847","spec":"219MM ST","diameter_mm":219,"material":"ST","surveyed":"20250303"},"geometry":{"type":"LineString","coordinates":[[-2.739823,53.530365],[-2.739819,53.53045],[-2.739822,53.530518],[-2.739822,53.530591],[-2.739806,53.530689],[-2.739778,53.530798],[-2.739735,53.530908],[-2.739704,53.531003],[-2.73961,53.531236],[-2.739596,53.531247],[-2.739558,53.53125],[-2.739443,53.531235],[-2.739405,53.531233],[-2.739392,53.53125],[-2.73931,53.531438],[-2.739218,53.531633],[-2.739058,53.531975],[-2.738562,53.531994],[-2.737172,53.532002],[-2.735003,53.531999],[-2.734423,53.532003]]}},{"type":"Feature","properties":{"pressure":"HPL","kind":"main","asset_id":"888888012848","spec":"219MM ST","diameter_mm":219,"material":"ST","surveyed":"20250303"},"geometry":{"type":"LineString","coordinates":[[-2.734423,53.532003],[-2.734093,53.532005],[-2.733627,53.532012],[-2.733412,53.532025],[-2.733171,53.532046]]}},{"type":"Feature","properties":{"pressure":"HPL","kind":"main","asset_id":"888888012401","spec":"457MM ST","diameter_mm":457,"material":"ST","surveyed":"20241221"},"geometry":{"type":"LineString","coordinates":[[-2.727239,53.575385],[-2.727217,53.575374],[-2.726373,53.574954],[-2.726362,53.574949]]}},{"type":"Feature","properties":{"pressure":"HPL","kind":"main","asset_id":"888888012401","spec":"457MM ST","diameter_mm":457,"material":"ST","surveyed":"20241221"},"geometry":{"type":"LineString","coordinates":[[-2.741581,53.581583],[-2.740466,53.581377],[-2.73936,53.581173],[-2.738527,53.57981]]}},{"type":"Feature","properties":{"pressure":"HPL","kind":"main","asset_id":"888888012401","spec":"457MM ST","diameter_mm":457,"material":"ST","surveyed":"20251025"},"geometry":{"type":"LineString","coordinates":[[-2.733988,53.57926],[-2.733984,53.57926],[-2.732162,53.579181],[-2.729,53.576891],[-2.728095,53.575822],[-2.727239,53.575385]]}},{"type":"Feature","properties":{"pressure":"HPL","kind":"main","asset_id":"888888012401","spec":"457MM ST","diameter_mm":457,"material":"ST","surveyed":"20241221"},"geometry":{"type":"LineString","coordinates":[[-2.738527,53.57981],[-2.738516,53.579793],[-2.737459,53.579392],[-2.733988,53.57926]]}},{"type":"Feature","properties":{"pressure":"HPL","kind":"main","asset_id":"888888012848","spec":"219MM ST","diameter_mm":219,"material":"ST","surveyed":"20260604"},"geometry":{"type":"LineString","coordinates":[[-2.718146,53.53566],[-2.717509,53.535882],[-2.716507,53.536269],[-2.715833,53.536303],[-2.714865,53.536411],[-2.714458,53.536445],[-2.714002,53.53647],[-2.713658,53.536505],[-2.713356,53.535858],[-2.711949,53.535481],[-2.710592,53.535098]]}},{"type":"Feature","properties":{"pressure":"HPL","kind":"main","asset_id":"888888012848","spec":"219MM ST","diameter_mm":219,"material":"ST","surveyed":"20251212"},"geometry":{"type":"LineString","coordinates":[[-2.719918,53.534981],[-2.7193,53.535236],[-2.719036,53.535349],[-2.718146,53.53566]]}},{"type":"Feature","properties":{"pressure":"HPL","kind":"main","asset_id":"888888012848","spec":"219MM ST","diameter_mm":219,"material":"ST","surveyed":"20251215"},"geometry":{"type":"LineString","coordinates":[[-2.725649,53.533294],[-2.725603,53.533303],[-2.724678,53.533502],[-2.723971,53.533661],[-2.723386,53.533855],[-2.723215,53.533899],[-2.723121,53.533905],[-2.722829,53.533924],[-2.722649,53.53396],[-2.722483,53.534003],[-2.721425,53.534329],[-2.720979,53.534468],[-2.720829,53.534514],[-2.720737,53.534549],[-2.720656,53.534588],[-2.720289,53.534801],[-2.720259,53.534826],[-2.719974,53.534958],[-2.719918,53.534981]]}},{"type":"Feature","properties":{"pressure":"HPL","kind":"main","asset_id":"888888012402","spec":"457MM ST","diameter_mm":457,"material":"ST","surveyed":"20251214"},"geometry":{"type":"LineString","coordinates":[[-2.718776,53.572856],[-2.718322,53.57281],[-2.718032,53.57278]]}},{"type":"Feature","properties":{"pressure":"HPL","kind":"main","asset_id":"888888012403","spec":"457MM ST","diameter_mm":457,"material":"ST","surveyed":"20251214"},"geometry":{"type":"LineString","coordinates":[[-2.717368,53.572738],[-2.717044,53.572435],[-2.716716,53.572134],[-2.716395,53.571833],[-2.715576,53.571081],[-2.71544,53.570962]]}},{"type":"Feature","properties":{"pressure":"HPL","kind":"main","asset_id":"888888012404","spec":"457MM ST","diameter_mm":457,"material":"ST","surveyed":"20251214"},"geometry":{"type":"LineString","coordinates":[[-2.712857,53.570977],[-2.712388,53.571081],[-2.712113,53.571143],[-2.711577,53.571254],[-2.711198,53.57124]]}},{"type":"Feature","properties":{"pressure":"HPL","kind":"main","asset_id":"900000299746","spec":"457MM ST","diameter_mm":457,"material":"ST","surveyed":"20251214"},"geometry":{"type":"LineString","coordinates":[[-2.718032,53.57278],[-2.717866,53.572763],[-2.717376,53.572745],[-2.717368,53.572738]]}},{"type":"Feature","properties":{"pressure":"HPL","kind":"main","asset_id":"888888012402","spec":"457MM ST","diameter_mm":457,"material":"ST","surveyed":"20250729"},"geometry":{"type":"LineString","coordinates":[[-2.722582,53.572927],[-2.72218,53.572945],[-2.721963,53.572952],[-2.721673,53.573011],[-2.720763,53.57304],[-2.720304,53.573019],[-2.71978,53.572974],[-2.719515,53.572953],[-2.719121,53.572891],[-2.718778,53.572857],[-2.718776,53.572856]]}},{"type":"Feature","properties":{"pressure":"HPL","kind":"main","asset_id":"888888012401","spec":"457MM ST","diameter_mm":457,"material":"ST","surveyed":"20250729"},"geometry":{"type":"LineString","coordinates":[[-2.726362,53.574949],[-2.726088,53.574826],[-2.72555,53.574818],[-2.725266,53.574811],[-2.724695,53.574796],[-2.724124,53.574782],[-2.723552,53.574765],[-2.723543,53.574458],[-2.723541,53.574165],[-2.723594,53.573191],[-2.723604,53.57288],[-2.722854,53.572915]]}},{"type":"Feature","properties":{"pressure":"HPL","kind":"main","asset_id":"900000297361","spec":"457MM ST","diameter_mm":457,"material":"ST","surveyed":"20250729"},"geometry":{"type":"LineString","coordinates":[[-2.722854,53.572915],[-2.722608,53.572926],[-2.722582,53.572927]]}},{"type":"Feature","properties":{"pressure":"HPL","kind":"main","asset_id":"888888012403","spec":"457MM ST","diameter_mm":457,"material":"ST","surveyed":"20250729"},"geometry":{"type":"LineString","coordinates":[[-2.71544,53.570962],[-2.715425,53.570949],[-2.715288,53.57083],[-2.714407,53.570874],[-2.713876,53.570911],[-2.713382,53.570942]]}},{"type":"Feature","properties":{"pressure":"HPL","kind":"main","asset_id":"888888012404","spec":"457MM ST","diameter_mm":457,"material":"ST","surveyed":"20250729"},"geometry":{"type":"LineString","coordinates":[[-2.712944,53.570963],[-2.712914,53.570965],[-2.712857,53.570977]]}},{"type":"Feature","properties":{"pressure":"HPL","kind":"main","asset_id":"900000297369","spec":"457MM ST","diameter_mm":457,"material":"ST","surveyed":"20250729"},"geometry":{"type":"LineString","coordinates":[[-2.713382,53.570942],[-2.713359,53.570944],[-2.712944,53.570963]]}},{"type":"Feature","properties":{"pressure":"HPL","kind":"main","asset_id":"220000062300","spec":"610MM ST","diameter_mm":610,"material":"ST","surveyed":"20240221"},"geometry":{"type":"LineString","coordinates":[[-2.695251,53.519632],[-2.695366,53.519814],[-2.696057,53.52123],[-2.696139,53.521632],[-2.696141,53.521639]]}},{"type":"Feature","properties":{"pressure":"HPL","kind":"main","asset_id":"220000062300","spec":"610MM ST","diameter_mm":610,"material":"ST","surveyed":"20260603"},"geometry":{"type":"LineString","coordinates":[[-2.697495,53.526125],[-2.697579,53.526701],[-2.697754,53.527928],[-2.697814,53.528409],[-2.697878,53.528839],[-2.697938,53.529233],[-2.69799,53.529668],[-2.698048,53.530265],[-2.697717,53.5305],[-2.697607,53.530578],[-2.697615,53.530616],[-2.697615,53.530619]]}},{"type":"Feature","properties":{"pressure":"HPL","kind":"main","asset_id":"220000062300","spec":"610MM ST","diameter_mm":610,"material":"ST","surveyed":"20260101"},"geometry":{"type":"LineString","coordinates":[[-2.696141,53.521639],[-2.696165,53.521743],[-2.696294,53.522222],[-2.696524,53.522984],[-2.696566,53.523129],[-2.696707,53.52353],[-2.696868,53.524059],[-2.697018,53.524421],[-2.697168,53.524648],[-2.697275,53.524937],[-2.697302,53.525096],[-2.697495,53.526125]]}},{"type":"Feature","properties":{"pressure":"HPL","kind":"main","asset_id":"888888011776","spec":"610MM ST","diameter_mm":610,"material":"ST","surveyed":"20260604"},"geometry":{"type":"LineString","coordinates":[[-2.695557,53.538304],[-2.69575,53.538363],[-2.695928,53.538418],[-2.695828,53.538545],[-2.695706,53.538696],[-2.696014,53.539617]]}},{"type":"Feature","properties":{"pressure":"HPL","kind":"main","asset_id":"888888012848","spec":"219MM ST","diameter_mm":219,"material":"ST","surveyed":"20260604"},"geometry":{"type":"LineString","coordinates":[[-2.710592,53.535098],[-2.71038,53.535039],[-2.710376,53.535038]]}},{"type":"Feature","properties":{"pressure":"HPL","kind":"main","asset_id":"888888012848","spec":"219MM ST","diameter_mm":219,"material":"ST","surveyed":"20250729"},"geometry":{"type":"LineString","coordinates":[[-2.703006,53.532576],[-2.702386,53.532483],[-2.701862,53.532389],[-2.701166,53.532258],[-2.700395,53.532037],[-2.700223,53.532017],[-2.700064,53.531999],[-2.699949,53.531974],[-2.699473,53.531859],[-2.699175,53.53161],[-2.699244,53.531212],[-2.699222,53.531037]]}},{"type":"Feature","properties":{"pressure":"HPL","kind":"main","asset_id":"888888012849","spec":"219MM ST","diameter_mm":219,"material":"ST","surveyed":"20250729"},"geometry":{"type":"LineString","coordinates":[[-2.699222,53.531037],[-2.699201,53.530874],[-2.698911,53.530906],[-2.69776,53.530983],[-2.697732,53.530975]]}},{"type":"Feature","properties":{"pressure":"HPL","kind":"main","asset_id":"888888012846","spec":"219MM ST","diameter_mm":219,"material":"ST","surveyed":"20250729"},"geometry":{"type":"LineString","coordinates":[[-2.697666,53.530735],[-2.697655,53.530693]]}},{"type":"Feature","properties":{"pressure":"HPL","kind":"main","asset_id":"888888011775","spec":"610MM ST","diameter_mm":610,"material":"ST","surveyed":"20250729"},"geometry":{"type":"LineString","coordinates":[[-2.697703,53.531074],[-2.697766,53.531404],[-2.69668,53.531918],[-2.695461,53.532497]]}},{"type":"Feature","properties":{"pressure":"HPL","kind":"main","asset_id":"220000062300","spec":"610MM ST","diameter_mm":610,"material":"ST","surveyed":"20250729"},"geometry":{"type":"LineString","coordinates":[[-2.697615,53.530619],[-2.697634,53.53072]]}},{"type":"Feature","properties":{"pressure":"HPL","kind":"main","asset_id":"900000297344","spec":"219MM ST","diameter_mm":219,"material":"ST","surveyed":"20250729"},"geometry":{"type":"LineString","coordinates":[[-2.697732,53.530975],[-2.697724,53.530973],[-2.697666,53.530735]]}},{"type":"Feature","properties":{"pressure":"HPL","kind":"main","asset_id":"220000062298","spec":"610MM ST","diameter_mm":610,"material":"ST","surveyed":"20250729"},"geometry":{"type":"LineString","coordinates":[[-2.697634,53.53072],[-2.697703,53.531074]]}},{"type":"Feature","properties":{"pressure":"HPL","kind":"main","asset_id":"888888012848","spec":"219MM ST","diameter_mm":219,"material":"ST","surveyed":"20260604"},"geometry":{"type":"LineString","coordinates":[[-2.710376,53.535038],[-2.709722,53.534825],[-2.70975,53.534795],[-2.7098,53.534745],[-2.709902,53.534632],[-2.710007,53.534533],[-2.709357,53.534355],[-2.708336,53.534037],[-2.708029,53.533944],[-2.70731,53.5337],[-2.706773,53.533526],[-2.706087,53.533329],[-2.705278,53.533096],[-2.70464,53.532924],[-2.703656,53.532662],[-2.70343,53.532624],[-2.703116,53.532592],[-2.703006,53.532576]]}},{"type":"Feature","properties":{"pressure":"HPL","kind":"main","asset_id":"888888011797","spec":"610MM ST","diameter_mm":610,"material":"ST","surveyed":"20251215"},"geometry":{"type":"LineString","coordinates":[[-2.697027,53.544105],[-2.697052,53.544236],[-2.697159,53.544785],[-2.697356,53.545369],[-2.697401,53.54548],[-2.697548,53.545836],[-2.697631,53.546027],[-2.697686,53.546182],[-2.697845,53.546567]]}},{"type":"Feature","properties":{"pressure":"HPL","kind":"main","asset_id":"888888011798","spec":"610MM ST","diameter_mm":610,"material":"ST","surveyed":"20251215"},"geometry":{"type":"LineString","coordinates":[[-2.697845,53.546567],[-2.698198,53.547332],[-2.698402,53.547767],[-2.698619,53.54819],[-2.698742,53.548453],[-2.698833,53.548589]]}},{"type":"Feature","properties":{"pressure":"HPL","kind":"main","asset_id":"888888011777","spec":"610MM ST","diameter_mm":610,"material":"ST","surveyed":"20251215"},"geometry":{"type":"LineString","coordinates":[[-2.699872,53.548577],[-2.69994,53.548561],[-2.700127,53.548506],[-2.700201,53.548581]]}},{"type":"Feature","properties":{"pressure":"HPL","kind":"main","asset_id":"900000296947","spec":"610MM ST","diameter_mm":610,"material":"ST","surveyed":"20251215"},"geometry":{"type":"LineString","coordinates":[[-2.699849,53.548583],[-2.699872,53.548577]]}},{"type":"Feature","properties":{"pressure":"HPL","kind":"main","asset_id":"888888011776","spec":"610MM ST","diameter_mm":610,"material":"ST","surveyed":"20251218"},"geometry":{"type":"LineString","coordinates":[[-2.696014,53.539617],[-2.696227,53.540083],[-2.69646,53.540699]]}},{"type":"Feature","properties":{"pressure":"HPL","kind":"main","asset_id":"888888011797","spec":"610MM ST","diameter_mm":610,"material":"ST","surveyed":"20251218"},"geometry":{"type":"LineString","coordinates":[[-2.69646,53.540699],[-2.696499,53.540915],[-2.696577,53.541424],[-2.696652,53.541885],[-2.69675,53.542583],[-2.696866,53.543264],[-2.696982,53.543863],[-2.697027,53.544105]]}},{"type":"Feature","properties":{"pressure":"HPL","kind":"main","asset_id":"888888011778","spec":"610MM ST","diameter_mm":610,"material":"ST","surveyed":"20251008"},"geometry":{"type":"LineString","coordinates":[[-2.702486,53.553062],[-2.702563,53.553322],[-2.702669,53.553678],[-2.702734,53.553947],[-2.702806,53.554284],[-2.70293,53.554855],[-2.703116,53.555755],[-2.703189,53.556234],[-2.703235,53.556658],[-2.703243,53.556939],[-2.703185,53.557276],[-2.703174,53.557401],[-2.703155,53.557552]]}},{"type":"Feature","properties":{"pressure":"HPL","kind":"main","asset_id":"888888011798","spec":"610MM ST","diameter_mm":610,"material":"ST","surveyed":"20251218"},"geometry":{"type":"LineString","coordinates":[[-2.698833,53.548589],[-2.698983,53.548804],[-2.699243,53.548738]]}},{"type":"Feature","properties":{"pressure":"HPL","kind":"main","asset_id":"888888011777","spec":"610MM ST","diameter_mm":610,"material":"ST","surveyed":"20251218"},"geometry":{"type":"LineString","coordinates":[[-2.700201,53.548581],[-2.700202,53.548581],[-2.700231,53.548612],[-2.700283,53.548663]]}},{"type":"Feature","properties":{"pressure":"HPL","kind":"main","asset_id":"888888011799","spec":"610MM ST","diameter_mm":610,"material":"ST","surveyed":"20251218"},"geometry":{"type":"LineString","coordinates":[[-2.700283,53.548663],[-2.700293,53.548672],[-2.700568,53.549157],[-2.700862,53.549649],[-2.700992,53.549869],[-2.701172,53.550186],[-2.701409,53.550603],[-2.7016,53.550938],[-2.7017,53.551141],[-2.701832,53.551389],[-2.701942,53.551605],[-2.701963,53.551654]]}},{"type":"Feature","properties":{"pressure":"HPL","kind":"main","asset_id":"888888011778","spec":"610MM ST","diameter_mm":610,"material":"ST","surveyed":"20251218"},"geometry":{"type":"LineString","coordinates":[[-2.70208,53.551922],[-2.702351,53.5526],[-2.702423,53.55285],[-2.702486,53.553062]]}},{"type":"Feature","properties":{"pressure":"HPL","kind":"main","asset_id":"900000296947","spec":"610MM ST","diameter_mm":610,"material":"ST","surveyed":"20251218"},"geometry":{"type":"LineString","coordinates":[[-2.699243,53.548738],[-2.699524,53.548666],[-2.699849,53.548583]]}},{"type":"Feature","properties":{"pressure":"HPL","kind":"main","asset_id":"900000296948","spec":"610MM ST","diameter_mm":610,"material":"ST","surveyed":"20251218"},"geometry":{"type":"LineString","coordinates":[[-2.701963,53.551654],[-2.702064,53.551882],[-2.70208,53.551922]]}},{"type":"Feature","properties":{"pressure":"HPL","kind":"main","asset_id":"888888011802","spec":"610MM ST","diameter_mm":610,"material":"ST","surveyed":"20260603"},"geometry":{"type":"LineString","coordinates":[[-2.702042,53.562315],[-2.701993,53.562346],[-2.701331,53.562822],[-2.701095,53.563607],[-2.700932,53.564155],[-2.700496,53.565747],[-2.700337,53.566557]]}},{"type":"Feature","properties":{"pressure":"HPL","kind":"main","asset_id":"220000062387","spec":"610MM ST","diameter_mm":610,"material":"ST","surveyed":"20260603"},"geometry":{"type":"LineString","coordinates":[[-2.7035,53.562366],[-2.70333,53.562409],[-2.70232,53.562156],[-2.702247,53.562184],[-2.70221,53.562208]]}},{"type":"Feature","properties":{"pressure":"HPL","kind":"main","asset_id":"220000062386","spec":"610MM ST","diameter_mm":610,"material":"ST","surveyed":"20260603"},"geometry":{"type":"LineString","coordinates":[[-2.70221,53.562208],[-2.702042,53.562315]]}},{"type":"Feature","properties":{"pressure":"HPL","kind":"main","asset_id":"888888011779","spec":"610MM ST","diameter_mm":610,"material":"ST","surveyed":"20250220"},"geometry":{"type":"LineString","coordinates":[[-2.704208,53.56204],[-2.704293,53.562141],[-2.704277,53.562204],[-2.703854,53.562295]]}},{"type":"Feature","properties":{"pressure":"HPL","kind":"main","asset_id":"888888011801","spec":"610MM ST","diameter_mm":610,"material":"ST","surveyed":"20250220"},"geometry":{"type":"LineString","coordinates":[[-2.703854,53.562295],[-2.703561,53.562351]]}},{"type":"Feature","properties":{"pressure":"HPL","kind":"main","asset_id":"220000062387","spec":"610MM ST","diameter_mm":610,"material":"ST","surveyed":"20250220"},"geometry":{"type":"LineString","coordinates":[[-2.703561,53.562351],[-2.703513,53.562363],[-2.7035,53.562366]]}},{"type":"Feature","properties":{"pressure":"HPL","kind":"main","asset_id":"888888011778","spec":"610MM ST","diameter_mm":610,"material":"ST","surveyed":"20260603"},"geometry":{"type":"LineString","coordinates":[[-2.703155,53.557552],[-2.703155,53.557553],[-2.703083,53.557961],[-2.703035,53.558239],[-2.702937,53.558783],[-2.702882,53.559059],[-2.702811,53.559348],[-2.702762,53.559618],[-2.702779,53.55995],[-2.703076,53.560239],[-2.703367,53.560588],[-2.703468,53.560727],[-2.703473,53.560741]]}},{"type":"Feature","properties":{"pressure":"HPL","kind":"main","asset_id":"888888011779","spec":"610MM ST","diameter_mm":610,"material":"ST","surveyed":"20260603"},"geometry":{"type":"LineString","coordinates":[[-2.703471,53.561264],[-2.703434,53.561317],[-2.703483,53.561367],[-2.703484,53.561368]]}},{"type":"Feature","properties":{"pressure":"HPL","kind":"main","asset_id":"900000299623","spec":"610MM ST","diameter_mm":610,"material":"ST","surveyed":"20260603"},"geometry":{"type":"LineString","coordinates":[[-2.703482,53.561248],[-2.703471,53.561264]]}},{"type":"Feature","properties":{"pressure":"HPL","kind":"main","asset_id":"888888011778","spec":"610MM ST","diameter_mm":610,"material":"ST","surveyed":"20250729"},"geometry":{"type":"LineString","coordinates":[[-2.703473,53.560741],[-2.703523,53.560868],[-2.703586,53.561109],[-2.703553,53.561153]]}},{"type":"Feature","properties":{"pressure":"HPL","kind":"main","asset_id":"888888011779","spec":"610MM ST","diameter_mm":610,"material":"ST","surveyed":"20250729"},"geometry":{"type":"LineString","coordinates":[[-2.703484,53.561368],[-2.703943,53.561741],[-2.704046,53.561844],[-2.704208,53.56204]]}},{"type":"Feature","properties":{"pressure":"HPL","kind":"main","asset_id":"900000299623","spec":"610MM ST","diameter_mm":610,"material":"ST","surveyed":"20250729"},"geometry":{"type":"LineString","coordinates":[[-2.703553,53.561153],[-2.703482,53.561247],[-2.703482,53.561248]]}},{"type":"Feature","properties":{"pressure":"HPL","kind":"main","asset_id":"888888012404","spec":"457MM ST","diameter_mm":457,"material":"ST","surveyed":"20251217"},"geometry":{"type":"LineString","coordinates":[[-2.703657,53.571815],[-2.70362,53.571826],[-2.703542,53.571854],[-2.703464,53.571881]]}},{"type":"Feature","properties":{"pressure":"HPL","kind":"main","asset_id":"888888012395","spec":"457MM ST","diameter_mm":457,"material":"ST","surveyed":"20251217"},"geometry":{"type":"LineString","coordinates":[[-2.702593,53.572482],[-2.702579,53.572493],[-2.702307,53.57267],[-2.702084,53.572781]]}},{"type":"Feature","properties":{"pressure":"HPL","kind":"main","asset_id":"888888012407","spec":"457MM ST","diameter_mm":457,"material":"ST","surveyed":"20251217"},"geometry":{"type":"LineString","coordinates":[[-2.702084,53.572781],[-2.701987,53.572829]]}},{"type":"Feature","properties":{"pressure":"HPL","kind":"main","asset_id":"888888012408","spec":"457MM ST","diameter_mm":457,"material":"ST","surveyed":"20251217"},"geometry":{"type":"LineString","coordinates":[[-2.701987,53.572829],[-2.701947,53.572858],[-2.701535,53.573064],[-2.701398,53.573118],[-2.700887,53.573288],[-2.700756,53.573336],[-2.700653,53.573367],[-2.700327,53.57332],[-2.69981,53.573226],[-2.699278,53.573131],[-2.698737,53.573025]]}},{"type":"Feature","properties":{"pressure":"HPL","kind":"main","asset_id":"888888012409","spec":"457MM ST","diameter_mm":457,"material":"ST","surveyed":"20251217"},"geometry":{"type":"LineString","coordinates":[[-2.698737,53.573025],[-2.698685,53.573022],[-2.698599,53.573011],[-2.698427,53.572916]]}},{"type":"Feature","properties":{"pressure":"HPL","kind":"main","asset_id":"888888011800","spec":"610MM ST","diameter_mm":610,"material":"ST","surveyed":"20251217"},"geometry":{"type":"LineString","coordinates":[[-2.699168,53.571058],[-2.699166,53.571093],[-2.699179,53.571184]]}},{"type":"Feature","properties":{"pressure":"HPL","kind":"main","asset_id":"888888011769","spec":"610MM ST","diameter_mm":610,"material":"ST","surveyed":"20251217"},"geometry":{"type":"LineString","coordinates":[[-2.699189,53.571355],[-2.699189,53.571359],[-2.698536,53.572695]]}},{"type":"Feature","properties":{"pressure":"HPL","kind":"main","asset_id":"888888011803","spec":"610MM ST","diameter_mm":610,"material":"ST","surveyed":"20251217"},"geometry":{"type":"LineString","coordinates":[[-2.698536,53.572695],[-2.698427,53.572916]]}},{"type":"Feature","properties":{"pressure":"HPL","kind":"main","asset_id":"888888012363","spec":"610MM ST","diameter_mm":610,"material":"ST","surveyed":"20251217"},"geometry":{"type":"LineString","coordinates":[[-2.698427,53.572916],[-2.697925,53.573852],[-2.697642,53.574505],[-2.697678,53.574822],[-2.69771,53.57535],[-2.697689,53.575561]]}},{"type":"Feature","properties":{"pressure":"HPL","kind":"main","asset_id":"888888015868","spec":"610MM ST","diameter_mm":610,"material":"ST","surveyed":"20251217"},"geometry":{"type":"LineString","coordinates":[[-2.698549,53.572995],[-2.698556,53.573103],[-2.698392,53.573202],[-2.698087,53.573838]]}},{"type":"Feature","properties":{"pressure":"HPL","kind":"main","asset_id":"888888015870","spec":"610MM ST","diameter_mm":610,"material":"ST","surveyed":"20251217"},"geometry":{"type":"LineString","coordinates":[[-2.698087,53.573838],[-2.697776,53.574486],[-2.69784,53.57556]]}},{"type":"Feature","properties":{"pressure":"HPL","kind":"main","asset_id":"900000297359","spec":"457MM ST","diameter_mm":457,"material":"ST","surveyed":"20251217"},"geometry":{"type":"LineString","coordinates":[[-2.703464,53.571881],[-2.703406,53.571921],[-2.703347,53.571962],[-2.703294,53.57198],[-2.703171,53.572083],[-2.703127,53.572117],[-2.703021,53.572182],[-2.702937,53.572243],[-2.702675,53.572427],[-2.702593,53.572482]]}},{"type":"Feature","properties":{"pressure":"HPL","kind":"main","asset_id":"900000296949","spec":"610MM ST","diameter_mm":610,"material":"ST","surveyed":"20251217"},"geometry":{"type":"LineString","coordinates":[[-2.699179,53.571184],[-2.699179,53.571186],[-2.699189,53.571355]]}},{"type":"Feature","properties":{"pressure":"HPL","kind":"main","asset_id":"888888012404","spec":"457MM ST","diameter_mm":457,"material":"ST","surveyed":"20251218"},"geometry":{"type":"LineString","coordinates":[[-2.711198,53.57124],[-2.71119,53.571239],[-2.708749,53.571156],[-2.708174,53.571132],[-2.706477,53.571117],[-2.705732,53.571172],[-2.703765,53.571869],[-2.703732,53.571825],[-2.703719,53.571797],[-2.703719,53.571795],[-2.703671,53.57181],[-2.703657,53.571815]]}},{"type":"Feature","properties":{"pressure":"HPL","kind":"main","asset_id":"888888011800","spec":"610MM ST","diameter_mm":610,"material":"ST","surveyed":"20260603"},"geometry":{"type":"LineString","coordinates":[[-2.699933,53.568398],[-2.699885,53.568601],[-2.69973,53.569282],[-2.699556,53.569908],[-2.699425,53.570337],[-2.699184,53.570801],[-2.699168,53.571058]]}},{"type":"Feature","properties":{"pressure":"HPL","kind":"main","asset_id":"888888011802","spec":"610MM ST","diameter_mm":610,"material":"ST","surveyed":"20260603"},"geometry":{"type":"LineString","coordinates":[[-2.700337,53.566557],[-2.700335,53.566565],[-2.700262,53.567021],[-2.699933,53.568398]]}},{"type":"Feature","properties":{"pressure":"HPL","kind":"main","asset_id":"888888012363","spec":"610MM ST","diameter_mm":610,"material":"ST","surveyed":"20241130"},"geometry":{"type":"LineString","coordinates":[[-2.697689,53.575561],[-2.697689,53.575562],[-2.697681,53.575654],[-2.697425,53.57596],[-2.696976,53.576464],[-2.696666,53.576814],[-2.696198,53.577349]]}},{"type":"Feature","properties":{"pressure":"HPL","kind":"main","asset_id":"888888015870","spec":"610MM ST","diameter_mm":610,"material":"ST","surveyed":"20241130"},"geometry":{"type":"LineString","coordinates":[[-2.69784,53.57556],[-2.697852,53.575731],[-2.696525,53.577223],[-2.696203,53.577606],[-2.696202,53.577608]]}},{"type":"Feature","properties":{"pressure":"HPL","kind":"main","asset_id":"888888011774","spec":"610MM ST","diameter_mm":610,"material":"ST","surveyed":"20251104"},"geometry":{"type":"LineString","coordinates":[[-2.686415,53.499224],[-2.684812,53.501087],[-2.684766,53.501108],[-2.684174,53.501154],[-2.684061,53.501243],[-2.683645,53.501278],[-2.683242,53.501606],[-2.683198,53.50177],[-2.683175,53.50179],[-2.682806,53.501791],[-2.682305,53.50179],[-2.681667,53.501811],[-2.681521,53.501819],[-2.681478,53.501835],[-2.681229,53.502313],[-2.681211,53.502844],[-2.681192,53.5033],[-2.681179,53.503559],[-2.681171,53.503743],[-2.681171,53.503748]]}},{"type":"Feature","properties":{"pressure":"HPL","kind":"main","asset_id":"888888011774","spec":"610MM ST","diameter_mm":610,"material":"ST","surveyed":"20251214"},"geometry":{"type":"LineString","coordinates":[[-2.687361,53.498126],[-2.687064,53.498468],[-2.686415,53.499224]]}},{"type":"Feature","properties":{"pressure":"HPL","kind":"main","asset_id":"888888011774","spec":"610MM ST","diameter_mm":610,"material":"ST","surveyed":"20250303"},"geometry":{"type":"LineString","coordinates":[[-2.6935,53.494688],[-2.6935,53.494689],[-2.693493,53.49473],[-2.693447,53.494896],[-2.693402,53.495151],[-2.693381,53.495276],[-2.693333,53.495574],[-2.693315,53.495702],[-2.693243,53.496026],[-2.693214,53.496165],[-2.693192,53.496208],[-2.693154,53.496348],[-2.693,53.496842],[-2.692924,53.497106],[-2.692851,53.497347],[-2.692393,53.497258],[-2.691941,53.497178],[-2.691058,53.497081],[-2.690702,53.497041],[-2.690355,53.497011],[-2.689819,53.496961],[-2.689555,53.49694],[-2.689037,53.496901],[-2.68762,53.497817],[-2.687362,53.498125],[-2.687361,53.498126]]}},{"type":"Feature","properties":{"pressure":"HPL","kind":"main","asset_id":"888888011774","spec":"610MM ST","diameter_mm":610,"material":"ST","surveyed":"20250923"},"geometry":{"type":"LineString","coordinates":[[-2.680044,53.511871],[-2.680138,53.511867],[-2.680216,53.51187],[-2.680464,53.51189],[-2.680961,53.51193],[-2.681554,53.512008],[-2.682346,53.512147],[-2.682903,53.512283],[-2.683749,53.512519],[-2.68424,53.512688],[-2.684323,53.512719]]}},{"type":"Feature","properties":{"pressure":"HPL","kind":"main","asset_id":"888888011774","spec":"610MM ST","diameter_mm":610,"material":"ST","surveyed":"20250923"},"geometry":{"type":"LineString","coordinates":[[-2.682937,53.508232],[-2.682957,53.508246],[-2.683114,53.508354],[-2.68349,53.508632],[-2.684153,53.509139],[-2.684515,53.509403],[-2.684805,53.509686],[-2.685175,53.510053],[-2.684918,53.510592],[-2.684888,53.510603],[-2.684858,53.510609],[-2.683473,53.510795],[-2.682771,53.511451],[-2.682744,53.511454],[-2.68199,53.51139],[-2.681068,53.511284],[-2.68047,53.511147],[-2.680336,53.511073],[-2.680298,53.511078],[-2.680192,53.511176],[-2.680038,53.511465],[-2.680037,53.511466]]}},{"type":"Feature","properties":{"pressure":"HPL","kind":"main","asset_id":"888888011774","spec":"610MM ST","diameter_mm":610,"material":"ST","surveyed":"20250303"},"geometry":{"type":"LineString","coordinates":[[-2.681171,53.503748],[-2.681164,53.503925],[-2.681152,53.504223],[-2.681143,53.504567],[-2.681201,53.504617],[-2.681274,53.504684],[-2.681338,53.50475],[-2.681396,53.50482],[-2.681407,53.504873],[-2.681132,53.505052],[-2.680866,53.505236],[-2.680846,53.505272],[-2.680835,53.505309],[-2.681121,53.506123],[-2.681146,53.506691],[-2.681295,53.507087],[-2.681528,53.507258],[-2.682937,53.508232]]}},{"type":"Feature","properties":{"pressure":"HPL","kind":"main","asset_id":"220000062300","spec":"610MM ST","diameter_mm":610,"material":"ST","surveyed":"20251022"},"geometry":{"type":"LineString","coordinates":[[-2.693421,53.51716],[-2.693585,53.51732],[-2.693781,53.51761],[-2.693873,53.51774],[-2.693972,53.517868],[-2.694059,53.517984],[-2.694146,53.518096],[-2.694498,53.518567],[-2.694593,53.518668],[-2.69468,53.518792],[-2.694846,53.519006],[-2.694987,53.519197],[-2.695168,53.519502],[-2.695251,53.519632]]}},{"type":"Feature","properties":{"pressure":"HPL","kind":"main","asset_id":"888888011774","spec":"610MM ST","diameter_mm":610,"material":"ST","surveyed":"20260603"},"geometry":{"type":"LineString","coordinates":[[-2.684323,53.512719],[-2.684418,53.512753],[-2.684988,53.512965],[-2.685188,53.513047],[-2.68561,53.513181],[-2.68644,53.513412],[-2.68692,53.513542],[-2.687161,53.513609]]}},{"type":"Feature","properties":{"pressure":"HPL","kind":"main","asset_id":"220000062300","spec":"610MM ST","diameter_mm":610,"material":"ST","surveyed":"20260603"},"geometry":{"type":"LineString","coordinates":[[-2.68751,53.513704],[-2.687608,53.51373],[-2.687614,53.513732]]}},{"type":"Feature","properties":{"pressure":"HPL","kind":"main","asset_id":"900000296945","spec":"610MM ST","diameter_mm":610,"material":"ST","surveyed":"20260603"},"geometry":{"type":"LineString","coordinates":[[-2.687161,53.513609],[-2.68737,53.513667],[-2.68751,53.513704]]}},{"type":"Feature","properties":{"pressure":"HPL","kind":"main","asset_id":"220000062300","spec":"610MM ST","diameter_mm":610,"material":"ST","surveyed":"20241003"},"geometry":{"type":"LineString","coordinates":[[-2.687614,53.513732],[-2.687858,53.513796],[-2.688172,53.51389],[-2.688645,53.5141],[-2.68903,53.514277],[-2.689399,53.514451],[-2.689887,53.514697],[-2.690241,53.514877],[-2.690636,53.515082],[-2.690814,53.51519],[-2.691156,53.515392],[-2.691527,53.515648],[-2.691906,53.515911],[-2.692201,53.516117],[-2.692342,53.516216],[-2.692632,53.516444],[-2.692917,53.516673],[-2.693166,53.516913],[-2.693415,53.517155],[-2.693421,53.51716]]}},{"type":"Feature","properties":{"pressure":"HPL","kind":"main","asset_id":"888888011776","spec":"610MM ST","diameter_mm":610,"material":"ST","surveyed":"20251218"},"geometry":{"type":"LineString","coordinates":[[-2.693436,53.535137],[-2.693427,53.5354],[-2.693107,53.535564],[-2.693347,53.53581],[-2.695388,53.535949],[-2.69496,53.537206],[-2.694841,53.537543],[-2.694747,53.537814],[-2.694656,53.538001],[-2.694608,53.538095],[-2.694894,53.538147],[-2.695076,53.538181],[-2.695365,53.538246],[-2.69543,53.538265],[-2.695557,53.538304]]}},{"type":"Feature","properties":{"pressure":"HPL","kind":"main","asset_id":"888888011776","spec":"610MM ST","diameter_mm":610,"material":"ST","surveyed":"20260604"},"geometry":{"type":"LineString","coordinates":[[-2.691943,53.534426],[-2.691935,53.534439],[-2.693441,53.535009],[-2.693436,53.535137]]}},{"type":"Feature","properties":{"pressure":"HPL","kind":"main","asset_id":"888888011775","spec":"610MM ST","diameter_mm":610,"material":"ST","surveyed":"20260604"},"geometry":{"type":"LineString","coordinates":[[-2.695461,53.532497],[-2.695441,53.532507],[-2.694557,53.532905],[-2.694382,53.532914],[-2.693232,53.532768],[-2.692903,53.53278],[-2.692859,53.532916],[-2.692702,53.533174]]}},{"type":"Feature","properties":{"pressure":"HPL","kind":"main","asset_id":"900000296946","spec":"610MM ST","diameter_mm":610,"material":"ST","surveyed":"20260604"},"geometry":{"type":"LineString","coordinates":[[-2.692702,53.533174],[-2.692231,53.533951]]}},{"type":"Feature","properties":{"pressure":"HPL","kind":"main","asset_id":"888888011796","spec":"610MM ST","diameter_mm":610,"material":"ST","surveyed":"20260604"},"geometry":{"type":"LineString","coordinates":[[-2.692231,53.533951],[-2.691943,53.534426]]}},{"type":"Feature","properties":{"pressure":"HPL","kind":"main","asset_id":"888888012363","spec":"610MM ST","diameter_mm":610,"material":"ST","surveyed":"20250424"},"geometry":{"type":"LineString","coordinates":[[-2.694864,53.580072],[-2.694756,53.580567],[-2.694691,53.580876],[-2.694447,53.582432],[-2.694387,53.582803],[-2.694274,53.584078],[-2.694273,53.58441],[-2.694269,53.584569]]}},{"type":"Feature","properties":{"pressure":"HPL","kind":"main","asset_id":"888888015870","spec":"610MM ST","diameter_mm":610,"material":"ST","surveyed":"20250424"},"geometry":{"type":"LineString","coordinates":[[-2.694998,53.580071],[-2.694852,53.580859],[-2.69476,53.581474],[-2.694575,53.58262],[-2.694517,53.583008],[-2.694366,53.584272],[-2.694357,53.584333],[-2.694363,53.584492],[-2.694368,53.584569]]}},{"type":"Feature","properties":{"pressure":"HPL","kind":"main","asset_id":"888888012363","spec":"610MM ST","diameter_mm":610,"material":"ST","surveyed":"20251214"},"geometry":{"type":"LineString","coordinates":[[-2.696198,53.577349],[-2.696197,53.57735],[-2.696182,53.577367],[-2.695773,53.577873],[-2.695537,53.578349],[-2.695215,53.578979],[-2.695132,53.579172],[-2.694895,53.579913],[-2.694864,53.580071],[-2.694864,53.580072]]}},{"type":"Feature","properties":{"pressure":"HPL","kind":"main","asset_id":"888888015870","spec":"610MM ST","diameter_mm":610,"material":"ST","surveyed":"20251214"},"geometry":{"type":"LineString","coordinates":[[-2.696202,53.577608],[-2.695934,53.577927],[-2.695032,53.579892],[-2.694998,53.580069],[-2.694998,53.580071]]}},{"type":"Feature","properties":{"pressure":"HPL","kind":"main","asset_id":"888888011774","spec":"610MM ST","diameter_mm":610,"material":"ST","surveyed":"20250303"},"geometry":{"type":"LineString","coordinates":[[-2.680037,53.511466],[-2.67983,53.511829],[-2.679994,53.511872],[-2.68004,53.511871],[-2.680044,53.511871]]}},{"type":"Feature","properties":{"pressure":"HPL","kind":"main","asset_id":"888888012363","spec":"610MM ST","diameter_mm":610,"material":"ST","surveyed":"20251214"},"geometry":{"type":"LineString","coordinates":[[-2.698042,53.589042],[-2.698001,53.58908],[-2.697369,53.589701],[-2.69705,53.590035],[-2.697045,53.590172],[-2.696568,53.590492],[-2.696448,53.590564],[-2.696415,53.590585],[-2.696415,53.590586]]}},{"type":"Feature","properties":{"pressure":"HPL","kind":"main","asset_id":"888888015870","spec":"610MM ST","diameter_mm":610,"material":"ST","surveyed":"20251214"},"geometry":{"type":"LineString","coordinates":[[-2.698271,53.58904],[-2.698271,53.589041],[-2.69813,53.589191],[-2.697298,53.590033],[-2.697455,53.590214],[-2.698289,53.591151],[-2.697617,53.591537]]}},{"type":"Feature","properties":{"pressure":"HPL","kind":"main","asset_id":"888888015871","spec":"610MM ST","diameter_mm":610,"material":"ST","surveyed":"20251214"},"geometry":{"type":"LineString","coordinates":[[-2.697617,53.591537],[-2.697379,53.591674],[-2.696697,53.593101],[-2.696581,53.593398],[-2.696509,53.593545]]}},{"type":"Feature","properties":{"pressure":"HPL","kind":"main","asset_id":"888888012363","spec":"610MM ST","diameter_mm":610,"material":"ST","surveyed":"20251214"},"geometry":{"type":"LineString","coordinates":[[-2.698351,53.58874],[-2.698042,53.589042]]}},{"type":"Feature","properties":{"pressure":"HPL","kind":"main","asset_id":"888888012363","spec":"610MM ST","diameter_mm":610,"material":"ST","surveyed":"20251214"},"geometry":{"type":"LineString","coordinates":[[-2.696367,53.587673],[-2.696368,53.587673],[-2.696626,53.58779],[-2.697347,53.58812],[-2.698209,53.588522],[-2.698458,53.588634],[-2.698351,53.58874]]}},{"type":"Feature","properties":{"pressure":"HPL","kind":"main","asset_id":"888888015870","spec":"610MM ST","diameter_mm":610,"material":"ST","surveyed":"20251214"},"geometry":{"type":"LineString","coordinates":[[-2.698351,53.58874],[-2.698492,53.588805],[-2.698271,53.58904]]}},{"type":"Feature","properties":{"pressure":"HPL","kind":"main","asset_id":"888888015870","spec":"610MM ST","diameter_mm":610,"material":"ST","surveyed":"20251214"},"geometry":{"type":"LineString","coordinates":[[-2.69637,53.587823],[-2.698351,53.58874]]}},{"type":"Feature","properties":{"pressure":"HPL","kind":"main","asset_id":"888888015871","spec":"610MM ST","diameter_mm":610,"material":"ST","surveyed":"20251214"},"geometry":{"type":"LineString","coordinates":[[-2.696509,53.593545],[-2.696465,53.593634]]}},{"type":"Feature","properties":{"pressure":"HPL","kind":"main","asset_id":"888888012363","spec":"610MM ST","diameter_mm":610,"material":"ST","surveyed":"20260110"},"geometry":{"type":"LineString","coordinates":[[-2.696415,53.590586],[-2.696258,53.590682],[-2.696144,53.590762],[-2.695998,53.590882],[-2.695916,53.590957],[-2.695875,53.591101],[-2.695586,53.591551],[-2.695487,53.591696],[-2.695402,53.591825],[-2.695282,53.591988],[-2.695181,53.592126],[-2.695068,53.592291],[-2.694841,53.592589],[-2.694661,53.592843],[-2.694587,53.592943],[-2.694552,53.593022],[-2.69445,53.593292],[-2.694422,53.593394],[-2.69438,53.593557]]}},{"type":"Feature","properties":{"pressure":"HPL","kind":"main","asset_id":"888888012363","spec":"610MM ST","diameter_mm":610,"material":"ST","surveyed":"20260110"},"geometry":{"type":"LineString","coordinates":[[-2.694892,53.587009],[-2.69562,53.587324],[-2.696367,53.587673]]}},{"type":"Feature","properties":{"pressure":"HPL","kind":"main","asset_id":"888888012363","spec":"610MM ST","diameter_mm":610,"material":"ST","surveyed":"20260110"},"geometry":{"type":"LineString","coordinates":[[-2.694269,53.584569],[-2.694269,53.584572],[-2.694266,53.584842],[-2.694283,53.585382],[-2.69447,53.586192],[-2.694752,53.586949],[-2.694892,53.587009]]}},{"type":"Feature","properties":{"pressure":"HPL","kind":"main","asset_id":"888888015870","spec":"610MM ST","diameter_mm":610,"material":"ST","surveyed":"20260110"},"geometry":{"type":"LineString","coordinates":[[-2.694892,53.587009],[-2.694943,53.58716],[-2.696369,53.587823],[-2.69637,53.587823]]}},{"type":"Feature","properties":{"pressure":"HPL","kind":"main","asset_id":"888888015870","spec":"610MM ST","diameter_mm":610,"material":"ST","surveyed":"20260110"},"geometry":{"type":"LineString","coordinates":[[-2.694368,53.584569],[-2.694464,53.585586],[-2.694538,53.58588],[-2.694639,53.58627],[-2.694892,53.587009]]}},{"type":"Feature","properties":{"pressure":"HPL","kind":"main","asset_id":"888888015872","spec":"610MM ST","diameter_mm":610,"material":"ST","surveyed":"20240607"},"geometry":{"type":"LineString","coordinates":[[-2.688991,53.598539],[-2.688599,53.59857],[-2.68342,53.598737],[-2.681433,53.598392]]}},{"type":"Feature","properties":{"pressure":"HPL","kind":"main","asset_id":"888888012384","spec":"610MM ST","diameter_mm":610,"material":"ST","surveyed":"20241221"},"geometry":{"type":"LineString","coordinates":[[-2.693024,53.598667],[-2.693086,53.599612],[-2.692847,53.60022],[-2.692102,53.601678],[-2.691698,53.602516],[-2.691675,53.602561]]}},{"type":"Feature","properties":{"pressure":"HPL","kind":"main","asset_id":"888888012384","spec":"610MM ST","diameter_mm":610,"material":"ST","surveyed":"20241221"},"geometry":{"type":"LineString","coordinates":[[-2.693155,53.598059],[-2.693014,53.598509],[-2.693024,53.598667]]}},{"type":"Feature","properties":{"pressure":"HPL","kind":"main","asset_id":"888888015871","spec":"610MM ST","diameter_mm":610,"material":"ST","surveyed":"20241221"},"geometry":{"type":"LineString","coordinates":[[-2.693274,53.598058],[-2.693209,53.598244],[-2.693065,53.59867]]}},{"type":"Feature","properties":{"pressure":"HPL","kind":"main","asset_id":"888888015872","spec":"610MM ST","diameter_mm":610,"material":"ST","surveyed":"20241221"},"geometry":{"type":"LineString","coordinates":[[-2.693065,53.59867],[-2.693024,53.598667]]}},{"type":"Feature","properties":{"pressure":"HPL","kind":"main","asset_id":"888888015872","spec":"610MM ST","diameter_mm":610,"material":"ST","surveyed":"20241221"},"geometry":{"type":"LineString","coordinates":[[-2.693024,53.598667],[-2.692368,53.598622],[-2.691163,53.598493],[-2.690808,53.598489],[-2.689014,53.598538],[-2.688991,53.598539]]}},{"type":"Feature","properties":{"pressure":"HPL","kind":"main","asset_id":"888888012363","spec":"610MM ST","diameter_mm":610,"material":"ST","surveyed":"20241221"},"geometry":{"type":"LineString","coordinates":[[-2.69438,53.593557],[-2.694373,53.593591],[-2.694319,53.593893],[-2.694307,53.594066],[-2.694309,53.594294],[-2.694364,53.594459],[-2.69442,53.59456]]}},{"type":"Feature","properties":{"pressure":"HPL","kind":"main","asset_id":"888888012383","spec":"610MM ST","diameter_mm":610,"material":"ST","surveyed":"20241221"},"geometry":{"type":"LineString","coordinates":[[-2.693573,53.597163],[-2.693404,53.59721],[-2.693166,53.59802]]}},{"type":"Feature","properties":{"pressure":"HPL","kind":"main","asset_id":"888888012383","spec":"610MM ST","diameter_mm":610,"material":"ST","surveyed":"20241221"},"geometry":{"type":"LineString","coordinates":[[-2.694899,53.595276],[-2.694927,53.595307],[-2.695295,53.59571],[-2.695678,53.596147],[-2.695986,53.596483],[-2.695004,53.596762],[-2.693573,53.597163]]}},{"type":"Feature","properties":{"pressure":"HPL","kind":"main","asset_id":"888888012383","spec":"610MM ST","diameter_mm":610,"material":"ST","surveyed":"20241221"},"geometry":{"type":"LineString","coordinates":[[-2.69442,53.59456],[-2.694444,53.594603],[-2.694687,53.59504],[-2.694899,53.595276]]}},{"type":"Feature","properties":{"pressure":"HPL","kind":"main","asset_id":"888888012384","spec":"610MM ST","diameter_mm":610,"material":"ST","surveyed":"20241221"},"geometry":{"type":"LineString","coordinates":[[-2.693166,53.59802],[-2.693155,53.598057],[-2.693155,53.598059]]}},{"type":"Feature","properties":{"pressure":"HPL","kind":"main","asset_id":"888888015871","spec":"610MM ST","diameter_mm":610,"material":"ST","surveyed":"20241221"},"geometry":{"type":"LineString","coordinates":[[-2.693573,53.597163],[-2.693546,53.597256],[-2.693399,53.597723],[-2.693316,53.597939],[-2.693274,53.598058]]}},{"type":"Feature","properties":{"pressure":"HPL","kind":"main","asset_id":"888888015871","spec":"610MM ST","diameter_mm":610,"material":"ST","surveyed":"20241221"},"geometry":{"type":"LineString","coordinates":[[-2.694899,53.595276],[-2.694038,53.595549],[-2.69393,53.59574],[-2.693782,53.596159],[-2.693487,53.596977],[-2.693595,53.597085],[-2.693573,53.597163]]}},{"type":"Feature","properties":{"pressure":"HPL","kind":"main","asset_id":"888888015871","spec":"610MM ST","diameter_mm":610,"material":"ST","surveyed":"20241221"},"geometry":{"type":"LineString","coordinates":[[-2.696465,53.593634],[-2.695805,53.594988],[-2.694899,53.595276]]}},{"type":"Feature","properties":{"pressure":"HPL","kind":"main","asset_id":"888888012384","spec":"610MM ST","diameter_mm":610,"material":"ST","surveyed":"20250930"},"geometry":{"type":"LineString","coordinates":[[-2.689155,53.608609],[-2.689145,53.608618],[-2.688589,53.609139],[-2.688507,53.609433],[-2.687732,53.61068],[-2.687537,53.611546],[-2.68753,53.611574]]}},{"type":"Feature","properties":{"pressure":"HPL","kind":"main","asset_id":"888888012384","spec":"610MM ST","diameter_mm":610,"material":"ST","surveyed":"20241130"},"geometry":{"type":"LineString","coordinates":[[-2.689931,53.607066],[-2.689821,53.607821],[-2.689192,53.608574],[-2.689155,53.608609]]}},{"type":"Feature","properties":{"pressure":"HPL","kind":"main","asset_id":"888888012384","spec":"610MM ST","diameter_mm":610,"material":"ST","surveyed":"20241130"},"geometry":{"type":"LineString","coordinates":[[-2.691675,53.602561],[-2.691215,53.603454],[-2.690841,53.604355],[-2.69015,53.605918],[-2.689932,53.60705],[-2.689931,53.607066]]}},{"type":"Feature","properties":{"pressure":"HPL","kind":"main","asset_id":"888888012365","spec":"610MM ST","diameter_mm":610,"material":"ST","surveyed":"20241130"},"geometry":{"type":"LineString","coordinates":[[-2.68508,53.616082],[-2.685096,53.616082],[-2.685051,53.616362],[-2.685003,53.616651],[-2.685219,53.61687],[-2.685045,53.617113],[-2.685013,53.617259],[-2.684983,53.617535],[-2.684952,53.617811],[-2.684958,53.617859],[-2.68505,53.618202],[-2.685129,53.618547],[-2.685211,53.61889],[-2.685302,53.619233],[-2.68535,53.619568],[-2.685393,53.619907],[-2.685432,53.620237],[-2.68548,53.620574]]}},{"type":"Feature","properties":{"pressure":"HPL","kind":"main","asset_id":"888888012384","spec":"610MM ST","diameter_mm":610,"material":"ST","surveyed":"20250729"},"geometry":{"type":"LineString","coordinates":[[-2.68753,53.611574],[-2.687374,53.612232],[-2.687273,53.612604],[-2.687217,53.612787],[-2.686957,53.613559],[-2.686726,53.614432],[-2.686521,53.615464],[-2.686425,53.61546]]}},{"type":"Feature","properties":{"pressure":"HPL","kind":"main","asset_id":"888888012365","spec":"610MM ST","diameter_mm":610,"material":"ST","surveyed":"20250729"},"geometry":{"type":"LineString","coordinates":[[-2.685395,53.6154],[-2.68518,53.615387],[-2.685174,53.615409],[-2.685127,53.615746],[-2.68508,53.616082]]}},{"type":"Feature","properties":{"pressure":"HPL","kind":"main","asset_id":"900000297397","spec":"610MM ST","diameter_mm":610,"material":"ST","surveyed":"20250729"},"geometry":{"type":"LineString","coordinates":[[-2.686425,53.61546],[-2.686368,53.615457],[-2.685395,53.6154]]}},{"type":"Feature","properties":{"pressure":"HPL","kind":"main","asset_id":"888888012366","spec":"610MM ST","diameter_mm":610,"material":"ST","surveyed":"20250729"},"geometry":{"type":"LineString","coordinates":[[-2.687235,53.625058],[-2.687476,53.625472],[-2.68746,53.625654],[-2.687461,53.625769],[-2.687511,53.626011],[-2.688018,53.627195],[-2.688122,53.629268]]}},{"type":"Feature","properties":{"pressure":"HPL","kind":"main","asset_id":"888888012367","spec":"610MM ST","diameter_mm":610,"material":"ST","surveyed":"20250729"},"geometry":{"type":"LineString","coordinates":[[-2.688132,53.629475],[-2.688135,53.629533],[-2.688135,53.629547]]}},{"type":"Feature","properties":{"pressure":"HPL","kind":"main","asset_id":"900000297395","spec":"610MM ST","diameter_mm":610,"material":"ST","surveyed":"20250729"},"geometry":{"type":"LineString","coordinates":[[-2.688122,53.629268],[-2.688132,53.629475]]}},{"type":"Feature","properties":{"pressure":"HPL","kind":"main","asset_id":"888888012365","spec":"610MM ST","diameter_mm":610,"material":"ST","surveyed":"20250729"},"geometry":{"type":"LineString","coordinates":[[-2.68548,53.620574],[-2.685499,53.620663]]}},{"type":"Feature","properties":{"pressure":"HPL","kind":"main","asset_id":"888888012366","spec":"610MM ST","diameter_mm":610,"material":"ST","surveyed":"20250729"},"geometry":{"type":"LineString","coordinates":[[-2.685542,53.62087],[-2.685554,53.620924],[-2.685579,53.621791],[-2.685597,53.621994],[-2.685599,53.622018],[-2.685944,53.622628],[-2.6861,53.622927],[-2.686261,53.623233],[-2.686432,53.623573],[-2.686517,53.623746],[-2.686887,53.624456],[-2.6872,53.624999],[-2.687234,53.625057],[-2.687235,53.625058]]}},{"type":"Feature","properties":{"pressure":"HPL","kind":"main","asset_id":"900000297396","spec":"610MM ST","diameter_mm":610,"material":"ST","surveyed":"20250729"},"geometry":{"type":"LineString","coordinates":[[-2.685499,53.620663],[-2.685542,53.62087]]}},{"type":"Feature","properties":{"pressure":"HPL","kind":"main","asset_id":"888888012367","spec":"610MM ST","diameter_mm":610,"material":"ST","surveyed":"20241221"},"geometry":{"type":"LineString","coordinates":[[-2.690811,53.634026],[-2.690853,53.634166],[-2.690931,53.634464],[-2.691005,53.634751],[-2.691049,53.634918],[-2.691165,53.635348],[-2.690841,53.635648],[-2.690814,53.635686],[-2.690879,53.636094],[-2.690852,53.6362],[-2.690945,53.636577],[-2.691104,53.637117],[-2.691215,53.637276],[-2.691413,53.637594],[-2.691571,53.637891],[-2.691618,53.638069],[-2.691712,53.638419],[-2.691732,53.638515]]}},{"type":"Feature","properties":{"pressure":"HPL","kind":"main","asset_id":"888888012367","spec":"610MM ST","diameter_mm":610,"material":"ST","surveyed":"20241130"},"geometry":{"type":"LineString","coordinates":[[-2.688135,53.629547],[-2.688147,53.63053],[-2.688863,53.63233],[-2.689493,53.632601],[-2.689546,53.632624]]}},{"type":"Feature","properties":{"pressure":"HPL","kind":"main","asset_id":"888888012367","spec":"610MM ST","diameter_mm":610,"material":"ST","surveyed":"20241130"},"geometry":{"type":"LineString","coordinates":[[-2.689546,53.632624],[-2.690389,53.632996],[-2.690422,53.633018],[-2.690557,53.633348],[-2.690621,53.633504],[-2.690754,53.633834],[-2.690808,53.634015],[-2.690811,53.634026]]}},{"type":"Feature","properties":{"pressure":"HPL","kind":"main","asset_id":"888888012367","spec":"610MM ST","diameter_mm":610,"material":"ST","surveyed":"20241221"},"geometry":{"type":"LineString","coordinates":[[-2.691632,53.643009],[-2.691567,53.643467],[-2.691531,53.643772],[-2.691526,53.644122],[-2.691536,53.646157],[-2.691498,53.646502],[-2.691448,53.646809],[-2.691387,53.647122],[-2.691326,53.647445],[-2.691314,53.647505]]}},{"type":"Feature","properties":{"pressure":"HPL","kind":"main","asset_id":"888888012367","spec":"610MM ST","diameter_mm":610,"material":"ST","surveyed":"20241130"},"geometry":{"type":"LineString","coordinates":[[-2.691732,53.638515],[-2.691756,53.638687],[-2.69181,53.639029],[-2.691887,53.639542],[-2.691933,53.639945],[-2.691929,53.640329],[-2.691898,53.640658],[-2.691865,53.640992],[-2.691835,53.641324],[-2.691739,53.641949],[-2.691693,53.642263],[-2.691664,53.642419],[-2.691633,53.643002],[-2.691632,53.643009]]}},{"type":"Feature","properties":{"pressure":"HPL","kind":"main","asset_id":"888888012367","spec":"610MM ST","diameter_mm":610,"material":"ST","surveyed":"20250729"},"geometry":{"type":"LineString","coordinates":[[-2.688994,53.652013],[-2.689004,53.652071],[-2.689074,53.652413],[-2.689496,53.654463],[-2.689468,53.654713],[-2.689454,53.654838],[-2.689466,53.655155],[-2.689481,53.655608]]}},{"type":"Feature","properties":{"pressure":"HPL","kind":"main","asset_id":"888888012385","spec":"610MM ST","diameter_mm":610,"material":"ST","surveyed":"20250729"},"geometry":{"type":"LineString","coordinates":[[-2.689481,53.655608],[-2.689496,53.6561],[-2.689585,53.656143]]}},{"type":"Feature","properties":{"pressure":"HPL","kind":"main","asset_id":"888888012368","spec":"610MM ST","diameter_mm":610,"material":"ST","surveyed":"20250729"},"geometry":{"type":"LineString","coordinates":[[-2.689693,53.656195],[-2.689933,53.65631]]}},{"type":"Feature","properties":{"pressure":"HPL","kind":"main","asset_id":"900000299749","spec":"610MM ST","diameter_mm":610,"material":"ST","surveyed":"20250729"},"geometry":{"type":"LineString","coordinates":[[-2.689585,53.656143],[-2.689693,53.656195]]}},{"type":"Feature","properties":{"pressure":"HPL","kind":"main","asset_id":"888888012368","spec":"610MM ST","diameter_mm":610,"material":"ST","surveyed":"20241120"},"geometry":{"type":"LineString","coordinates":[[-2.689933,53.65631],[-2.689963,53.656324],[-2.690093,53.656386]]}},{"type":"Feature","properties":{"pressure":"HPL","kind":"main","asset_id":"888888012386","spec":"610MM ST","diameter_mm":610,"material":"ST","surveyed":"20241120"},"geometry":{"type":"LineString","coordinates":[[-2.690093,53.656386],[-2.690236,53.656454],[-2.690323,53.6565]]}},{"type":"Feature","properties":{"pressure":"HPL","kind":"main","asset_id":"888888012367","spec":"610MM ST","diameter_mm":610,"material":"ST","surveyed":"20241221"},"geometry":{"type":"LineString","coordinates":[[-2.689834,53.650242],[-2.689805,53.65027],[-2.689657,53.650415],[-2.689393,53.650707],[-2.688856,53.651281],[-2.688912,53.651575],[-2.688994,53.652013]]}},{"type":"Feature","properties":{"pressure":"HPL","kind":"main","asset_id":"888888012367","spec":"610MM ST","diameter_mm":610,"material":"ST","surveyed":"20241221"},"geometry":{"type":"LineString","coordinates":[[-2.691314,53.647505],[-2.691277,53.647677],[-2.691032,53.648865],[-2.690992,53.64904],[-2.690217,53.649854],[-2.689858,53.650218],[-2.689834,53.650242]]}},{"type":"Feature","properties":{"pressure":"HPL","kind":"main","asset_id":"888888012369","spec":"610MM ST","diameter_mm":610,"material":"ST","surveyed":"20250802"},"geometry":{"type":"LineString","coordinates":[[-2.690016,53.661382],[-2.690015,53.661382],[-2.689616,53.661498],[-2.689072,53.664424],[-2.68839,53.665499]]}},{"type":"Feature","properties":{"pressure":"HPL","kind":"main","asset_id":"888888012369","spec":"610MM ST","diameter_mm":610,"material":"ST","surveyed":"20241130"},"geometry":{"type":"LineString","coordinates":[[-2.690231,53.660994],[-2.690231,53.660995],[-2.69023,53.661248],[-2.690246,53.66131],[-2.690016,53.661382]]}},{"type":"Feature","properties":{"pressure":"HPL","kind":"main","asset_id":"888888012386","spec":"610MM ST","diameter_mm":610,"material":"ST","surveyed":"20250729"},"geometry":{"type":"LineString","coordinates":[[-2.690323,53.6565],[-2.690338,53.656507],[-2.690347,53.656832],[-2.690405,53.658602]]}},{"type":"Feature","properties":{"pressure":"HPL","kind":"main","asset_id":"888888012369","spec":"610MM ST","diameter_mm":610,"material":"ST","surveyed":"20250729"},"geometry":{"type":"LineString","coordinates":[[-2.690411,53.658818],[-2.690414,53.658931],[-2.690373,53.659284],[-2.690349,53.659622],[-2.69031,53.659954],[-2.690248,53.660629],[-2.69023,53.660943],[-2.690231,53.660994]]}},{"type":"Feature","properties":{"pressure":"HPL","kind":"main","asset_id":"900000297394","spec":"610MM ST","diameter_mm":610,"material":"ST","surveyed":"20250729"},"geometry":{"type":"LineString","coordinates":[[-2.690405,53.658602],[-2.69041,53.65875],[-2.690411,53.658818]]}},{"type":"Feature","properties":{"pressure":"HPL","kind":"main","asset_id":"888888012370","spec":"610MM ST","diameter_mm":610,"material":"ST","surveyed":"20260604"},"geometry":{"type":"LineString","coordinates":[[-2.686337,53.670005],[-2.685559,53.671333],[-2.685046,53.672299],[-2.684604,53.67323],[-2.684467,53.673635],[-2.684261,53.674452],[-2.684248,53.674511]]}},{"type":"Feature","properties":{"pressure":"HPL","kind":"main","asset_id":"888888012369","spec":"610MM ST","diameter_mm":610,"material":"ST","surveyed":"20260604"},"geometry":{"type":"LineString","coordinates":[[-2.68839,53.665499],[-2.688389,53.6655],[-2.688265,53.665704],[-2.687808,53.666493],[-2.687539,53.667938],[-2.687523,53.668022],[-2.687402,53.6683]]}},{"type":"Feature","properties":{"pressure":"HPL","kind":"main","asset_id":"888888012370","spec":"610MM ST","diameter_mm":610,"material":"ST","surveyed":"20260604"},"geometry":{"type":"LineString","coordinates":[[-2.687248,53.668652],[-2.687233,53.668688],[-2.687017,53.669123],[-2.686928,53.669232],[-2.686675,53.669511],[-2.686381,53.669929],[-2.686337,53.670005]]}},{"type":"Feature","properties":{"pressure":"HPL","kind":"main","asset_id":"900000297393","spec":"610MM ST","diameter_mm":610,"material":"ST","surveyed":"20260604"},"geometry":{"type":"LineString","coordinates":[[-2.687361,53.668395],[-2.687248,53.668652]]}},{"type":"Feature","properties":{"pressure":"HPL","kind":"main","asset_id":"900000297393","spec":"610MM ST","diameter_mm":610,"material":"ST","surveyed":"20260604"},"geometry":{"type":"LineString","coordinates":[[-2.687402,53.6683],[-2.687361,53.668395]]}},{"type":"Feature","properties":{"pressure":"HPL","kind":"main","asset_id":"888888015872","spec":"610MM ST","diameter_mm":610,"material":"ST","surveyed":"20240607"},"geometry":{"type":"LineString","coordinates":[[-2.681433,53.598392],[-2.679945,53.598134]]}},{"type":"Feature","properties":{"pressure":"HPL","kind":"main","asset_id":"888888015872","spec":"610MM ST","diameter_mm":610,"material":"ST","surveyed":"20260603"},"geometry":{"type":"LineString","coordinates":[[-2.673864,53.597523],[-2.673142,53.597585],[-2.673072,53.597609],[-2.67304,53.59762],[-2.672829,53.59763],[-2.666746,53.59694],[-2.666299,53.596888]]}},{"type":"Feature","properties":{"pressure":"HPL","kind":"main","asset_id":"888888015872","spec":"610MM ST","diameter_mm":610,"material":"ST","surveyed":"20260603"},"geometry":{"type":"LineString","coordinates":[[-2.679945,53.598134],[-2.679809,53.598111],[-2.67598,53.597431],[-2.674598,53.597462],[-2.674109,53.597501],[-2.673864,53.597523]]}},{"type":"Feature","properties":{"pressure":"HPL","kind":"main","asset_id":"888888015872","spec":"610MM ST","diameter_mm":610,"material":"ST","surveyed":"20251128"},"geometry":{"type":"LineString","coordinates":[[-2.658742,53.596772],[-2.658001,53.597071],[-2.657863,53.597103],[-2.655669,53.597199],[-2.653351,53.59746],[-2.652386,53.597512],[-2.6512,53.597561]]}},{"type":"Feature","properties":{"pressure":"HPL","kind":"main","asset_id":"888888015872","spec":"610MM ST","diameter_mm":610,"material":"ST","surveyed":"20241221"},"geometry":{"type":"LineString","coordinates":[[-2.666299,53.596888],[-2.665126,53.596748],[-2.66046,53.596123],[-2.659498,53.596457],[-2.658793,53.596753],[-2.658742,53.596772]]}},{"type":"Feature","properties":{"pressure":"HPL","kind":"main","asset_id":"888888012370","spec":"610MM ST","diameter_mm":610,"material":"ST","surveyed":"20241221"},"geometry":{"type":"LineString","coordinates":[[-2.683107,53.679012],[-2.683051,53.679138],[-2.682982,53.679371],[-2.682772,53.679823],[-2.682748,53.679867]]}},{"type":"Feature","properties":{"pressure":"HPL","kind":"main","asset_id":"888888012370","spec":"610MM ST","diameter_mm":610,"material":"ST","surveyed":"20241127"},"geometry":{"type":"LineString","coordinates":[[-2.684248,53.674511],[-2.683846,53.676293],[-2.6837,53.677679],[-2.683147,53.678923],[-2.683107,53.679012]]}},{"type":"Feature","properties":{"pressure":"HPL","kind":"main","asset_id":"888888012370","spec":"610MM ST","diameter_mm":610,"material":"ST","surveyed":"20250729"},"geometry":{"type":"LineString","coordinates":[[-2.682748,53.679867],[-2.68271,53.679938],[-2.682293,53.680778],[-2.682002,53.681441],[-2.681852,53.681771],[-2.681462,53.681999],[-2.680007,53.682812],[-2.679918,53.68283]]}},{"type":"Feature","properties":{"pressure":"HPL","kind":"main","asset_id":"888888012371","spec":"610MM ST","diameter_mm":610,"material":"ST","surveyed":"20250729"},"geometry":{"type":"LineString","coordinates":[[-2.679404,53.68293],[-2.678894,53.683034],[-2.677782,53.683248],[-2.67784,53.68334],[-2.677947,53.683535]]}},{"type":"Feature","properties":{"pressure":"HPL","kind":"main","asset_id":"900000297392","spec":"610MM ST","diameter_mm":610,"material":"ST","surveyed":"20250729"},"geometry":{"type":"LineString","coordinates":[[-2.679918,53.68283],[-2.679454,53.682919],[-2.679404,53.68293]]}},{"type":"Feature","properties":{"pressure":"HPL","kind":"main","asset_id":"220000816805","spec":"610MM ST","diameter_mm":610,"material":"ST","surveyed":"20250729"},"geometry":{"type":"LineString","coordinates":[[-2.677017,53.692529],[-2.677007,53.692372],[-2.67697,53.692208],[-2.676914,53.692141],[-2.67698,53.69133],[-2.677097,53.690642]]}},{"type":"Feature","properties":{"pressure":"HPL","kind":"main","asset_id":"888888012371","spec":"610MM ST","diameter_mm":610,"material":"ST","surveyed":"20250729"},"geometry":{"type":"LineString","coordinates":[[-2.677671,53.688031],[-2.677289,53.689472],[-2.677156,53.690152],[-2.677148,53.690369]]}},{"type":"Feature","properties":{"pressure":"HPL","kind":"main","asset_id":"220000816803","spec":"610MM ST","diameter_mm":610,"material":"ST","surveyed":"20250729"},"geometry":{"type":"LineString","coordinates":[[-2.677097,53.690642],[-2.677107,53.690586],[-2.677148,53.690369]]}},{"type":"Feature","properties":{"pressure":"HPL","kind":"main","asset_id":"888888012371","spec":"610MM ST","diameter_mm":610,"material":"ST","surveyed":"20260604"},"geometry":{"type":"LineString","coordinates":[[-2.677947,53.683535],[-2.677947,53.683536],[-2.679032,53.685518],[-2.678194,53.687252],[-2.677859,53.687357],[-2.677719,53.687849],[-2.677671,53.688031]]}},{"type":"Feature","properties":{"pressure":"HPL","kind":"main","asset_id":"888888012130","spec":"610MM ST","diameter_mm":610,"material":"ST","surveyed":"20250228"},"geometry":{"type":"LineString","coordinates":[[-3.06837,53.362657],[-3.068373,53.36266],[-3.068764,53.363024],[-3.069091,53.36333],[-3.069278,53.363507],[-3.069664,53.363955],[-3.070406,53.364839],[-3.070464,53.364902],[-3.070538,53.364991],[-3.070649,53.365137],[-3.07074,53.36526],[-3.070836,53.365401],[-3.070928,53.365548],[-3.071031,53.365725],[-3.071171,53.366015],[-3.071186,53.366054]]}},{"type":"Feature","properties":{"pressure":"HPL","kind":"main","asset_id":"888888012130","spec":"610MM ST","diameter_mm":610,"material":"ST","surveyed":"20260604"},"geometry":{"type":"LineString","coordinates":[[-3.071186,53.366054],[-3.071187,53.366056],[-3.071359,53.366512],[-3.071382,53.366514],[-3.072144,53.366414],[-3.072845,53.368809],[-3.072885,53.368825],[-3.073173,53.368869],[-3.074001,53.368912],[-3.074869,53.369009],[-3.074889,53.368974]]}},{"type":"Feature","properties":{"pressure":"HPL","kind":"main","asset_id":"888888012131","spec":"610MM ST","diameter_mm":610,"material":"ST","surveyed":"20250416"},"geometry":{"type":"LineString","coordinates":[[-3.054419,53.35272],[-3.057555,53.354973],[-3.060413,53.356247],[-3.060693,53.356272],[-3.060697,53.356272]]}},{"type":"Feature","properties":{"pressure":"HPL","kind":"main","asset_id":"888888012131","spec":"610MM ST","diameter_mm":610,"material":"ST","surveyed":"20250416"},"geometry":{"type":"LineString","coordinates":[[-3.060697,53.356272],[-3.062442,53.356405],[-3.063223,53.356398],[-3.063516,53.35646],[-3.063957,53.356769],[-3.064003,53.356822],[-3.063853,53.357121],[-3.063851,53.357131]]}},{"type":"Feature","properties":{"pressure":"HPL","kind":"main","asset_id":"888888012131","spec":"610MM ST","diameter_mm":610,"material":"ST","surveyed":"20250416"},"geometry":{"type":"LineString","coordinates":[[-3.053073,53.351753],[-3.054419,53.35272]]}},{"type":"Feature","properties":{"pressure":"HPL","kind":"main","asset_id":"888888012130","spec":"610MM ST","diameter_mm":610,"material":"ST","surveyed":"20260603"},"geometry":{"type":"LineString","coordinates":[[-3.067255,53.361595],[-3.067265,53.361605],[-3.06739,53.361729],[-3.068155,53.362453],[-3.06837,53.362657]]}},{"type":"Feature","properties":{"pressure":"HPL","kind":"main","asset_id":"888888012131","spec":"610MM ST","diameter_mm":610,"material":"ST","surveyed":"20250729"},"geometry":{"type":"LineString","coordinates":[[-3.063851,53.357131],[-3.06385,53.357131]]}},{"type":"Feature","properties":{"pressure":"HPL","kind":"main","asset_id":"888888012130","spec":"610MM ST","diameter_mm":610,"material":"ST","surveyed":"20250729"},"geometry":{"type":"LineString","coordinates":[[-3.063801,53.357284],[-3.063285,53.358888],[-3.063374,53.358972],[-3.064446,53.359097],[-3.065842,53.359283],[-3.066575,53.360542],[-3.067013,53.361293],[-3.067097,53.36144],[-3.067255,53.361595]]}},{"type":"Feature","properties":{"pressure":"HPL","kind":"main","asset_id":"900000297920","spec":"610MM ST","diameter_mm":610,"material":"ST","surveyed":"20250729"},"geometry":{"type":"LineString","coordinates":[[-3.06385,53.357131],[-3.06385,53.357132],[-3.063801,53.357284]]}},{"type":"Feature","properties":{"pressure":"HPL","kind":"main","asset_id":"888888012131","spec":"610MM ST","diameter_mm":610,"material":"ST","surveyed":"20250419"},"geometry":{"type":"LineString","coordinates":[[-3.022082,53.312276],[-3.022261,53.312549]]}},{"type":"Feature","properties":{"pressure":"HPL","kind":"main","asset_id":"888888012131","spec":"610MM ST","diameter_mm":610,"material":"ST","surveyed":"20250621"},"geometry":{"type":"LineString","coordinates":[[-3.006799,53.300641],[-3.006828,53.30065],[-3.01436,53.303111]]}},{"type":"Feature","properties":{"pressure":"HPL","kind":"main","asset_id":"888888012131","spec":"610MM ST","diameter_mm":610,"material":"ST","surveyed":"20250416"},"geometry":{"type":"LineString","coordinates":[[-3.01436,53.303111],[-3.014385,53.303119],[-3.01557,53.303503],[-3.015747,53.303615]]}},{"type":"Feature","properties":{"pressure":"HPL","kind":"main","asset_id":"888888012131","spec":"610MM ST","diameter_mm":610,"material":"ST","surveyed":"20250419"},"geometry":{"type":"LineString","coordinates":[[-3.020202,53.308072],[-3.020216,53.308116],[-3.020233,53.308169],[-3.021074,53.310683],[-3.021857,53.311933],[-3.022046,53.312222],[-3.022082,53.312276]]}},{"type":"Feature","properties":{"pressure":"HPL","kind":"main","asset_id":"888888012131","spec":"610MM ST","diameter_mm":610,"material":"ST","surveyed":"20250416"},"geometry":{"type":"LineString","coordinates":[[-3.015747,53.303615],[-3.015747,53.303616],[-3.019413,53.305626],[-3.019481,53.305661],[-3.019569,53.306161],[-3.019606,53.306413],[-3.019703,53.306612],[-3.019739,53.306681],[-3.020202,53.308072]]}},{"type":"Feature","properties":{"pressure":"HPL","kind":"main","asset_id":"888888012131","spec":"610MM ST","diameter_mm":610,"material":"ST","surveyed":"20250416"},"geometry":{"type":"LineString","coordinates":[[-3.001286,53.299243],[-3.002398,53.299507],[-3.004104,53.299905],[-3.005601,53.300248],[-3.006799,53.300641]]}},{"type":"Feature","properties":{"pressure":"HPL","kind":"main","asset_id":"888888012131","spec":"610MM ST","diameter_mm":610,"material":"ST","surveyed":"20251218"},"geometry":{"type":"LineString","coordinates":[[-2.991713,53.297187],[-2.992464,53.297647],[-2.993416,53.298848],[-2.993495,53.298885],[-2.993967,53.298921],[-2.994176,53.298814],[-2.994585,53.298603],[-2.995012,53.298387],[-2.995428,53.298173],[-2.996342,53.297677],[-2.996413,53.297643],[-2.996431,53.297636],[-2.996454,53.297633],[-2.996474,53.297636],[-2.99649,53.297644],[-2.997102,53.298278],[-2.997121,53.298287],[-2.997143,53.298295],[-2.997173,53.298301],[-2.999252,53.298778]]}},{"type":"Feature","properties":{"pressure":"HPL","kind":"main","asset_id":"888888012131","spec":"610MM ST","diameter_mm":610,"material":"ST","surveyed":"20250416"},"geometry":{"type":"LineString","coordinates":[[-2.999252,53.298778],[-2.999277,53.298783],[-2.999432,53.298819],[-3.001094,53.299201],[-3.001271,53.29924],[-3.001286,53.299243]]}},{"type":"Feature","properties":{"pressure":"HPL","kind":"main","asset_id":"888888012131","spec":"610MM ST","diameter_mm":610,"material":"ST","surveyed":"20250416"},"geometry":{"type":"LineString","coordinates":[[-2.983157,53.290405],[-2.984075,53.291287]]}},{"type":"Feature","properties":{"pressure":"HPL","kind":"main","asset_id":"888888012131","spec":"610MM ST","diameter_mm":610,"material":"ST","surveyed":"20250725"},"geometry":{"type":"LineString","coordinates":[[-2.984075,53.291287],[-2.984078,53.29129],[-2.984693,53.291887],[-2.985076,53.292276],[-2.985607,53.292853],[-2.986027,53.293309],[-2.986261,53.293548],[-2.986489,53.29379],[-2.986709,53.294001],[-2.986745,53.294035],[-2.986796,53.294093],[-2.986827,53.294137],[-2.98686,53.294186],[-2.986886,53.294237],[-2.986925,53.294291],[-2.98698,53.294343],[-2.987044,53.294389],[-2.987202,53.294481],[-2.987879,53.29486]]}},{"type":"Feature","properties":{"pressure":"HPL","kind":"main","asset_id":"888888012131","spec":"610MM ST","diameter_mm":610,"material":"ST","surveyed":"20250416"},"geometry":{"type":"LineString","coordinates":[[-2.976454,53.286009],[-2.977277,53.286823],[-2.98077,53.288895],[-2.982823,53.29008],[-2.983153,53.2904],[-2.983157,53.290405]]}},{"type":"Feature","properties":{"pressure":"HPL","kind":"main","asset_id":"888888012131","spec":"610MM ST","diameter_mm":610,"material":"ST","surveyed":"20250605"},"geometry":{"type":"LineString","coordinates":[[-2.987879,53.29486],[-2.987907,53.294876],[-2.9892,53.295585],[-2.990163,53.296198],[-2.991707,53.297183],[-2.991713,53.297187]]}},{"type":"Feature","properties":{"pressure":"HPL","kind":"main","asset_id":"888888012131","spec":"610MM ST","diameter_mm":610,"material":"ST","surveyed":"20250416"},"geometry":{"type":"LineString","coordinates":[[-2.97641,53.285966],[-2.976454,53.286009]]}},{"type":"Feature","properties":{"pressure":"HPL","kind":"main","asset_id":"888888012131","spec":"610MM ST","diameter_mm":610,"material":"ST","surveyed":"20250416"},"geometry":{"type":"LineString","coordinates":[[-3.038084,53.334885],[-3.038088,53.334892],[-3.038952,53.336604],[-3.039578,53.337801],[-3.039765,53.337897],[-3.039807,53.338254],[-3.040388,53.339359]]}},{"type":"Feature","properties":{"pressure":"HPL","kind":"main","asset_id":"888888012131","spec":"610MM ST","diameter_mm":610,"material":"ST","surveyed":"20250416"},"geometry":{"type":"LineString","coordinates":[[-3.037617,53.333938],[-3.037628,53.333959],[-3.038084,53.334885]]}},{"type":"Feature","properties":{"pressure":"HPL","kind":"main","asset_id":"888888012131","spec":"610MM ST","diameter_mm":610,"material":"ST","surveyed":"20250416"},"geometry":{"type":"LineString","coordinates":[[-3.042707,53.343834],[-3.042708,53.343836],[-3.043104,53.34458],[-3.043249,53.344947],[-3.044062,53.344794],[-3.044817,53.34624],[-3.045429,53.346722],[-3.045439,53.34673]]}},{"type":"Feature","properties":{"pressure":"HPL","kind":"main","asset_id":"888888012131","spec":"610MM ST","diameter_mm":610,"material":"ST","surveyed":"20251217"},"geometry":{"type":"LineString","coordinates":[[-3.045439,53.34673],[-3.045647,53.346894],[-3.04795,53.348282]]}},{"type":"Feature","properties":{"pressure":"HPL","kind":"main","asset_id":"888888012131","spec":"610MM ST","diameter_mm":610,"material":"ST","surveyed":"20251214"},"geometry":{"type":"LineString","coordinates":[[-3.040478,53.339529],[-3.041785,53.342012],[-3.042707,53.343834]]}},{"type":"Feature","properties":{"pressure":"HPL","kind":"main","asset_id":"888888012131","spec":"610MM ST","diameter_mm":610,"material":"ST","surveyed":"20251214"},"geometry":{"type":"LineString","coordinates":[[-3.040388,53.339359],[-3.040397,53.339376],[-3.040477,53.339528],[-3.040478,53.339529]]}},{"type":"Feature","properties":{"pressure":"HPL","kind":"main","asset_id":"220000072288","spec":"610MM ST","diameter_mm":610,"material":"ST","surveyed":"20251214"},"geometry":{"type":"LineString","coordinates":[[-3.040478,53.339529],[-3.0406,53.339505],[-3.040644,53.339587]]}},{"type":"Feature","properties":{"pressure":"HPL","kind":"main","asset_id":"888888012131","spec":"610MM ST","diameter_mm":610,"material":"ST","surveyed":"20260603"},"geometry":{"type":"LineString","coordinates":[[-3.04795,53.348282],[-3.04913,53.348993],[-3.05108,53.350193],[-3.051652,53.350528],[-3.052678,53.351469],[-3.053073,53.351753]]}},{"type":"Feature","properties":{"pressure":"HPL","kind":"main","asset_id":"888888012131","spec":"610MM ST","diameter_mm":610,"material":"ST","surveyed":"20250424"},"geometry":{"type":"LineString","coordinates":[[-3.027089,53.317002],[-3.027092,53.317006],[-3.027177,53.317104],[-3.02746,53.317434],[-3.028126,53.318417],[-3.028625,53.318975],[-3.028748,53.319141],[-3.029033,53.319511],[-3.029784,53.320454]]}},{"type":"Feature","properties":{"pressure":"HPL","kind":"main","asset_id":"888888012131","spec":"610MM ST","diameter_mm":610,"material":"ST","surveyed":"20250416"},"geometry":{"type":"LineString","coordinates":[[-3.029784,53.320454],[-3.029793,53.320465],[-3.029795,53.320467],[-3.030287,53.321108],[-3.030446,53.321467]]}},{"type":"Feature","properties":{"pressure":"HPL","kind":"main","asset_id":"888888012131","spec":"610MM ST","diameter_mm":610,"material":"ST","surveyed":"20250416"},"geometry":{"type":"LineString","coordinates":[[-3.022261,53.312549],[-3.024225,53.315531],[-3.025705,53.315235],[-3.026568,53.316347],[-3.027089,53.317002]]}},{"type":"Feature","properties":{"pressure":"HPL","kind":"main","asset_id":"888888012131","spec":"610MM ST","diameter_mm":610,"material":"ST","surveyed":"20250416"},"geometry":{"type":"LineString","coordinates":[[-3.034173,53.329907],[-3.03471,53.33042]]}},{"type":"Feature","properties":{"pressure":"HPL","kind":"main","asset_id":"888888012131","spec":"610MM ST","diameter_mm":610,"material":"ST","surveyed":"20250416"},"geometry":{"type":"LineString","coordinates":[[-3.032348,53.325946],[-3.03235,53.325949],[-3.032667,53.326698],[-3.032988,53.327489],[-3.033788,53.329547],[-3.034171,53.329907],[-3.034173,53.329907]]}},{"type":"Feature","properties":{"pressure":"HPL","kind":"main","asset_id":"220000072292","spec":"610MM ST","diameter_mm":610,"material":"ST","surveyed":"20250416"},"geometry":{"type":"LineString","coordinates":[[-3.034258,53.329916],[-3.034245,53.32989],[-3.034173,53.329907]]}},{"type":"Feature","properties":{"pressure":"HPL","kind":"main","asset_id":"220000072292","spec":"610MM ST","diameter_mm":610,"material":"ST","surveyed":"20250416"},"geometry":{"type":"LineString","coordinates":[[-3.034173,53.329907],[-3.034172,53.329908]]}},{"type":"Feature","properties":{"pressure":"HPL","kind":"main","asset_id":"888888012131","spec":"610MM ST","diameter_mm":610,"material":"ST","surveyed":"20250416"},"geometry":{"type":"LineString","coordinates":[[-3.030446,53.321467],[-3.03045,53.321475],[-3.031805,53.324564],[-3.031857,53.32478],[-3.032348,53.325946]]}},{"type":"Feature","properties":{"pressure":"HPL","kind":"main","asset_id":"888888012131","spec":"610MM ST","diameter_mm":610,"material":"ST","surveyed":"20250416"},"geometry":{"type":"LineString","coordinates":[[-3.03471,53.33042],[-3.034712,53.330421],[-3.036213,53.331821],[-3.036719,53.332418],[-3.03697,53.332805],[-3.037606,53.333915],[-3.037617,53.333938]]}},{"type":"Feature","properties":{"pressure":"HPL","kind":"main","asset_id":"888888011887","spec":"406MM ST","diameter_mm":406,"material":"ST","surveyed":"20260604"},"geometry":{"type":"LineString","coordinates":[[-2.946916,53.490642],[-2.947041,53.490676],[-2.94706,53.490686],[-2.947076,53.490698],[-2.947084,53.490713],[-2.947088,53.490731],[-2.947086,53.490746],[-2.947073,53.49076],[-2.946651,53.491262]]}},{"type":"Feature","properties":{"pressure":"HPL","kind":"main","asset_id":"888888011886","spec":"406MM ST","diameter_mm":406,"material":"ST","surveyed":"20260604"},"geometry":{"type":"LineString","coordinates":[[-2.946651,53.491262],[-2.946148,53.491858],[-2.946124,53.491975],[-2.945193,53.492963]]}},{"type":"Feature","properties":{"pressure":"HPL","kind":"main","asset_id":"888888012125","spec":"457MM ST","diameter_mm":457,"material":"ST","surveyed":"20260123"},"geometry":{"type":"LineString","coordinates":[[-2.894304,53.351129],[-2.894267,53.351112]]}},{"type":"Feature","properties":{"pressure":"HPL","kind":"main","asset_id":"888888012117","spec":"457MM ST","diameter_mm":457,"material":"ST","surveyed":"20260123"},"geometry":{"type":"LineString","coordinates":[[-2.89238,53.351965],[-2.892058,53.352098],[-2.890982,53.352432],[-2.888787,53.351767],[-2.888637,53.352013],[-2.887818,53.351827]]}},{"type":"Feature","properties":{"pressure":"HPL","kind":"main","asset_id":"888888012117","spec":"457MM ST","diameter_mm":457,"material":"ST","surveyed":"20260123"},"geometry":{"type":"LineString","coordinates":[[-2.893986,53.351277],[-2.893328,53.351776],[-2.8926,53.351874],[-2.89238,53.351965]]}},{"type":"Feature","properties":{"pressure":"HPL","kind":"main","asset_id":"888888012117","spec":"457MM ST","diameter_mm":457,"material":"ST","surveyed":"20260123"},"geometry":{"type":"LineString","coordinates":[[-2.894267,53.351112],[-2.894229,53.351094],[-2.893986,53.351277]]}},{"type":"Feature","properties":{"pressure":"HPL","kind":"main","asset_id":"888888012116","spec":"457MM ST","diameter_mm":457,"material":"ST","surveyed":"20251218"},"geometry":{"type":"LineString","coordinates":[[-2.880244,53.348806],[-2.880202,53.348796],[-2.880142,53.348783],[-2.880078,53.348775],[-2.879986,53.348767],[-2.879909,53.348767],[-2.87983,53.348764],[-2.879749,53.348764],[-2.879667,53.34877],[-2.879599,53.348775],[-2.879517,53.348781],[-2.87859,53.348905],[-2.87623,53.349225],[-2.873946,53.349543],[-2.872833,53.349692]]}},{"type":"Feature","properties":{"pressure":"HPL","kind":"main","asset_id":"888888012116","spec":"457MM ST","diameter_mm":457,"material":"ST","surveyed":"20260123"},"geometry":{"type":"LineString","coordinates":[[-2.881587,53.349627],[-2.881522,53.349577],[-2.881182,53.349317],[-2.880963,53.349149],[-2.880858,53.349063],[-2.880825,53.34904],[-2.880774,53.349005],[-2.880728,53.348977],[-2.880671,53.348949],[-2.880618,53.348925],[-2.880569,53.348904],[-2.880518,53.348886],[-2.880453,53.348864],[-2.880391,53.348843],[-2.880331,53.34883],[-2.880272,53.348812],[-2.880244,53.348806]]}},{"type":"Feature","properties":{"pressure":"HPL","kind":"main","asset_id":"888888013266","spec":"168.3MM ST","diameter_mm":168.3,"material":"ST","surveyed":"20260123"},"geometry":{"type":"LineString","coordinates":[[-2.885871,53.348599],[-2.885915,53.348573],[-2.886015,53.348637],[-2.88602,53.348706],[-2.886084,53.348742],[-2.885874,53.348858],[-2.885208,53.349227],[-2.884628,53.349545],[-2.884519,53.349606]]}},{"type":"Feature","properties":{"pressure":"HPL","kind":"main","asset_id":"888888012116","spec":"457MM ST","diameter_mm":457,"material":"ST","surveyed":"20251218"},"geometry":{"type":"LineString","coordinates":[[-2.872833,53.349692],[-2.872751,53.349703]]}},{"type":"Feature","properties":{"pressure":"HPL","kind":"main","asset_id":"888888012117","spec":"457MM ST","diameter_mm":457,"material":"ST","surveyed":"20260604"},"geometry":{"type":"LineString","coordinates":[[-2.887818,53.351827],[-2.887522,53.35176],[-2.884609,53.351102]]}},{"type":"Feature","properties":{"pressure":"HPL","kind":"main","asset_id":"888888012115","spec":"457MM ST","diameter_mm":457,"material":"ST","surveyed":"20260604"},"geometry":{"type":"LineString","coordinates":[[-2.884609,53.351102],[-2.884525,53.351083],[-2.884167,53.350993],[-2.883916,53.350927],[-2.883685,53.350849],[-2.883318,53.350724],[-2.883299,53.350715],[-2.883279,53.35073]]}},{"type":"Feature","properties":{"pressure":"HPL","kind":"main","asset_id":"888888012116","spec":"457MM ST","diameter_mm":457,"material":"ST","surveyed":"20260604"},"geometry":{"type":"LineString","coordinates":[[-2.883279,53.35073],[-2.883144,53.350837],[-2.882529,53.35036]]}},{"type":"Feature","properties":{"pressure":"HPL","kind":"main","asset_id":"888888012116","spec":"457MM ST","diameter_mm":457,"material":"ST","surveyed":"20260604"},"geometry":{"type":"LineString","coordinates":[[-2.882529,53.35036],[-2.881587,53.349627]]}},{"type":"Feature","properties":{"pressure":"HPL","kind":"main","asset_id":"888888013266","spec":"168.3MM ST","diameter_mm":168.3,"material":"ST","surveyed":"20260604"},"geometry":{"type":"LineString","coordinates":[[-2.884519,53.349606],[-2.884107,53.349834],[-2.883465,53.350196],[-2.883319,53.350278],[-2.883064,53.350274],[-2.8829,53.350239],[-2.882567,53.350342],[-2.882529,53.35036]]}},{"type":"Feature","properties":{"pressure":"HPL","kind":"main","asset_id":"888888012116","spec":"457MM ST","diameter_mm":457,"material":"ST","surveyed":"20260604"},"geometry":{"type":"LineString","coordinates":[[-2.864214,53.349755],[-2.860284,53.349409],[-2.859372,53.349347],[-2.857803,53.349212],[-2.857719,53.349205]]}},{"type":"Feature","properties":{"pressure":"HPL","kind":"main","asset_id":"888888012116","spec":"457MM ST","diameter_mm":457,"material":"ST","surveyed":"20251215"},"geometry":{"type":"LineString","coordinates":[[-2.865243,53.349842],[-2.864661,53.349794]]}},{"type":"Feature","properties":{"pressure":"HPL","kind":"main","asset_id":"888888012116","spec":"457MM ST","diameter_mm":457,"material":"ST","surveyed":"20251215"},"geometry":{"type":"LineString","coordinates":[[-2.864661,53.349794],[-2.864214,53.349755]]}},{"type":"Feature","properties":{"pressure":"HPL","kind":"main","asset_id":"220001492476","spec":"168.3MM ST","diameter_mm":168.3,"material":"ST","surveyed":"20251215"},"geometry":{"type":"LineString","coordinates":[[-2.864664,53.349786],[-2.864661,53.349794]]}},{"type":"Feature","properties":{"pressure":"HPL","kind":"main","asset_id":"888888012116","spec":"457MM ST","diameter_mm":457,"material":"ST","surveyed":"20250919"},"geometry":{"type":"LineString","coordinates":[[-2.872751,53.349703],[-2.8727,53.34971],[-2.871755,53.349837],[-2.871298,53.349896],[-2.870833,53.349963],[-2.870558,53.349998],[-2.870405,53.350017],[-2.870125,53.350042],[-2.869934,53.350053],[-2.869666,53.350071],[-2.869489,53.35008],[-2.869028,53.350095],[-2.868566,53.350096],[-2.868091,53.350085],[-2.867803,53.350071],[-2.867636,53.35006],[-2.867199,53.350024],[-2.866761,53.349987],[-2.866125,53.34993],[-2.866088,53.349943],[-2.865796,53.349913],[-2.86573,53.349882],[-2.865243,53.349842]]}},{"type":"Feature","properties":{"pressure":"HPL","kind":"main","asset_id":"888888011474","spec":"168.3MM ST","diameter_mm":168.3,"material":"ST","surveyed":"20260604"},"geometry":{"type":"LineString","coordinates":[[-2.842671,53.34795],[-2.842755,53.34799],[-2.842865,53.348069],[-2.842884,53.348079],[-2.842961,53.348176],[-2.842983,53.348237],[-2.843006,53.348258],[-2.843036,53.348269],[-2.843256,53.348267],[-2.843305,53.348267],[-2.843302,53.348317],[-2.8433,53.348397],[-2.843296,53.348473],[-2.843288,53.34866],[-2.843277,53.34903],[-2.843279,53.349136],[-2.843284,53.349513],[-2.843294,53.349904]]}},{"type":"Feature","properties":{"pressure":"HPL","kind":"main","asset_id":"888888012107","spec":"168.3MM ST","diameter_mm":168.3,"material":"ST","surveyed":"20260604"},"geometry":{"type":"LineString","coordinates":[[-2.842671,53.347935],[-2.842792,53.347992],[-2.842888,53.348071],[-2.842971,53.348167],[-2.843002,53.348242],[-2.843021,53.348255],[-2.843314,53.348255],[-2.843325,53.348264],[-2.843295,53.348709],[-2.843295,53.349294],[-2.843306,53.349768],[-2.843309,53.349904]]}},{"type":"Feature","properties":{"pressure":"HPL","kind":"main","asset_id":"888888012116","spec":"457MM ST","diameter_mm":457,"material":"ST","surveyed":"20260604"},"geometry":{"type":"LineString","coordinates":[[-2.850194,53.348543],[-2.848602,53.348387],[-2.848538,53.348379],[-2.848407,53.348366],[-2.846236,53.348064],[-2.845125,53.347942],[-2.842665,53.347626]]}},{"type":"Feature","properties":{"pressure":"HPL","kind":"main","asset_id":"888888012116","spec":"457MM ST","diameter_mm":457,"material":"ST","surveyed":"20260604"},"geometry":{"type":"LineString","coordinates":[[-2.857719,53.349205],[-2.856686,53.349112],[-2.854835,53.348961],[-2.850379,53.348561],[-2.850194,53.348543]]}},{"type":"Feature","properties":{"pressure":"HPL","kind":"main","asset_id":"888888011474","spec":"168.3MM ST","diameter_mm":168.3,"material":"ST","surveyed":"20260604"},"geometry":{"type":"LineString","coordinates":[[-2.843294,53.349904],[-2.843301,53.350282],[-2.843302,53.350678],[-2.843312,53.351201],[-2.843334,53.351934],[-2.843329,53.352336],[-2.84334,53.352504],[-2.84335,53.352816],[-2.843356,53.353226],[-2.843363,53.353665],[-2.843249,53.353724],[-2.842867,53.35375],[-2.842786,53.353752]]}},{"type":"Feature","properties":{"pressure":"HPL","kind":"main","asset_id":"888888012107","spec":"168.3MM ST","diameter_mm":168.3,"material":"ST","surveyed":"20260604"},"geometry":{"type":"LineString","coordinates":[[-2.843309,53.349904],[-2.843317,53.350309],[-2.843324,53.350841],[-2.843336,53.35127],[-2.843337,53.351606],[-2.843344,53.351956],[-2.843349,53.352288],[-2.843342,53.352344],[-2.843372,53.352421],[-2.843439,53.352475],[-2.843541,53.352516],[-2.843616,53.352523],[-2.844204,53.352533],[-2.844425,53.352522],[-2.84475,53.352499],[-2.844915,53.352488],[-2.845056,53.352615],[-2.845047,53.352628],[-2.845464,53.353114],[-2.845697,53.353388],[-2.845807,53.353518],[-2.845907,53.353644],[-2.845916,53.353722],[-2.845866,53.353751],[-2.845394,53.353742],[-2.845359,53.354264],[-2.846347,53.354237],[-2.846362,53.354259]]}},{"type":"Feature","properties":{"pressure":"HPL","kind":"main","asset_id":"888888012127","spec":"457MM ST","diameter_mm":457,"material":"ST","surveyed":"20251217"},"geometry":{"type":"LineString","coordinates":[[-2.835137,53.346746],[-2.834806,53.346721],[-2.834193,53.346686],[-2.833577,53.346652],[-2.833364,53.346654],[-2.832816,53.346641],[-2.832281,53.346657],[-2.831953,53.346667],[-2.831409,53.346691],[-2.83088,53.34673],[-2.830074,53.346801],[-2.829158,53.346912],[-2.828222,53.347045],[-2.827634,53.347139]]}},{"type":"Feature","properties":{"pressure":"HPL","kind":"main","asset_id":"888888011474","spec":"168.3MM ST","diameter_mm":168.3,"material":"ST","surveyed":"20251215"},"geometry":{"type":"LineString","coordinates":[[-2.839945,53.347282],[-2.839919,53.347318],[-2.839907,53.347365],[-2.839903,53.34745],[-2.839894,53.347541],[-2.839915,53.347562],[-2.840108,53.347574],[-2.840494,53.347612],[-2.840792,53.347653],[-2.841085,53.347693],[-2.84171,53.347774],[-2.842503,53.347892],[-2.842654,53.347942],[-2.842671,53.34795]]}},{"type":"Feature","properties":{"pressure":"HPL","kind":"main","asset_id":"888888012107","spec":"168.3MM ST","diameter_mm":168.3,"material":"ST","surveyed":"20251215"},"geometry":{"type":"LineString","coordinates":[[-2.839983,53.347289],[-2.839932,53.347371],[-2.839912,53.347538],[-2.839926,53.347547],[-2.840262,53.347572],[-2.840452,53.347588],[-2.840786,53.347643],[-2.841305,53.347704],[-2.841904,53.347788],[-2.842369,53.347845],[-2.842499,53.347875],[-2.842652,53.347926],[-2.842671,53.347935]]}},{"type":"Feature","properties":{"pressure":"HPL","kind":"main","asset_id":"888888012116","spec":"457MM ST","diameter_mm":457,"material":"ST","surveyed":"20251215"},"geometry":{"type":"LineString","coordinates":[[-2.842665,53.347626],[-2.840773,53.347383],[-2.840657,53.347411],[-2.840203,53.347324]]}},{"type":"Feature","properties":{"pressure":"HPL","kind":"main","asset_id":"888888012116","spec":"457MM ST","diameter_mm":457,"material":"ST","surveyed":"20251215"},"geometry":{"type":"LineString","coordinates":[[-2.840203,53.347324],[-2.840201,53.347324],[-2.840167,53.347318],[-2.840148,53.347315]]}},{"type":"Feature","properties":{"pressure":"HPL","kind":"main","asset_id":"888888012116","spec":"457MM ST","diameter_mm":457,"material":"ST","surveyed":"20251215"},"geometry":{"type":"LineString","coordinates":[[-2.840148,53.347315],[-2.840147,53.347315],[-2.840145,53.347315]]}},{"type":"Feature","properties":{"pressure":"HPL","kind":"main","asset_id":"888888012127","spec":"457MM ST","diameter_mm":457,"material":"ST","surveyed":"20251215"},"geometry":{"type":"LineString","coordinates":[[-2.840145,53.347315],[-2.839983,53.347289]]}},{"type":"Feature","properties":{"pressure":"HPL","kind":"main","asset_id":"888888012127","spec":"457MM ST","diameter_mm":457,"material":"ST","surveyed":"20251215"},"geometry":{"type":"LineString","coordinates":[[-2.839983,53.347289],[-2.839945,53.347282]]}},{"type":"Feature","properties":{"pressure":"HPL","kind":"main","asset_id":"888888012127","spec":"457MM ST","diameter_mm":457,"material":"ST","surveyed":"20251215"},"geometry":{"type":"LineString","coordinates":[[-2.839945,53.347282],[-2.839593,53.347216],[-2.83905,53.347142],[-2.8388,53.34711],[-2.838539,53.347093],[-2.838094,53.347094],[-2.83786,53.34708],[-2.83683,53.34693],[-2.836292,53.34686],[-2.83597,53.346821],[-2.835334,53.346761],[-2.835137,53.346746]]}},{"type":"Feature","properties":{"pressure":"HPL","kind":"main","asset_id":"220000072604","spec":"457MM ST","diameter_mm":457,"material":"ST","surveyed":"20251215"},"geometry":{"type":"LineString","coordinates":[[-2.840175,53.347382],[-2.840203,53.347324]]}},{"type":"Feature","properties":{"pressure":"HPL","kind":"main","asset_id":"220000072605","spec":"457MM ST","diameter_mm":457,"material":"ST","surveyed":"20251215"},"geometry":{"type":"LineString","coordinates":[[-2.840119,53.347372],[-2.840148,53.347315]]}},{"type":"Feature","properties":{"pressure":"HPL","kind":"main","asset_id":"888888011474","spec":"168.3MM ST","diameter_mm":168.3,"material":"ST","surveyed":"20230924"},"geometry":{"type":"LineString","coordinates":[[-2.835279,53.353991],[-2.835143,53.353997],[-2.834312,53.35403],[-2.834223,53.353976],[-2.834213,53.353745]]}},{"type":"Feature","properties":{"pressure":"HPL","kind":"main","asset_id":"888888011474","spec":"168.3MM ST","diameter_mm":168.3,"material":"ST","surveyed":"20260604"},"geometry":{"type":"LineString","coordinates":[[-2.842201,53.35373],[-2.841454,53.353756],[-2.840527,53.353794],[-2.839565,53.353828],[-2.838739,53.353858],[-2.837958,53.35389],[-2.837692,53.353897],[-2.837061,53.35392],[-2.836273,53.353949],[-2.835508,53.353982],[-2.835279,53.353991]]}},{"type":"Feature","properties":{"pressure":"HPL","kind":"main","asset_id":"888888011474","spec":"168.3MM ST","diameter_mm":168.3,"material":"ST","surveyed":"20260604"},"geometry":{"type":"LineString","coordinates":[[-2.842786,53.353752],[-2.842198,53.35376],[-2.842201,53.35373]]}},{"type":"Feature","properties":{"pressure":"HPL","kind":"main","asset_id":"220000072722","spec":"168.3MM ST","diameter_mm":168.3,"material":"ST","surveyed":"20260604"},"geometry":{"type":"LineString","coordinates":[[-2.842201,53.35373],[-2.842288,53.353729]]}},{"type":"Feature","properties":{"pressure":"HPL","kind":"main","asset_id":"220000630910","spec":"457MM ST","diameter_mm":457,"material":"ST","surveyed":"20251018"},"geometry":{"type":"LineString","coordinates":[[-2.820161,53.349127],[-2.820141,53.349134]]}},{"type":"Feature","properties":{"pressure":"HPL","kind":"main","asset_id":"888888012126","spec":"457MM ST","diameter_mm":457,"material":"ST","surveyed":"20251018"},"geometry":{"type":"LineString","coordinates":[[-2.820141,53.349134],[-2.819759,53.349118],[-2.818904,53.349471],[-2.817636,53.350022],[-2.817631,53.350083]]}},{"type":"Feature","properties":{"pressure":"HPL","kind":"main","asset_id":"888888012127","spec":"457MM ST","diameter_mm":457,"material":"ST","surveyed":"20260604"},"geometry":{"type":"LineString","coordinates":[[-2.827634,53.347139],[-2.827521,53.347156],[-2.826992,53.347246],[-2.826754,53.347293],[-2.826324,53.34738],[-2.825896,53.347474],[-2.825451,53.347555],[-2.825036,53.347654],[-2.824617,53.34776],[-2.824189,53.347852],[-2.823776,53.347955],[-2.823277,53.348085],[-2.822521,53.348292],[-2.822124,53.348396],[-2.821706,53.34852],[-2.820919,53.348779],[-2.820785,53.348925],[-2.820357,53.349064]]}},{"type":"Feature","properties":{"pressure":"HPL","kind":"main","asset_id":"220000630910","spec":"457MM ST","diameter_mm":457,"material":"ST","surveyed":"20260604"},"geometry":{"type":"LineString","coordinates":[[-2.820357,53.349064],[-2.820161,53.349127]]}},{"type":"Feature","properties":{"pressure":"HPL","kind":"main","asset_id":"888888012126","spec":"457MM ST","diameter_mm":457,"material":"ST","surveyed":"20241221"},"geometry":{"type":"LineString","coordinates":[[-2.817631,53.350083],[-2.817624,53.350178],[-2.817486,53.350261],[-2.81709,53.350374],[-2.816947,53.350449],[-2.816705,53.350617],[-2.816291,53.350901],[-2.815943,53.351135],[-2.815626,53.351357],[-2.815338,53.351574],[-2.814815,53.352003],[-2.814252,53.352477],[-2.813527,53.353061],[-2.812903,53.353574],[-2.812815,53.353583],[-2.812739,53.353669],[-2.812737,53.353672]]}},{"type":"Feature","properties":{"pressure":"HPL","kind":"main","asset_id":"888888012119","spec":"457MM ST","diameter_mm":457,"material":"ST","surveyed":"20230924"},"geometry":{"type":"LineString","coordinates":[[-2.802677,53.357918],[-2.802605,53.35793],[-2.801585,53.358114],[-2.800647,53.358275],[-2.799902,53.358394],[-2.799489,53.358462],[-2.798674,53.35861],[-2.798133,53.35869],[-2.797817,53.358735],[-2.797807,53.358736]]}},{"type":"Feature","properties":{"pressure":"HPL","kind":"main","asset_id":"888888012126","spec":"457MM ST","diameter_mm":457,"material":"ST","surveyed":"20230924"},"geometry":{"type":"LineString","coordinates":[[-2.805296,53.357469],[-2.804924,53.357547],[-2.80452,53.357622],[-2.803913,53.35772],[-2.803288,53.357816],[-2.802677,53.357918]]}},{"type":"Feature","properties":{"pressure":"HPL","kind":"main","asset_id":"888888012126","spec":"457MM ST","diameter_mm":457,"material":"ST","surveyed":"20230924"},"geometry":{"type":"LineString","coordinates":[[-2.811179,53.354621],[-2.811184,53.354624],[-2.811505,53.354794],[-2.811541,53.355563],[-2.810896,53.355654],[-2.810402,53.35574],[-2.809889,53.355849],[-2.809504,53.35596],[-2.809311,53.356016],[-2.808966,53.356145],[-2.808631,53.356294],[-2.807685,53.356697],[-2.807242,53.356876],[-2.806981,53.356977],[-2.806678,53.357095],[-2.806283,53.357215],[-2.805844,53.357332],[-2.805354,53.357458],[-2.805296,53.357469]]}},{"type":"Feature","properties":{"pressure":"HPL","kind":"main","asset_id":"888888012126","spec":"457MM ST","diameter_mm":457,"material":"ST","surveyed":"20250912"},"geometry":{"type":"LineString","coordinates":[[-2.812737,53.353672],[-2.812728,53.353682],[-2.812582,53.353769],[-2.812319,53.353674],[-2.811521,53.354286],[-2.811115,53.354587],[-2.811179,53.354621]]}},{"type":"Feature","properties":{"pressure":"HPL","kind":"main","asset_id":"888888012119","spec":"457MM ST","diameter_mm":457,"material":"ST","surveyed":"20251211"},"geometry":{"type":"LineString","coordinates":[[-2.797807,53.358736],[-2.797195,53.358826],[-2.796323,53.358949],[-2.796257,53.358998],[-2.795482,53.359077],[-2.795125,53.359216],[-2.795104,53.359224]]}},{"type":"Feature","properties":{"pressure":"HPL","kind":"main","asset_id":"888888012120","spec":"457MM ST","diameter_mm":457,"material":"ST","surveyed":"20260604"},"geometry":{"type":"LineString","coordinates":[[-2.790334,53.360859],[-2.787647,53.36117],[-2.787456,53.361138],[-2.786168,53.360899],[-2.786079,53.360912]]}},{"type":"Feature","properties":{"pressure":"HPL","kind":"main","asset_id":"888888012121","spec":"457MM ST","diameter_mm":457,"material":"ST","surveyed":"20260604"},"geometry":{"type":"LineString","coordinates":[[-2.786079,53.360912],[-2.785851,53.361119]]}},{"type":"Feature","properties":{"pressure":"HPL","kind":"main","asset_id":"888888012122","spec":"457MM ST","diameter_mm":457,"material":"ST","surveyed":"20260604"},"geometry":{"type":"LineString","coordinates":[[-2.785851,53.361119],[-2.785756,53.361257],[-2.785281,53.361275],[-2.785022,53.361275],[-2.783773,53.361284],[-2.783138,53.361265],[-2.782828,53.36126]]}},{"type":"Feature","properties":{"pressure":"HPL","kind":"main","asset_id":"888888012119","spec":"457MM ST","diameter_mm":457,"material":"ST","surveyed":"20230924"},"geometry":{"type":"LineString","coordinates":[[-2.795104,53.359224],[-2.794297,53.359537],[-2.793667,53.359777]]}},{"type":"Feature","properties":{"pressure":"HPL","kind":"main","asset_id":"888888012120","spec":"457MM ST","diameter_mm":457,"material":"ST","surveyed":"20230924"},"geometry":{"type":"LineString","coordinates":[[-2.793667,53.359777],[-2.791054,53.360774],[-2.790586,53.360831],[-2.790334,53.360859]]}},{"type":"Feature","properties":{"pressure":"HPL","kind":"main","asset_id":"888888012122","spec":"457MM ST","diameter_mm":457,"material":"ST","surveyed":"20260604"},"geometry":{"type":"LineString","coordinates":[[-2.774431,53.35936],[-2.774386,53.359345],[-2.773417,53.359107],[-2.772557,53.358819],[-2.771979,53.358603],[-2.771198,53.358406],[-2.770862,53.358341]]}},{"type":"Feature","properties":{"pressure":"HPL","kind":"main","asset_id":"888888012123","spec":"457MM ST","diameter_mm":457,"material":"ST","surveyed":"20260604"},"geometry":{"type":"LineString","coordinates":[[-2.770862,53.358341],[-2.77014,53.358243],[-2.769364,53.358201],[-2.768343,53.358062],[-2.767743,53.358006]]}},{"type":"Feature","properties":{"pressure":"HPL","kind":"main","asset_id":"888888012122","spec":"457MM ST","diameter_mm":457,"material":"ST","surveyed":"20260604"},"geometry":{"type":"LineString","coordinates":[[-2.775285,53.359649],[-2.775,53.359556],[-2.774431,53.35936]]}},{"type":"Feature","properties":{"pressure":"HPL","kind":"main","asset_id":"888888012122","spec":"457MM ST","diameter_mm":457,"material":"ST","surveyed":"20250616"},"geometry":{"type":"LineString","coordinates":[[-2.782828,53.36126],[-2.782719,53.361259],[-2.781465,53.361222],[-2.780693,53.361186],[-2.780249,53.361158],[-2.779568,53.361111],[-2.779126,53.361068],[-2.778731,53.361014],[-2.778122,53.360932],[-2.778109,53.36091],[-2.778344,53.360441],[-2.778331,53.360422],[-2.777687,53.360312],[-2.777472,53.360266],[-2.777017,53.360163],[-2.776496,53.360041],[-2.775892,53.359847],[-2.775285,53.359649]]}},{"type":"Feature","properties":{"pressure":"HPL","kind":"main","asset_id":"220000033867","spec":"168.3MM ST","diameter_mm":168.3,"material":"ST","surveyed":"20260604"},"geometry":{"type":"LineString","coordinates":[[-2.752494,53.329925],[-2.75265,53.330698],[-2.752671,53.330707],[-2.753663,53.330601],[-2.754207,53.330836],[-2.754468,53.330817]]}},{"type":"Feature","properties":{"pressure":"HPL","kind":"main","asset_id":"220000033867","spec":"168.3MM ST","diameter_mm":168.3,"material":"ST","surveyed":"20260604"},"geometry":{"type":"LineString","coordinates":[[-2.754468,53.330817],[-2.754473,53.330817],[-2.755157,53.330768],[-2.75518,53.330752],[-2.755067,53.330305]]}},{"type":"Feature","properties":{"pressure":"HPL","kind":"main","asset_id":"220000074379","spec":"168MM ST","diameter_mm":168,"material":"ST","surveyed":"20260604"},"geometry":{"type":"LineString","coordinates":[[-2.754575,53.330773],[-2.754499,53.330779],[-2.754461,53.330782],[-2.754468,53.330817]]}},{"type":"Feature","properties":{"pressure":"HPL","kind":"main","asset_id":"220000258725","spec":"168MM ST","diameter_mm":168,"material":"ST","surveyed":"20260604"},"geometry":{"type":"LineString","coordinates":[[-2.754575,53.330773],[-2.754665,53.330767],[-2.754664,53.330756],[-2.754745,53.33075]]}},{"type":"Feature","properties":{"pressure":"HPL","kind":"main","asset_id":"220002937516","spec":"168.3MM ST","diameter_mm":168.3,"material":"ST","surveyed":"20260604"},"geometry":{"type":"LineString","coordinates":[[-2.752494,53.329925],[-2.752486,53.32992],[-2.75248,53.329917],[-2.752201,53.328668]]}},{"type":"Feature","properties":{"pressure":"HPL","kind":"main","asset_id":"220002937530","spec":"168.3MM ST","diameter_mm":168.3,"material":"ST","surveyed":"20260604"},"geometry":{"type":"LineString","coordinates":[[-2.755206,53.330267],[-2.755206,53.330293],[-2.755067,53.330305]]}},{"type":"Feature","properties":{"pressure":"HPL","kind":"main","asset_id":"888888012123","spec":"457MM ST","diameter_mm":457,"material":"ST","surveyed":"20251215"},"geometry":{"type":"LineString","coordinates":[[-2.760234,53.358221],[-2.759365,53.358246],[-2.759365,53.358066],[-2.759758,53.358046],[-2.759721,53.357975]]}},{"type":"Feature","properties":{"pressure":"HPL","kind":"main","asset_id":"888888012128","spec":"457MM ST","diameter_mm":457,"material":"ST","surveyed":"20251215"},"geometry":{"type":"LineString","coordinates":[[-2.759721,53.357975],[-2.759707,53.357948]]}},{"type":"Feature","properties":{"pressure":"HPL","kind":"main","asset_id":"888888013384","spec":"406MM ST","diameter_mm":406,"material":"ST","surveyed":"20251215"},"geometry":{"type":"LineString","coordinates":[[-2.759568,53.35773],[-2.759421,53.357504],[-2.759475,53.357443],[-2.759152,53.357022],[-2.759143,53.356965],[-2.759018,53.356793],[-2.75899,53.356582],[-2.758711,53.356551],[-2.757642,53.356605],[-2.756216,53.356678],[-2.755593,53.35671],[-2.754175,53.356722],[-2.753437,53.356745],[-2.752696,53.356764]]}},{"type":"Feature","properties":{"pressure":"HPL","kind":"main","asset_id":"888888012123","spec":"457MM ST","diameter_mm":457,"material":"ST","surveyed":"20251218"},"geometry":{"type":"LineString","coordinates":[[-2.767743,53.358006],[-2.767715,53.358003],[-2.767401,53.35779],[-2.767451,53.357422],[-2.767252,53.35743],[-2.766961,53.357457],[-2.766012,53.357757],[-2.764796,53.357983],[-2.764043,53.358092],[-2.760377,53.358217],[-2.760234,53.358221]]}},{"type":"Feature","properties":{"pressure":"HPL","kind":"main","asset_id":"888888011733","spec":"406MM ST","diameter_mm":406,"material":"ST","surveyed":"20260604"},"geometry":{"type":"LineString","coordinates":[[-2.878265,53.463153],[-2.878383,53.463486]]}},{"type":"Feature","properties":{"pressure":"HPL","kind":"main","asset_id":"888888011691","spec":"406MM ST","diameter_mm":406,"material":"ST","surveyed":"20260604"},"geometry":{"type":"LineString","coordinates":[[-2.878383,53.463486],[-2.878422,53.463594]]}},{"type":"Feature","properties":{"pressure":"HPL","kind":"main","asset_id":"888888011692","spec":"406MM ST","diameter_mm":406,"material":"ST","surveyed":"20260604"},"geometry":{"type":"LineString","coordinates":[[-2.878422,53.463594],[-2.878604,53.464105],[-2.877864,53.464176],[-2.877365,53.464093],[-2.876817,53.46425],[-2.876245,53.464292]]}},{"type":"Feature","properties":{"pressure":"HPL","kind":"main","asset_id":"888888011693","spec":"406MM ST","diameter_mm":406,"material":"ST","surveyed":"20260604"},"geometry":{"type":"LineString","coordinates":[[-2.876245,53.464292],[-2.875455,53.464349],[-2.875102,53.464379]]}},{"type":"Feature","properties":{"pressure":"HPL","kind":"main","asset_id":"888888011694","spec":"406MM ST","diameter_mm":406,"material":"ST","surveyed":"20260130"},"geometry":{"type":"LineString","coordinates":[[-2.867578,53.464737],[-2.866846,53.464776],[-2.865258,53.464836],[-2.864722,53.46486],[-2.864519,53.464866],[-2.864301,53.464876],[-2.86286,53.464958],[-2.861727,53.464999],[-2.860994,53.465023],[-2.860053,53.465069]]}},{"type":"Feature","properties":{"pressure":"HPL","kind":"main","asset_id":"888888011693","spec":"406MM ST","diameter_mm":406,"material":"ST","surveyed":"20260120"},"geometry":{"type":"LineString","coordinates":[[-2.875102,53.464379],[-2.874981,53.464389]]}},{"type":"Feature","properties":{"pressure":"HPL","kind":"main","asset_id":"888888011694","spec":"406MM ST","diameter_mm":406,"material":"ST","surveyed":"20260120"},"geometry":{"type":"LineString","coordinates":[[-2.874981,53.464389],[-2.874724,53.464411],[-2.874185,53.464452],[-2.873776,53.464465],[-2.873146,53.464478],[-2.872901,53.464483],[-2.871949,53.464525],[-2.870437,53.464596],[-2.868453,53.46469],[-2.867578,53.464737]]}},{"type":"Feature","properties":{"pressure":"HPL","kind":"main","asset_id":"888888011694","spec":"406MM ST","diameter_mm":406,"material":"ST","surveyed":"20260212"},"geometry":{"type":"LineString","coordinates":[[-2.852526,53.4653],[-2.851557,53.465118],[-2.851214,53.465404]]}},{"type":"Feature","properties":{"pressure":"HPL","kind":"main","asset_id":"888888011695","spec":"406MM ST","diameter_mm":406,"material":"ST","surveyed":"20260212"},"geometry":{"type":"LineString","coordinates":[[-2.851214,53.465404],[-2.851164,53.465446],[-2.851101,53.465449]]}},{"type":"Feature","properties":{"pressure":"HPL","kind":"main","asset_id":"888888011735","spec":"406MM ST","diameter_mm":406,"material":"ST","surveyed":"20260212"},"geometry":{"type":"LineString","coordinates":[[-2.851101,53.465449],[-2.850412,53.465489],[-2.849531,53.465529]]}},{"type":"Feature","properties":{"pressure":"HPL","kind":"main","asset_id":"888888011734","spec":"406MM ST","diameter_mm":406,"material":"ST","surveyed":"20260212"},"geometry":{"type":"LineString","coordinates":[[-2.849531,53.465529],[-2.846583,53.465664]]}},{"type":"Feature","properties":{"pressure":"HPL","kind":"main","asset_id":"888888011697","spec":"406MM ST","diameter_mm":406,"material":"ST","surveyed":"20260212"},"geometry":{"type":"LineString","coordinates":[[-2.846583,53.465664],[-2.846102,53.465686]]}},{"type":"Feature","properties":{"pressure":"HPL","kind":"main","asset_id":"888888011698","spec":"406MM ST","diameter_mm":406,"material":"ST","surveyed":"20260212"},"geometry":{"type":"LineString","coordinates":[[-2.846102,53.465686],[-2.845545,53.465711]]}},{"type":"Feature","properties":{"pressure":"HPL","kind":"main","asset_id":"888888011699","spec":"406MM ST","diameter_mm":406,"material":"ST","surveyed":"20260212"},"geometry":{"type":"LineString","coordinates":[[-2.845545,53.465711],[-2.845003,53.465735]]}},{"type":"Feature","properties":{"pressure":"HPL","kind":"main","asset_id":"888888011694","spec":"406MM ST","diameter_mm":406,"material":"ST","surveyed":"20260211"},"geometry":{"type":"LineString","coordinates":[[-2.860053,53.465069],[-2.859852,53.465078],[-2.859197,53.465106],[-2.858371,53.465146],[-2.857796,53.465169],[-2.856637,53.465217],[-2.855653,53.465259],[-2.854718,53.465297],[-2.85379,53.465341],[-2.852791,53.46535],[-2.852526,53.4653]]}},{"type":"Feature","properties":{"pressure":"HPL","kind":"main","asset_id":"888888011700","spec":"406MM ST","diameter_mm":406,"material":"ST","surveyed":"20241221"},"geometry":{"type":"LineString","coordinates":[[-2.837478,53.466072],[-2.837477,53.466072],[-2.836321,53.466118],[-2.836276,53.466118],[-2.834078,53.466215],[-2.833688,53.466238],[-2.832018,53.466307],[-2.830332,53.46637],[-2.829952,53.466393]]}},{"type":"Feature","properties":{"pressure":"HPL","kind":"main","asset_id":"888888011699","spec":"406MM ST","diameter_mm":406,"material":"ST","surveyed":"20250216"},"geometry":{"type":"LineString","coordinates":[[-2.845003,53.465735],[-2.844929,53.465739]]}},{"type":"Feature","properties":{"pressure":"HPL","kind":"main","asset_id":"888888011700","spec":"406MM ST","diameter_mm":406,"material":"ST","surveyed":"20250216"},"geometry":{"type":"LineString","coordinates":[[-2.844929,53.465739],[-2.842628,53.465845],[-2.841857,53.465883],[-2.839286,53.465994],[-2.837478,53.466072]]}},{"type":"Feature","properties":{"pressure":"HPL","kind":"main","asset_id":"888888012840","spec":"273MM ST","diameter_mm":273,"material":"ST","surveyed":"20250307"},"geometry":{"type":"LineString","coordinates":[[-2.814671,53.455044],[-2.814738,53.454889],[-2.814938,53.454393],[-2.815283,53.453736],[-2.815334,53.453521],[-2.815345,53.45347]]}},{"type":"Feature","properties":{"pressure":"HPL","kind":"main","asset_id":"888888012840","spec":"273MM ST","diameter_mm":273,"material":"ST","surveyed":"20250307"},"geometry":{"type":"LineString","coordinates":[[-2.815345,53.45347],[-2.81535,53.453449],[-2.815407,53.453232],[-2.815477,53.452989],[-2.815483,53.452963],[-2.815676,53.452704],[-2.815716,53.452646],[-2.815807,53.452479],[-2.815826,53.452451],[-2.815831,53.452426],[-2.815828,53.452404],[-2.81582,53.452379],[-2.815632,53.452073],[-2.815532,53.451908],[-2.815416,53.451667],[-2.815363,53.451563],[-2.815182,53.451293],[-2.814987,53.451051],[-2.814752,53.450809],[-2.814587,53.450634]]}},{"type":"Feature","properties":{"pressure":"HPL","kind":"main","asset_id":"888888011700","spec":"406MM ST","diameter_mm":406,"material":"ST","surveyed":"20250523"},"geometry":{"type":"LineString","coordinates":[[-2.820106,53.466835],[-2.820036,53.466838]]}},{"type":"Feature","properties":{"pressure":"HPL","kind":"main","asset_id":"888888011700","spec":"406MM ST","diameter_mm":406,"material":"ST","surveyed":"20250523"},"geometry":{"type":"LineString","coordinates":[[-2.822427,53.46674],[-2.821339,53.466787],[-2.82071,53.466809],[-2.820194,53.466831],[-2.820106,53.466835]]}},{"type":"Feature","properties":{"pressure":"HPL","kind":"main","asset_id":"888888011701","spec":"406MM ST","diameter_mm":406,"material":"ST","surveyed":"20250523"},"geometry":{"type":"LineString","coordinates":[[-2.820036,53.466838],[-2.819987,53.46684],[-2.819865,53.466845],[-2.819826,53.466846]]}},{"type":"Feature","properties":{"pressure":"HPL","kind":"main","asset_id":"888888011702","spec":"406MM ST","diameter_mm":406,"material":"ST","surveyed":"20250523"},"geometry":{"type":"LineString","coordinates":[[-2.819826,53.466846],[-2.819673,53.466853],[-2.819473,53.466862],[-2.819413,53.466864],[-2.819045,53.466874],[-2.818937,53.466878]]}},{"type":"Feature","properties":{"pressure":"HPL","kind":"main","asset_id":"888888011703","spec":"406MM ST","diameter_mm":406,"material":"ST","surveyed":"20250523"},"geometry":{"type":"LineString","coordinates":[[-2.818937,53.466878],[-2.818704,53.466887],[-2.81835,53.466913],[-2.818336,53.466914]]}},{"type":"Feature","properties":{"pressure":"HPL","kind":"main","asset_id":"888888011704","spec":"406MM ST","diameter_mm":406,"material":"ST","surveyed":"20250523"},"geometry":{"type":"LineString","coordinates":[[-2.818336,53.466914],[-2.818211,53.466922],[-2.817925,53.466935],[-2.817906,53.466936]]}},{"type":"Feature","properties":{"pressure":"HPL","kind":"main","asset_id":"220000074301","spec":"324MM ST","diameter_mm":324,"material":"ST","surveyed":"20250523"},"geometry":{"type":"LineString","coordinates":[[-2.820106,53.466835],[-2.820113,53.466899],[-2.819873,53.466909],[-2.819867,53.466847]]}},{"type":"Feature","properties":{"pressure":"HPL","kind":"main","asset_id":"220000074301","spec":"324MM ST","diameter_mm":324,"material":"ST","surveyed":"20250523"},"geometry":{"type":"LineString","coordinates":[[-2.820106,53.466834],[-2.820106,53.466835]]}},{"type":"Feature","properties":{"pressure":"HPL","kind":"main","asset_id":"888888011700","spec":"406MM ST","diameter_mm":406,"material":"ST","surveyed":"20250216"},"geometry":{"type":"LineString","coordinates":[[-2.829952,53.466393],[-2.829951,53.466393],[-2.828919,53.466443],[-2.827743,53.466498],[-2.826897,53.46654],[-2.826075,53.466584],[-2.825927,53.466592],[-2.82578,53.466599],[-2.824777,53.46664],[-2.823604,53.466688],[-2.822481,53.466738],[-2.822433,53.46674],[-2.822427,53.46674]]}},{"type":"Feature","properties":{"pressure":"HPL","kind":"main","asset_id":"888888011704","spec":"406MM ST","diameter_mm":406,"material":"ST","surveyed":"20250523"},"geometry":{"type":"LineString","coordinates":[[-2.817906,53.466936],[-2.817361,53.466959],[-2.817,53.466978],[-2.815693,53.467044],[-2.815525,53.46705],[-2.81516,53.46706],[-2.814925,53.467076],[-2.814902,53.467078]]}},{"type":"Feature","properties":{"pressure":"HPL","kind":"main","asset_id":"888888012840","spec":"273MM ST","diameter_mm":273,"material":"ST","surveyed":"20250307"},"geometry":{"type":"LineString","coordinates":[[-2.810867,53.440017],[-2.810868,53.439989],[-2.81071,53.439775],[-2.810427,53.439569],[-2.810103,53.439352],[-2.809801,53.439168],[-2.809626,53.439092],[-2.809402,53.435533]]}},{"type":"Feature","properties":{"pressure":"HPL","kind":"main","asset_id":"888888012841","spec":"273MM ST","diameter_mm":273,"material":"ST","surveyed":"20260604"},"geometry":{"type":"LineString","coordinates":[[-2.804164,53.433645],[-2.804157,53.433575],[-2.804126,53.433551],[-2.803448,53.433393],[-2.803442,53.433294],[-2.803427,53.433282],[-2.802451,53.433024],[-2.80243,53.432979],[-2.802724,53.432598],[-2.802728,53.432506]]}},{"type":"Feature","properties":{"pressure":"HPL","kind":"main","asset_id":"888888012840","spec":"273MM ST","diameter_mm":273,"material":"ST","surveyed":"20260604"},"geometry":{"type":"LineString","coordinates":[[-2.806744,53.434052],[-2.806527,53.434037],[-2.806056,53.434012],[-2.805622,53.434015],[-2.804818,53.434021],[-2.804235,53.434004],[-2.804195,53.433983],[-2.804186,53.433887]]}},{"type":"Feature","properties":{"pressure":"HPL","kind":"main","asset_id":"900000297947","spec":"273MM ST","diameter_mm":273,"material":"ST","surveyed":"20260604"},"geometry":{"type":"LineString","coordinates":[[-2.804186,53.433887],[-2.804164,53.433645]]}},{"type":"Feature","properties":{"pressure":"HPL","kind":"main","asset_id":"888888012840","spec":"273MM ST","diameter_mm":273,"material":"ST","surveyed":"20260212"},"geometry":{"type":"LineString","coordinates":[[-2.809402,53.435533],[-2.809348,53.434657],[-2.809141,53.434073],[-2.809084,53.434056],[-2.808874,53.434076],[-2.808771,53.43408],[-2.807441,53.434101],[-2.806744,53.434052]]}},{"type":"Feature","properties":{"pressure":"HPL","kind":"main","asset_id":"888888012840","spec":"273MM ST","diameter_mm":273,"material":"ST","surveyed":"20251105"},"geometry":{"type":"LineString","coordinates":[[-2.813231,53.44899],[-2.81323,53.448988],[-2.812729,53.448347],[-2.812213,53.447595],[-2.812054,53.44731],[-2.812033,53.447212],[-2.81202,53.447051],[-2.812004,53.446783],[-2.812011,53.446589],[-2.812023,53.446505],[-2.812035,53.446304],[-2.812043,53.446224],[-2.812036,53.445945],[-2.812031,53.445679],[-2.812011,53.445415],[-2.812001,53.445149],[-2.811911,53.444864],[-2.811803,53.44459],[-2.811786,53.444505]]}},{"type":"Feature","properties":{"pressure":"HPL","kind":"main","asset_id":"888888012840","spec":"273MM ST","diameter_mm":273,"material":"ST","surveyed":"20250424"},"geometry":{"type":"LineString","coordinates":[[-2.811786,53.444505],[-2.811772,53.444436],[-2.811566,53.444201],[-2.811443,53.443908],[-2.811364,53.443605],[-2.811192,53.443268],[-2.81073,53.442144],[-2.810656,53.441867],[-2.810653,53.441858],[-2.810651,53.441811],[-2.810742,53.440988],[-2.810824,53.440717],[-2.810867,53.440017]]}},{"type":"Feature","properties":{"pressure":"HPL","kind":"main","asset_id":"888888012840","spec":"273MM ST","diameter_mm":273,"material":"ST","surveyed":"20250307"},"geometry":{"type":"LineString","coordinates":[[-2.813392,53.457978],[-2.813766,53.457104],[-2.813981,53.45665],[-2.814108,53.456379],[-2.814439,53.455605],[-2.814653,53.455086],[-2.814671,53.455044]]}},{"type":"Feature","properties":{"pressure":"HPL","kind":"main","asset_id":"888888012840","spec":"273MM ST","diameter_mm":273,"material":"ST","surveyed":"20250307"},"geometry":{"type":"LineString","coordinates":[[-2.814587,53.450634],[-2.814531,53.450574],[-2.814342,53.450343],[-2.81414,53.450092],[-2.813939,53.449835],[-2.813723,53.449587],[-2.813503,53.449338],[-2.813231,53.44899]]}},{"type":"Feature","properties":{"pressure":"HPL","kind":"main","asset_id":"220002869929","spec":"273MM ST","diameter_mm":273,"material":"ST","surveyed":"20250309"},"geometry":{"type":"LineString","coordinates":[[-2.81479,53.466957],[-2.814784,53.466891],[-2.814872,53.466895],[-2.814838,53.46678],[-2.814862,53.466775],[-2.814745,53.4664],[-2.81443,53.4654],[-2.81438,53.465261],[-2.814309,53.465],[-2.814211,53.464729],[-2.814151,53.464466],[-2.81406,53.464191],[-2.813985,53.463926],[-2.813909,53.463656],[-2.813835,53.463433],[-2.813761,53.463259],[-2.813706,53.463128],[-2.813597,53.462867],[-2.813599,53.46285],[-2.813692,53.462753],[-2.813645,53.462621],[-2.813638,53.462584],[-2.813636,53.462573]]}},{"type":"Feature","properties":{"pressure":"HPL","kind":"main","asset_id":"888888012840","spec":"273MM ST","diameter_mm":273,"material":"ST","surveyed":"20250309"},"geometry":{"type":"LineString","coordinates":[[-2.81362,53.462495],[-2.813613,53.462487],[-2.81361,53.462471]]}},{"type":"Feature","properties":{"pressure":"HPL","kind":"main","asset_id":"220002869922","spec":"273MM ST","diameter_mm":273,"material":"ST","surveyed":"20250309"},"geometry":{"type":"LineString","coordinates":[[-2.813636,53.462573],[-2.813635,53.462567],[-2.813631,53.462554],[-2.813624,53.462529],[-2.81362,53.462495]]}},{"type":"Feature","properties":{"pressure":"HPL","kind":"main","asset_id":"888888012840","spec":"273MM ST","diameter_mm":273,"material":"ST","surveyed":"20250307"},"geometry":{"type":"LineString","coordinates":[[-2.81361,53.462471],[-2.813584,53.462343],[-2.813545,53.462211],[-2.813533,53.462142],[-2.813499,53.462022],[-2.813428,53.461746],[-2.813357,53.461466],[-2.813268,53.461157],[-2.813194,53.461018],[-2.813125,53.4609],[-2.813006,53.460741],[-2.812903,53.460609],[-2.812597,53.460214],[-2.812287,53.459811],[-2.812057,53.459517],[-2.811828,53.459221],[-2.811611,53.458938],[-2.811613,53.458912],[-2.811622,53.458888],[-2.811676,53.458813],[-2.811696,53.458784],[-2.811727,53.458763],[-2.811758,53.458751],[-2.812043,53.458662],[-2.812567,53.458501],[-2.813079,53.45834],[-2.81321,53.458292],[-2.813251,53.458257],[-2.813279,53.458226],[-2.813312,53.458179],[-2.813326,53.458143],[-2.813391,53.45798],[-2.813392,53.457978]]}},{"type":"Feature","properties":{"pressure":"HPL","kind":"main","asset_id":"888888011710","spec":"406MM ST","diameter_mm":406,"material":"ST","surveyed":"20230924"},"geometry":{"type":"LineString","coordinates":[[-2.807372,53.467198],[-2.807282,53.467199]]}},{"type":"Feature","properties":{"pressure":"HPL","kind":"main","asset_id":"888888011711","spec":"406MM ST","diameter_mm":406,"material":"ST","surveyed":"20230924"},"geometry":{"type":"LineString","coordinates":[[-2.807282,53.467199],[-2.80728,53.467199],[-2.807207,53.4672]]}},{"type":"Feature","properties":{"pressure":"HPL","kind":"main","asset_id":"888888011712","spec":"406MM ST","diameter_mm":406,"material":"ST","surveyed":"20230924"},"geometry":{"type":"LineString","coordinates":[[-2.807207,53.4672],[-2.80653,53.46721],[-2.806352,53.467214],[-2.804936,53.46722],[-2.804917,53.46722]]}},{"type":"Feature","properties":{"pressure":"HPL","kind":"main","asset_id":"888888011713","spec":"406MM ST","diameter_mm":406,"material":"ST","surveyed":"20230924"},"geometry":{"type":"LineString","coordinates":[[-2.804917,53.46722],[-2.804842,53.467221]]}},{"type":"Feature","properties":{"pressure":"HPL","kind":"main","asset_id":"888888011714","spec":"406MM ST","diameter_mm":406,"material":"ST","surveyed":"20230924"},"geometry":{"type":"LineString","coordinates":[[-2.804842,53.467221],[-2.804677,53.467222],[-2.804078,53.467226],[-2.803546,53.467231]]}},{"type":"Feature","properties":{"pressure":"HPL","kind":"main","asset_id":"888888011715","spec":"406MM ST","diameter_mm":406,"material":"ST","surveyed":"20230924"},"geometry":{"type":"LineString","coordinates":[[-2.803546,53.467231],[-2.803485,53.467232],[-2.803471,53.467232]]}},{"type":"Feature","properties":{"pressure":"HPL","kind":"main","asset_id":"888888011716","spec":"406MM ST","diameter_mm":406,"material":"ST","surveyed":"20230924"},"geometry":{"type":"LineString","coordinates":[[-2.803471,53.467232],[-2.802756,53.467241],[-2.801753,53.467257],[-2.801453,53.467261]]}},{"type":"Feature","properties":{"pressure":"HPL","kind":"main","asset_id":"888888011717","spec":"406MM ST","diameter_mm":406,"material":"ST","surveyed":"20230924"},"geometry":{"type":"LineString","coordinates":[[-2.801453,53.467261],[-2.801378,53.467262]]}},{"type":"Feature","properties":{"pressure":"HPL","kind":"main","asset_id":"888888011718","spec":"406MM ST","diameter_mm":406,"material":"ST","surveyed":"20230924"},"geometry":{"type":"LineString","coordinates":[[-2.801378,53.467262],[-2.80097,53.467268],[-2.800382,53.467288]]}},{"type":"Feature","properties":{"pressure":"HPL","kind":"main","asset_id":"888888011719","spec":"406MM ST","diameter_mm":406,"material":"ST","surveyed":"20230924"},"geometry":{"type":"LineString","coordinates":[[-2.800382,53.467288],[-2.800347,53.467289],[-2.800239,53.467358],[-2.799844,53.467374]]}},{"type":"Feature","properties":{"pressure":"HPL","kind":"main","asset_id":"888888011704","spec":"406MM ST","diameter_mm":406,"material":"ST","surveyed":"20250523"},"geometry":{"type":"LineString","coordinates":[[-2.814902,53.467078],[-2.814818,53.467084]]}},{"type":"Feature","properties":{"pressure":"HPL","kind":"main","asset_id":"888888011705","spec":"406MM ST","diameter_mm":406,"material":"ST","surveyed":"20250523"},"geometry":{"type":"LineString","coordinates":[[-2.814803,53.467085],[-2.814738,53.467086]]}},{"type":"Feature","properties":{"pressure":"HPL","kind":"main","asset_id":"888888011705","spec":"406MM ST","diameter_mm":406,"material":"ST","surveyed":"20250523"},"geometry":{"type":"LineString","coordinates":[[-2.814818,53.467084],[-2.814803,53.467085]]}},{"type":"Feature","properties":{"pressure":"HPL","kind":"main","asset_id":"888888011706","spec":"406MM ST","diameter_mm":406,"material":"ST","surveyed":"20250523"},"geometry":{"type":"LineString","coordinates":[[-2.814738,53.467086],[-2.814542,53.46709],[-2.814527,53.46709]]}},{"type":"Feature","properties":{"pressure":"HPL","kind":"main","asset_id":"888888011707","spec":"406MM ST","diameter_mm":406,"material":"ST","surveyed":"20250523"},"geometry":{"type":"LineString","coordinates":[[-2.814527,53.46709],[-2.81407,53.467099],[-2.814061,53.4671]]}},{"type":"Feature","properties":{"pressure":"HPL","kind":"main","asset_id":"888888011708","spec":"406MM ST","diameter_mm":406,"material":"ST","surveyed":"20250523"},"geometry":{"type":"LineString","coordinates":[[-2.814061,53.4671],[-2.813473,53.467126],[-2.812291,53.467136],[-2.812185,53.467136],[-2.81208,53.467138],[-2.809737,53.467165]]}},{"type":"Feature","properties":{"pressure":"HPL","kind":"main","asset_id":"888888011709","spec":"406MM ST","diameter_mm":406,"material":"ST","surveyed":"20250523"},"geometry":{"type":"LineString","coordinates":[[-2.809737,53.467165],[-2.8097,53.467165],[-2.809661,53.467166]]}},{"type":"Feature","properties":{"pressure":"HPL","kind":"main","asset_id":"888888011710","spec":"406MM ST","diameter_mm":406,"material":"ST","surveyed":"20250523"},"geometry":{"type":"LineString","coordinates":[[-2.809661,53.467166],[-2.80877,53.467177],[-2.807372,53.467198]]}},{"type":"Feature","properties":{"pressure":"HPL","kind":"main","asset_id":"220000074345","spec":"406MM ST","diameter_mm":406,"material":"ST","surveyed":"20250523"},"geometry":{"type":"LineString","coordinates":[[-2.812292,53.467135],[-2.812291,53.467092],[-2.812079,53.467093],[-2.812077,53.467137]]}},{"type":"Feature","properties":{"pressure":"HPL","kind":"main","asset_id":"220002869929","spec":"273MM ST","diameter_mm":273,"material":"ST","surveyed":"20250523"},"geometry":{"type":"LineString","coordinates":[[-2.814803,53.467085],[-2.814792,53.466982],[-2.81479,53.466957]]}},{"type":"Feature","properties":{"pressure":"HPL","kind":"main","asset_id":"888888011722","spec":"406MM ST","diameter_mm":406,"material":"ST","surveyed":"20230924"},"geometry":{"type":"LineString","coordinates":[[-2.792319,53.467788],[-2.792317,53.467788],[-2.792204,53.467794],[-2.79122,53.467854],[-2.790229,53.467927]]}},{"type":"Feature","properties":{"pressure":"HPL","kind":"main","asset_id":"888888011723","spec":"406MM ST","diameter_mm":406,"material":"ST","surveyed":"20230924"},"geometry":{"type":"LineString","coordinates":[[-2.790229,53.467927],[-2.790168,53.467932]]}},{"type":"Feature","properties":{"pressure":"HPL","kind":"main","asset_id":"888888011724","spec":"406MM ST","diameter_mm":406,"material":"ST","surveyed":"20230924"},"geometry":{"type":"LineString","coordinates":[[-2.790168,53.467932],[-2.78979,53.467959],[-2.788664,53.468042]]}},{"type":"Feature","properties":{"pressure":"HPL","kind":"main","asset_id":"888888011725","spec":"406MM ST","diameter_mm":406,"material":"ST","surveyed":"20230924"},"geometry":{"type":"LineString","coordinates":[[-2.788664,53.468042],[-2.788552,53.46805],[-2.788031,53.468084]]}},{"type":"Feature","properties":{"pressure":"HPL","kind":"main","asset_id":"888888011726","spec":"406MM ST","diameter_mm":406,"material":"ST","surveyed":"20230924"},"geometry":{"type":"LineString","coordinates":[[-2.788031,53.468084],[-2.787579,53.468114]]}},{"type":"Feature","properties":{"pressure":"HPL","kind":"main","asset_id":"888888011727","spec":"406MM ST","diameter_mm":406,"material":"ST","surveyed":"20230924"},"geometry":{"type":"LineString","coordinates":[[-2.787579,53.468114],[-2.78752,53.468118],[-2.787489,53.468119]]}},{"type":"Feature","properties":{"pressure":"HPL","kind":"main","asset_id":"888888011728","spec":"406MM ST","diameter_mm":406,"material":"ST","surveyed":"20230924"},"geometry":{"type":"LineString","coordinates":[[-2.787489,53.468119],[-2.786221,53.468189],[-2.784796,53.468267]]}},{"type":"Feature","properties":{"pressure":"HPL","kind":"main","asset_id":"888888011719","spec":"406MM ST","diameter_mm":406,"material":"ST","surveyed":"20230924"},"geometry":{"type":"LineString","coordinates":[[-2.799844,53.467374],[-2.799819,53.467375],[-2.799286,53.467399],[-2.79877,53.467425],[-2.798687,53.467378]]}},{"type":"Feature","properties":{"pressure":"HPL","kind":"main","asset_id":"888888011720","spec":"406MM ST","diameter_mm":406,"material":"ST","surveyed":"20230924"},"geometry":{"type":"LineString","coordinates":[[-2.798687,53.467378],[-2.798659,53.467362],[-2.797354,53.467442],[-2.797018,53.467464],[-2.796648,53.467488],[-2.796113,53.467522],[-2.795841,53.46754]]}},{"type":"Feature","properties":{"pressure":"HPL","kind":"main","asset_id":"888888011721","spec":"406MM ST","diameter_mm":406,"material":"ST","surveyed":"20230924"},"geometry":{"type":"LineString","coordinates":[[-2.795841,53.46754],[-2.795721,53.467547],[-2.7957,53.467549]]}},{"type":"Feature","properties":{"pressure":"HPL","kind":"main","asset_id":"888888011722","spec":"406MM ST","diameter_mm":406,"material":"ST","surveyed":"20230924"},"geometry":{"type":"LineString","coordinates":[[-2.7957,53.467549],[-2.795111,53.467593],[-2.79328,53.46773],[-2.792319,53.467788]]}},{"type":"Feature","properties":{"pressure":"HPL","kind":"main","asset_id":"888888011728","spec":"406MM ST","diameter_mm":406,"material":"ST","surveyed":"20251220"},"geometry":{"type":"LineString","coordinates":[[-2.777272,53.468689],[-2.777259,53.46869],[-2.775792,53.468769],[-2.774992,53.468812],[-2.773407,53.468891]]}},{"type":"Feature","properties":{"pressure":"HPL","kind":"main","asset_id":"888888011729","spec":"406MM ST","diameter_mm":406,"material":"ST","surveyed":"20251220"},"geometry":{"type":"LineString","coordinates":[[-2.773407,53.468891],[-2.773317,53.468896]]}},{"type":"Feature","properties":{"pressure":"HPL","kind":"main","asset_id":"888888011730","spec":"406MM ST","diameter_mm":406,"material":"ST","surveyed":"20251220"},"geometry":{"type":"LineString","coordinates":[[-2.773317,53.468896],[-2.773282,53.468898],[-2.769826,53.469088],[-2.769748,53.469143]]}},{"type":"Feature","properties":{"pressure":"HPL","kind":"main","asset_id":"888888011728","spec":"406MM ST","diameter_mm":406,"material":"ST","surveyed":"20230924"},"geometry":{"type":"LineString","coordinates":[[-2.784796,53.468267],[-2.784795,53.468267],[-2.783725,53.46833],[-2.783627,53.468308],[-2.783091,53.468337],[-2.782979,53.468368],[-2.782448,53.468401],[-2.781679,53.468439],[-2.780863,53.468488],[-2.779572,53.468558],[-2.778488,53.46862],[-2.777277,53.468689],[-2.777272,53.468689]]}},{"type":"Feature","properties":{"pressure":"HPL","kind":"main","asset_id":"888888012590","spec":"406MM ST","diameter_mm":406,"material":"ST","surveyed":"20260604"},"geometry":{"type":"LineString","coordinates":[[-2.754702,53.470203],[-2.754899,53.47019],[-2.755611,53.470147],[-2.756517,53.470097],[-2.757375,53.470049],[-2.758508,53.469984],[-2.758737,53.46997],[-2.759102,53.469948],[-2.760387,53.469873],[-2.762227,53.469776]]}},{"type":"Feature","properties":{"pressure":"HPL","kind":"main","asset_id":"888888012590","spec":"406MM ST","diameter_mm":406,"material":"ST","surveyed":"20260604"},"geometry":{"type":"LineString","coordinates":[[-2.762227,53.469776],[-2.764868,53.469635],[-2.764938,53.469653],[-2.765653,53.46961],[-2.765663,53.469656],[-2.765671,53.469685],[-2.765711,53.469685]]}},{"type":"Feature","properties":{"pressure":"HPL","kind":"main","asset_id":"888888011730","spec":"406MM ST","diameter_mm":406,"material":"ST","surveyed":"20260604"},"geometry":{"type":"LineString","coordinates":[[-2.769748,53.469143],[-2.769398,53.469389],[-2.768804,53.469434],[-2.768208,53.469488],[-2.76794,53.469687],[-2.767868,53.46974],[-2.767366,53.469763],[-2.766881,53.469543],[-2.766727,53.46955]]}},{"type":"Feature","properties":{"pressure":"HPL","kind":"main","asset_id":"888888011731","spec":"406MM ST","diameter_mm":406,"material":"ST","surveyed":"20260604"},"geometry":{"type":"LineString","coordinates":[[-2.766727,53.46955],[-2.765958,53.46959]]}},{"type":"Feature","properties":{"pressure":"HPL","kind":"main","asset_id":"888888011736","spec":"406MM ST","diameter_mm":406,"material":"ST","surveyed":"20260604"},"geometry":{"type":"LineString","coordinates":[[-2.765958,53.46959],[-2.765779,53.469599],[-2.76571,53.46966]]}},{"type":"Feature","properties":{"pressure":"HPL","kind":"main","asset_id":"888888011737","spec":"406MM ST","diameter_mm":406,"material":"ST","surveyed":"20260604"},"geometry":{"type":"LineString","coordinates":[[-2.76571,53.46966],[-2.765707,53.469664],[-2.765711,53.469685]]}},{"type":"Feature","properties":{"pressure":"HPL","kind":"main","asset_id":"888888011320","spec":"168.3MM ST","diameter_mm":168.3,"material":"ST","surveyed":"20260110"},"geometry":{"type":"LineString","coordinates":[[-2.723653,53.298343],[-2.723669,53.298416],[-2.723718,53.298434]]}},{"type":"Feature","properties":{"pressure":"HPL","kind":"main","asset_id":"888888011326","spec":"168.3MM ST","diameter_mm":168.3,"material":"ST","surveyed":"20260110"},"geometry":{"type":"LineString","coordinates":[[-2.723718,53.298434],[-2.723798,53.298463],[-2.723806,53.298524],[-2.723838,53.298535]]}},{"type":"Feature","properties":{"pressure":"HPL","kind":"main","asset_id":"888888011324","spec":"168.3MM ST","diameter_mm":168.3,"material":"ST","surveyed":"20260110"},"geometry":{"type":"LineString","coordinates":[[-2.723838,53.298535],[-2.723842,53.298537],[-2.723658,53.298679]]}},{"type":"Feature","properties":{"pressure":"HPL","kind":"main","asset_id":"888888011325","spec":"168.3MM ST","diameter_mm":168.3,"material":"ST","surveyed":"20260110"},"geometry":{"type":"LineString","coordinates":[[-2.723658,53.298679],[-2.723339,53.298929],[-2.72317,53.299058],[-2.723225,53.29909],[-2.722717,53.299502],[-2.72247,53.299702],[-2.721898,53.30006],[-2.721732,53.300157],[-2.72169,53.300183]]}},{"type":"Feature","properties":{"pressure":"HPL","kind":"main","asset_id":"888888011325","spec":"168.3MM ST","diameter_mm":168.3,"material":"ST","surveyed":"20251220"},"geometry":{"type":"LineString","coordinates":[[-2.714246,53.303673],[-2.714099,53.303744],[-2.71347,53.304047],[-2.713571,53.304227],[-2.713801,53.304744]]}},{"type":"Feature","properties":{"pressure":"HPL","kind":"main","asset_id":"888888011327","spec":"168.3MM ST","diameter_mm":168.3,"material":"ST","surveyed":"20251220"},"geometry":{"type":"LineString","coordinates":[[-2.713801,53.304744],[-2.713925,53.305023],[-2.714013,53.305094],[-2.714272,53.305252]]}},{"type":"Feature","properties":{"pressure":"HPL","kind":"main","asset_id":"888888011325","spec":"168.3MM ST","diameter_mm":168.3,"material":"ST","surveyed":"20251214"},"geometry":{"type":"LineString","coordinates":[[-2.719749,53.301275],[-2.719722,53.301287],[-2.719198,53.301538],[-2.71853,53.301841],[-2.718288,53.301942],[-2.717682,53.302126],[-2.716796,53.302396],[-2.715209,53.303187],[-2.714272,53.30366],[-2.714246,53.303673]]}},{"type":"Feature","properties":{"pressure":"HPL","kind":"main","asset_id":"888888011327","spec":"168.3MM ST","diameter_mm":168.3,"material":"ST","surveyed":"20251214"},"geometry":{"type":"LineString","coordinates":[[-2.714272,53.305252],[-2.714338,53.305292],[-2.714879,53.305619],[-2.715178,53.305797]]}},{"type":"Feature","properties":{"pressure":"HPL","kind":"main","asset_id":"888888011325","spec":"168.3MM ST","diameter_mm":168.3,"material":"ST","surveyed":"20251218"},"geometry":{"type":"LineString","coordinates":[[-2.72169,53.300183],[-2.721675,53.300192],[-2.720955,53.300596],[-2.720348,53.300938],[-2.719982,53.301149],[-2.719862,53.301221],[-2.719749,53.301275]]}},{"type":"Feature","properties":{"pressure":"HPL","kind":"main","asset_id":"888888011328","spec":"168.3MM ST","diameter_mm":168.3,"material":"ST","surveyed":"20260120"},"geometry":{"type":"LineString","coordinates":[[-2.711878,53.310311],[-2.711915,53.310322],[-2.712482,53.310489],[-2.712453,53.310523]]}},{"type":"Feature","properties":{"pressure":"HPL","kind":"main","asset_id":"888888011323","spec":"168.3MM ST","diameter_mm":168.3,"material":"ST","surveyed":"20260120"},"geometry":{"type":"LineString","coordinates":[[-2.712199,53.310838],[-2.712193,53.310846],[-2.712286,53.310877],[-2.712303,53.310882]]}},{"type":"Feature","properties":{"pressure":"HPL","kind":"main","asset_id":"888888011330","spec":"168.3MM ST","diameter_mm":168.3,"material":"ST","surveyed":"20260120"},"geometry":{"type":"LineString","coordinates":[[-2.712303,53.310882],[-2.712483,53.310936]]}},{"type":"Feature","properties":{"pressure":"HPL","kind":"main","asset_id":"888888011331","spec":"168.3MM ST","diameter_mm":168.3,"material":"ST","surveyed":"20260120"},"geometry":{"type":"LineString","coordinates":[[-2.712483,53.310936],[-2.71277,53.311024]]}},{"type":"Feature","properties":{"pressure":"HPL","kind":"main","asset_id":"888888011332","spec":"168.3MM ST","diameter_mm":168.3,"material":"ST","surveyed":"20260120"},"geometry":{"type":"LineString","coordinates":[[-2.71277,53.311024],[-2.7128,53.311068],[-2.712751,53.311567],[-2.712714,53.311963],[-2.712669,53.312507],[-2.712646,53.313139],[-2.712654,53.313276],[-2.71263,53.313295],[-2.71263,53.313309]]}},{"type":"Feature","properties":{"pressure":"HPL","kind":"main","asset_id":"888888011333","spec":"168.3MM ST","diameter_mm":168.3,"material":"ST","surveyed":"20260120"},"geometry":{"type":"LineString","coordinates":[[-2.71263,53.313309],[-2.712633,53.313505],[-2.712636,53.313508]]}},{"type":"Feature","properties":{"pressure":"HPL","kind":"main","asset_id":"888888011334","spec":"168.3MM ST","diameter_mm":168.3,"material":"ST","surveyed":"20260120"},"geometry":{"type":"LineString","coordinates":[[-2.712636,53.313508],[-2.712654,53.313522],[-2.712647,53.313711],[-2.712631,53.314082]]}},{"type":"Feature","properties":{"pressure":"HPL","kind":"main","asset_id":"888888011335","spec":"168.3MM ST","diameter_mm":168.3,"material":"ST","surveyed":"20260120"},"geometry":{"type":"LineString","coordinates":[[-2.712631,53.314082],[-2.712619,53.314354],[-2.712618,53.31436]]}},{"type":"Feature","properties":{"pressure":"HPL","kind":"main","asset_id":"888888011339","spec":"168.3MM ST","diameter_mm":168.3,"material":"ST","surveyed":"20260120"},"geometry":{"type":"LineString","coordinates":[[-2.712618,53.31436],[-2.712602,53.314632],[-2.7126,53.314762],[-2.712599,53.314801]]}},{"type":"Feature","properties":{"pressure":"HPL","kind":"main","asset_id":"900000299860","spec":"168.3MM ST","diameter_mm":168.3,"material":"ST","surveyed":"20260120"},"geometry":{"type":"LineString","coordinates":[[-2.712453,53.310523],[-2.712289,53.310726],[-2.712231,53.310798]]}},{"type":"Feature","properties":{"pressure":"HPL","kind":"main","asset_id":"888888011329","spec":"168.3MM ST","diameter_mm":168.3,"material":"ST","surveyed":"20260120"},"geometry":{"type":"LineString","coordinates":[[-2.712231,53.310798],[-2.712199,53.310838]]}},{"type":"Feature","properties":{"pressure":"HPL","kind":"main","asset_id":"888888013441","spec":"457MM ST","diameter_mm":457,"material":"ST","surveyed":"20250613"},"geometry":{"type":"LineString","coordinates":[[-2.716291,53.314779],[-2.716279,53.314743],[-2.716254,53.314474],[-2.71641,53.31447]]}},{"type":"Feature","properties":{"pressure":"HPL","kind":"main","asset_id":"888888013444","spec":"457MM ST","diameter_mm":457,"material":"ST","surveyed":"20250613"},"geometry":{"type":"LineString","coordinates":[[-2.71641,53.31447],[-2.716615,53.314466]]}},{"type":"Feature","properties":{"pressure":"HPL","kind":"main","asset_id":"220002937516","spec":"168.3MM ST","diameter_mm":168.3,"material":"ST","surveyed":"20250613"},"geometry":{"type":"LineString","coordinates":[[-2.717688,53.314771],[-2.717711,53.314581],[-2.717681,53.314563],[-2.717298,53.314555],[-2.717193,53.314509]]}},{"type":"Feature","properties":{"pressure":"HPL","kind":"main","asset_id":"888888011322","spec":"168.3MM ST","diameter_mm":168.3,"material":"ST","surveyed":"20241221"},"geometry":{"type":"LineString","coordinates":[[-2.71431,53.307503],[-2.714272,53.307522],[-2.713244,53.308052],[-2.712586,53.308658],[-2.712327,53.308905]]}},{"type":"Feature","properties":{"pressure":"HPL","kind":"main","asset_id":"888888011328","spec":"168.3MM ST","diameter_mm":168.3,"material":"ST","surveyed":"20241221"},"geometry":{"type":"LineString","coordinates":[[-2.712327,53.308905],[-2.712177,53.309047],[-2.711765,53.309482],[-2.711192,53.310113],[-2.711671,53.31025],[-2.711878,53.310311]]}},{"type":"Feature","properties":{"pressure":"HPL","kind":"main","asset_id":"888888011327","spec":"168.3MM ST","diameter_mm":168.3,"material":"ST","surveyed":"20250729"},"geometry":{"type":"LineString","coordinates":[[-2.715178,53.305797],[-2.715181,53.305798],[-2.715675,53.306095],[-2.716283,53.30646],[-2.715678,53.306782]]}},{"type":"Feature","properties":{"pressure":"HPL","kind":"main","asset_id":"888888011322","spec":"168.3MM ST","diameter_mm":168.3,"material":"ST","surveyed":"20250729"},"geometry":{"type":"LineString","coordinates":[[-2.714586,53.30736],[-2.714322,53.307497],[-2.71431,53.307503]]}},{"type":"Feature","properties":{"pressure":"HPL","kind":"main","asset_id":"900000299859","spec":"168.3MM ST","diameter_mm":168.3,"material":"ST","surveyed":"20250729"},"geometry":{"type":"LineString","coordinates":[[-2.715678,53.306782],[-2.714911,53.307191],[-2.714586,53.30736]]}},{"type":"Feature","properties":{"pressure":"HPL","kind":"main","asset_id":"220000073055","spec":"219MM ST","diameter_mm":219,"material":"ST","surveyed":"20250215"},"geometry":{"type":"LineString","coordinates":[[-2.682892,53.314975],[-2.682687,53.314935],[-2.682559,53.314909],[-2.682122,53.314813],[-2.681691,53.31472],[-2.681631,53.314676],[-2.681071,53.31455],[-2.681041,53.314631],[-2.680977,53.314657],[-2.680521,53.314567],[-2.680063,53.314479],[-2.679499,53.314373],[-2.678077,53.314119],[-2.677817,53.313952],[-2.677359,53.313857],[-2.676899,53.313768],[-2.67689,53.313766]]}},{"type":"Feature","properties":{"pressure":"HPL","kind":"main","asset_id":"900000292136","spec":"219MM ST","diameter_mm":219,"material":"ST","surveyed":"20250215"},"geometry":{"type":"LineString","coordinates":[[-2.682892,53.314975],[-2.682687,53.314935],[-2.682559,53.314909],[-2.682122,53.314813],[-2.681691,53.31472],[-2.681631,53.314676],[-2.681071,53.31455],[-2.681041,53.314631],[-2.680977,53.314657],[-2.680521,53.314567],[-2.680063,53.314479],[-2.679499,53.314373],[-2.678077,53.314119],[-2.677817,53.313952],[-2.677359,53.313857],[-2.676899,53.313768],[-2.67689,53.313766]]}},{"type":"Feature","properties":{"pressure":"HPL","kind":"main","asset_id":"888888012561","spec":"273MM ST","diameter_mm":273,"material":"ST","surveyed":"20260603"},"geometry":{"type":"LineString","coordinates":[[-2.665075,53.313906],[-2.664778,53.314016],[-2.664804,53.314039],[-2.664772,53.314054],[-2.664748,53.314046],[-2.664378,53.314172],[-2.664076,53.314286],[-2.663714,53.314431],[-2.66319,53.314731],[-2.662909,53.314908],[-2.662396,53.315091]]}},{"type":"Feature","properties":{"pressure":"HPL","kind":"main","asset_id":"888888012692","spec":"219MM ST","diameter_mm":219,"material":"ST","surveyed":"20260603"},"geometry":{"type":"LineString","coordinates":[[-2.665106,53.313908],[-2.665055,53.313868]]}},{"type":"Feature","properties":{"pressure":"HPL","kind":"main","asset_id":"888888012670","spec":"219MM ST","diameter_mm":219,"material":"ST","surveyed":"20260603"},"geometry":{"type":"LineString","coordinates":[[-2.666478,53.313493],[-2.666134,53.313606],[-2.665792,53.31379],[-2.665114,53.313915],[-2.665106,53.313908]]}},{"type":"Feature","properties":{"pressure":"HPL","kind":"main","asset_id":"220000073055","spec":"219MM ST","diameter_mm":219,"material":"ST","surveyed":"20260603"},"geometry":{"type":"LineString","coordinates":[[-2.669382,53.313542],[-2.66938,53.313543],[-2.668656,53.31349],[-2.668186,53.313514],[-2.668065,53.313563],[-2.66763,53.313736],[-2.667203,53.313907],[-2.667183,53.31389]]}},{"type":"Feature","properties":{"pressure":"HPL","kind":"main","asset_id":"900000292136","spec":"219MM ST","diameter_mm":219,"material":"ST","surveyed":"20260603"},"geometry":{"type":"LineString","coordinates":[[-2.669382,53.313542],[-2.66938,53.313543],[-2.668656,53.31349],[-2.668186,53.313514],[-2.668065,53.313563],[-2.66763,53.313736],[-2.667203,53.313907],[-2.667183,53.31389]]}},{"type":"Feature","properties":{"pressure":"HPL","kind":"main","asset_id":"900000292136","spec":"219MM ST","diameter_mm":219,"material":"ST","surveyed":"20260603"},"geometry":{"type":"LineString","coordinates":[[-2.667183,53.31389],[-2.667174,53.313882]]}},{"type":"Feature","properties":{"pressure":"HPL","kind":"main","asset_id":"220000073040","spec":"219MM ST","diameter_mm":219,"material":"ST","surveyed":"20260603"},"geometry":{"type":"LineString","coordinates":[[-2.666557,53.313467],[-2.666478,53.313493]]}},{"type":"Feature","properties":{"pressure":"HPL","kind":"main","asset_id":"220001824495","spec":"219MM ST","diameter_mm":219,"material":"ST","surveyed":"20260603"},"geometry":{"type":"LineString","coordinates":[[-2.667134,53.313847],[-2.66693,53.313669],[-2.666654,53.313434],[-2.666557,53.313467]]}},{"type":"Feature","properties":{"pressure":"HPL","kind":"main","asset_id":"220000073056","spec":"219MM ST","diameter_mm":219,"material":"ST","surveyed":"20260603"},"geometry":{"type":"LineString","coordinates":[[-2.667183,53.31389],[-2.667174,53.313882]]}},{"type":"Feature","properties":{"pressure":"HPL","kind":"main","asset_id":"220000073056","spec":"219MM ST","diameter_mm":219,"material":"ST","surveyed":"20260603"},"geometry":{"type":"LineString","coordinates":[[-2.667174,53.313882],[-2.667134,53.313847]]}},{"type":"Feature","properties":{"pressure":"HPL","kind":"main","asset_id":"220001824495","spec":"219MM ST","diameter_mm":219,"material":"ST","surveyed":"20260603"},"geometry":{"type":"LineString","coordinates":[[-2.667174,53.313882],[-2.667134,53.313847]]}},{"type":"Feature","properties":{"pressure":"HPL","kind":"main","asset_id":"220000073055","spec":"219MM ST","diameter_mm":219,"material":"ST","surveyed":"20250215"},"geometry":{"type":"LineString","coordinates":[[-2.67689,53.313766],[-2.675455,53.313498],[-2.674764,53.313376],[-2.674664,53.313555],[-2.673391,53.313302],[-2.673004,53.313328],[-2.672457,53.313387],[-2.671075,53.313535],[-2.670061,53.313548],[-2.669643,53.313555],[-2.669382,53.313542]]}},{"type":"Feature","properties":{"pressure":"HPL","kind":"main","asset_id":"900000292136","spec":"219MM ST","diameter_mm":219,"material":"ST","surveyed":"20250215"},"geometry":{"type":"LineString","coordinates":[[-2.67689,53.313766],[-2.675455,53.313498],[-2.674764,53.313376],[-2.674664,53.313555],[-2.673391,53.313302],[-2.673004,53.313328],[-2.672457,53.313387],[-2.671075,53.313535],[-2.670061,53.313548],[-2.669643,53.313555],[-2.669382,53.313542]]}},{"type":"Feature","properties":{"pressure":"HPL","kind":"main","asset_id":"220002937516","spec":"168.3MM ST","diameter_mm":168.3,"material":"ST","surveyed":"20260604"},"geometry":{"type":"LineString","coordinates":[[-2.744547,53.320261],[-2.744134,53.319954],[-2.743488,53.319461],[-2.743242,53.319248],[-2.74308,53.31911]]}},{"type":"Feature","properties":{"pressure":"HPL","kind":"main","asset_id":"220002937516","spec":"168.3MM ST","diameter_mm":168.3,"material":"ST","surveyed":"20250725"},"geometry":{"type":"LineString","coordinates":[[-2.747634,53.323576],[-2.747595,53.323543],[-2.747314,53.322983],[-2.746992,53.322494],[-2.746599,53.322015],[-2.746384,53.321791],[-2.746087,53.321396],[-2.746157,53.32135],[-2.746161,53.321327],[-2.745725,53.321077],[-2.745389,53.320869],[-2.744716,53.320387],[-2.744547,53.320261]]}},{"type":"Feature","properties":{"pressure":"HPL","kind":"main","asset_id":"220002937516","spec":"168.3MM ST","diameter_mm":168.3,"material":"ST","surveyed":"20251215"},"geometry":{"type":"LineString","coordinates":[[-2.74308,53.31911],[-2.742636,53.318732],[-2.742642,53.318711],[-2.742746,53.318664],[-2.742742,53.318642],[-2.742669,53.318583],[-2.742678,53.318549],[-2.742482,53.318404],[-2.742245,53.318233],[-2.741991,53.318068],[-2.741638,53.317856],[-2.740696,53.317412],[-2.739415,53.317001],[-2.73818,53.31687],[-2.736982,53.316862]]}},{"type":"Feature","properties":{"pressure":"HPL","kind":"main","asset_id":"220002937516","spec":"168.3MM ST","diameter_mm":168.3,"material":"ST","surveyed":"20260604"},"geometry":{"type":"LineString","coordinates":[[-2.752201,53.328668],[-2.752144,53.328412],[-2.752055,53.328042]]}},{"type":"Feature","properties":{"pressure":"HPL","kind":"main","asset_id":"220002937516","spec":"168.3MM ST","diameter_mm":168.3,"material":"ST","surveyed":"20260604"},"geometry":{"type":"LineString","coordinates":[[-2.752055,53.328042],[-2.751913,53.327445],[-2.751974,53.327284],[-2.752028,53.327274],[-2.752047,53.327257],[-2.751921,53.326938],[-2.751758,53.326515],[-2.751533,53.325775],[-2.751293,53.325055],[-2.751106,53.32499],[-2.751059,53.324876],[-2.751187,53.324775],[-2.751093,53.324485],[-2.750581,53.324296],[-2.750525,53.324267],[-2.749618,53.324383],[-2.749546,53.324353],[-2.749387,53.323734],[-2.749177,53.323638],[-2.747804,53.323881],[-2.747779,53.323867],[-2.747656,53.323596],[-2.747634,53.323576]]}},{"type":"Feature","properties":{"pressure":"HPL","kind":"main","asset_id":"220003117838","spec":"406MM ST","diameter_mm":406,"material":"ST","surveyed":"20260604"},"geometry":{"type":"LineString","coordinates":[[-2.737399,53.341046],[-2.737692,53.34122],[-2.73816,53.341502],[-2.738323,53.341611]]}},{"type":"Feature","properties":{"pressure":"HPL","kind":"main","asset_id":"900000299761","spec":"406MM ST","diameter_mm":406,"material":"ST","surveyed":"20260603"},"geometry":{"type":"LineString","coordinates":[[-2.737813,53.346109],[-2.737675,53.34638],[-2.737498,53.34674]]}},{"type":"Feature","properties":{"pressure":"HPL","kind":"main","asset_id":"220003117835","spec":"406MM ST","diameter_mm":406,"material":"ST","surveyed":"20260604"},"geometry":{"type":"LineString","coordinates":[[-2.739269,53.343492],[-2.739268,53.343495],[-2.739233,53.343497],[-2.739163,53.343489],[-2.739135,53.343501],[-2.739063,53.343651],[-2.738934,53.343903],[-2.738768,53.344221]]}},{"type":"Feature","properties":{"pressure":"HPL","kind":"main","asset_id":"220003117838","spec":"406MM ST","diameter_mm":406,"material":"ST","surveyed":"20260604"},"geometry":{"type":"LineString","coordinates":[[-2.738323,53.341611],[-2.738468,53.341708],[-2.738671,53.341866],[-2.738835,53.342011],[-2.739032,53.342202],[-2.739145,53.342352],[-2.739204,53.342463],[-2.739251,53.342597],[-2.739296,53.342792],[-2.739316,53.342983],[-2.739321,53.34314],[-2.739269,53.343492]]}},{"type":"Feature","properties":{"pressure":"HPL","kind":"main","asset_id":"900000299761","spec":"406MM ST","diameter_mm":406,"material":"ST","surveyed":"20260604"},"geometry":{"type":"LineString","coordinates":[[-2.738768,53.344221],[-2.73861,53.344525],[-2.738423,53.34488],[-2.738332,53.345066],[-2.738135,53.34549],[-2.738393,53.345537],[-2.738416,53.345551],[-2.738412,53.345562],[-2.738379,53.345574],[-2.738119,53.345526],[-2.737939,53.345862],[-2.737813,53.346109]]}},{"type":"Feature","properties":{"pressure":"HPL","kind":"main","asset_id":"888888013392","spec":"406MM ST","diameter_mm":406,"material":"ST","surveyed":"20251215"},"geometry":{"type":"LineString","coordinates":[[-2.745182,53.356668],[-2.745167,53.356668],[-2.745013,53.356668],[-2.744864,53.356665],[-2.744728,53.356641],[-2.744576,53.356596],[-2.74447,53.35655],[-2.744369,53.356475],[-2.744306,53.356416],[-2.744271,53.35634],[-2.744253,53.356275],[-2.744251,53.356202],[-2.744195,53.356173]]}},{"type":"Feature","properties":{"pressure":"HPL","kind":"main","asset_id":"888888013393","spec":"406MM ST","diameter_mm":406,"material":"ST","surveyed":"20251215"},"geometry":{"type":"LineString","coordinates":[[-2.744195,53.356173],[-2.744121,53.356137]]}},{"type":"Feature","properties":{"pressure":"HPL","kind":"main","asset_id":"888888013394","spec":"406MM ST","diameter_mm":406,"material":"ST","surveyed":"20251215"},"geometry":{"type":"LineString","coordinates":[[-2.744121,53.356137],[-2.744107,53.356129],[-2.744045,53.356114],[-2.74398,53.356129],[-2.743762,53.356336],[-2.743612,53.356464],[-2.743489,53.356551],[-2.74335,53.356628],[-2.743113,53.356714],[-2.742781,53.356839],[-2.742763,53.357041],[-2.742101,53.357046],[-2.742042,53.357033],[-2.741378,53.357077],[-2.740484,53.357052],[-2.740036,53.357043],[-2.73994,53.357034],[-2.739797,53.356997],[-2.739225,53.35684],[-2.739117,53.35678],[-2.738923,53.356763],[-2.738032,53.356813],[-2.737672,53.356838]]}},{"type":"Feature","properties":{"pressure":"HPL","kind":"main","asset_id":"888888013384","spec":"406MM ST","diameter_mm":406,"material":"ST","surveyed":"20250729"},"geometry":{"type":"LineString","coordinates":[[-2.752696,53.356764],[-2.75223,53.356777]]}},{"type":"Feature","properties":{"pressure":"HPL","kind":"main","asset_id":"888888013385","spec":"406MM ST","diameter_mm":406,"material":"ST","surveyed":"20250729"},"geometry":{"type":"LineString","coordinates":[[-2.75217,53.356779],[-2.75178,53.356789],[-2.751033,53.356821],[-2.749922,53.356867],[-2.748843,53.356915],[-2.748825,53.356905]]}},{"type":"Feature","properties":{"pressure":"HPL","kind":"main","asset_id":"888888013391","spec":"406MM ST","diameter_mm":406,"material":"ST","surveyed":"20250729"},"geometry":{"type":"LineString","coordinates":[[-2.748825,53.356905],[-2.748816,53.356899],[-2.748801,53.356828]]}},{"type":"Feature","properties":{"pressure":"HPL","kind":"main","asset_id":"888888013392","spec":"406MM ST","diameter_mm":406,"material":"ST","surveyed":"20250729"},"geometry":{"type":"LineString","coordinates":[[-2.748801,53.356828],[-2.748796,53.356806],[-2.748705,53.356799],[-2.748564,53.356779],[-2.747676,53.356708],[-2.746753,53.356649],[-2.746366,53.356639],[-2.746064,53.35664],[-2.74584,53.356639],[-2.745182,53.356668]]}},{"type":"Feature","properties":{"pressure":"HPL","kind":"main","asset_id":"900000299684","spec":"406MM ST","diameter_mm":406,"material":"ST","surveyed":"20250729"},"geometry":{"type":"LineString","coordinates":[[-2.75223,53.356777],[-2.75217,53.356779]]}},{"type":"Feature","properties":{"pressure":"HPL","kind":"main","asset_id":"220002937516","spec":"168.3MM ST","diameter_mm":168.3,"material":"ST","surveyed":"20250613"},"geometry":{"type":"LineString","coordinates":[[-2.729477,53.316884],[-2.728014,53.316705],[-2.727772,53.316676],[-2.726722,53.315929],[-2.723297,53.315795],[-2.721953,53.315768]]}},{"type":"Feature","properties":{"pressure":"HPL","kind":"main","asset_id":"220002937516","spec":"168.3MM ST","diameter_mm":168.3,"material":"ST","surveyed":"20260604"},"geometry":{"type":"LineString","coordinates":[[-2.736982,53.316862],[-2.735836,53.316854],[-2.735325,53.316971],[-2.734348,53.317202],[-2.732977,53.317316],[-2.729477,53.316884]]}},{"type":"Feature","properties":{"pressure":"HPL","kind":"main","asset_id":"888888012361","spec":"406MM ST","diameter_mm":406,"material":"ST","surveyed":"20260118"},"geometry":{"type":"LineString","coordinates":[[-2.726405,53.33719],[-2.72681,53.337455],[-2.727072,53.337635],[-2.727434,53.337868],[-2.727467,53.337931],[-2.727676,53.338049],[-2.728264,53.338392],[-2.7284,53.338462],[-2.728184,53.338892],[-2.729586,53.339181],[-2.729859,53.339269]]}},{"type":"Feature","properties":{"pressure":"HPL","kind":"main","asset_id":"888888012361","spec":"406MM ST","diameter_mm":406,"material":"ST","surveyed":"20260604"},"geometry":{"type":"LineString","coordinates":[[-2.729859,53.339269],[-2.730084,53.339342],[-2.73055,53.339489],[-2.730964,53.339624],[-2.731303,53.339731],[-2.731828,53.339874],[-2.732131,53.339947],[-2.732508,53.340046],[-2.732649,53.340272],[-2.732792,53.340303],[-2.733206,53.340379],[-2.733424,53.340411],[-2.733849,53.340442],[-2.734447,53.340478],[-2.734817,53.340496],[-2.735316,53.340529],[-2.735583,53.34047],[-2.73569,53.340443],[-2.735747,53.340435],[-2.735838,53.340481],[-2.73591,53.340521],[-2.735946,53.34052],[-2.736252,53.340525],[-2.736404,53.340501],[-2.736479,53.340506],[-2.736521,53.340521],[-2.736524,53.340523]]}},{"type":"Feature","properties":{"pressure":"HPL","kind":"main","asset_id":"220003117842","spec":"406MM ST","diameter_mm":406,"material":"ST","surveyed":"20260604"},"geometry":{"type":"LineString","coordinates":[[-2.736524,53.340523],[-2.73694,53.340772]]}},{"type":"Feature","properties":{"pressure":"HPL","kind":"main","asset_id":"220003117838","spec":"406MM ST","diameter_mm":406,"material":"ST","surveyed":"20260604"},"geometry":{"type":"LineString","coordinates":[[-2.73694,53.340772],[-2.737041,53.340833],[-2.737399,53.341046]]}},{"type":"Feature","properties":{"pressure":"HPL","kind":"main","asset_id":"888888012361","spec":"406MM ST","diameter_mm":406,"material":"ST","surveyed":"20260118"},"geometry":{"type":"LineString","coordinates":[[-2.722273,53.334731],[-2.72233,53.334759],[-2.722371,53.334761],[-2.722703,53.334957],[-2.722791,53.334959],[-2.722916,53.335021],[-2.722988,53.335021],[-2.72334,53.335229],[-2.723581,53.335369],[-2.723611,53.335373],[-2.723854,53.335512],[-2.724063,53.335641],[-2.724585,53.335981],[-2.724869,53.33616],[-2.72548,53.336553],[-2.725488,53.336575],[-2.7261,53.33699],[-2.726405,53.33719]]}},{"type":"Feature","properties":{"pressure":"HPL","kind":"main","asset_id":"888888012362","spec":"406MM ST","diameter_mm":406,"material":"ST","surveyed":"20260604"},"geometry":{"type":"LineString","coordinates":[[-2.736882,53.349355],[-2.73678,53.349353],[-2.736638,53.349355],[-2.73642,53.349691],[-2.73667,53.349897],[-2.73667,53.350052],[-2.736712,53.350388],[-2.736744,53.35061]]}},{"type":"Feature","properties":{"pressure":"HPL","kind":"main","asset_id":"220003117831","spec":"406MM ST","diameter_mm":406,"material":"ST","surveyed":"20260604"},"geometry":{"type":"LineString","coordinates":[[-2.73701,53.348022],[-2.737024,53.348024],[-2.736979,53.348232],[-2.736942,53.348465],[-2.736914,53.348741],[-2.736899,53.349016],[-2.736905,53.349254],[-2.736879,53.349276],[-2.736895,53.349355]]}},{"type":"Feature","properties":{"pressure":"HPL","kind":"main","asset_id":"220003117821","spec":"406MM ST","diameter_mm":406,"material":"ST","surveyed":"20260604"},"geometry":{"type":"LineString","coordinates":[[-2.736895,53.349355],[-2.736882,53.349355]]}},{"type":"Feature","properties":{"pressure":"HPL","kind":"main","asset_id":"900000299761","spec":"406MM ST","diameter_mm":406,"material":"ST","surveyed":"20260604"},"geometry":{"type":"LineString","coordinates":[[-2.737498,53.34674],[-2.73745,53.346835],[-2.737275,53.347198],[-2.73703,53.347683],[-2.737067,53.347707],[-2.736951,53.348014],[-2.73701,53.348022]]}},{"type":"Feature","properties":{"pressure":"HPL","kind":"main","asset_id":"888888013395","spec":"406MM ST","diameter_mm":406,"material":"ST","surveyed":"20250926"},"geometry":{"type":"LineString","coordinates":[[-2.730149,53.356192],[-2.729744,53.35636],[-2.729225,53.356554],[-2.728837,53.356696],[-2.728208,53.35691],[-2.727675,53.357073],[-2.727163,53.357211],[-2.726703,53.357339],[-2.726688,53.357359]]}},{"type":"Feature","properties":{"pressure":"HPL","kind":"main","asset_id":"888888013400","spec":"406MM ST","diameter_mm":406,"material":"ST","surveyed":"20250926"},"geometry":{"type":"LineString","coordinates":[[-2.726688,53.357359],[-2.7261,53.357514]]}},{"type":"Feature","properties":{"pressure":"HPL","kind":"main","asset_id":"888888013401","spec":"406MM ST","diameter_mm":406,"material":"ST","surveyed":"20250926"},"geometry":{"type":"LineString","coordinates":[[-2.7261,53.357514],[-2.725901,53.357566],[-2.725127,53.357773],[-2.724355,53.357973],[-2.723846,53.358092],[-2.723167,53.35824],[-2.722871,53.358299],[-2.722673,53.358338]]}},{"type":"Feature","properties":{"pressure":"HPL","kind":"main","asset_id":"888888013411","spec":"406MM ST","diameter_mm":406,"material":"ST","surveyed":"20251220"},"geometry":{"type":"LineString","coordinates":[[-2.731905,53.355134],[-2.731867,53.355194],[-2.731676,53.355375],[-2.731404,53.355567],[-2.731105,53.355757],[-2.73087,53.355879],[-2.730525,53.356035]]}},{"type":"Feature","properties":{"pressure":"HPL","kind":"main","asset_id":"888888013411","spec":"406MM ST","diameter_mm":406,"material":"ST","surveyed":"20251220"},"geometry":{"type":"LineString","coordinates":[[-2.732523,53.35513],[-2.732497,53.355145],[-2.732439,53.355131]]}},{"type":"Feature","properties":{"pressure":"HPL","kind":"main","asset_id":"888888013395","spec":"406MM ST","diameter_mm":406,"material":"ST","surveyed":"20251220"},"geometry":{"type":"LineString","coordinates":[[-2.730525,53.356035],[-2.73051,53.356041],[-2.730149,53.356192]]}},{"type":"Feature","properties":{"pressure":"HPL","kind":"main","asset_id":"888888013394","spec":"406MM ST","diameter_mm":406,"material":"ST","surveyed":"20251220"},"geometry":{"type":"LineString","coordinates":[[-2.737672,53.356838],[-2.736663,53.356907],[-2.736612,53.356897],[-2.736593,53.356879],[-2.736329,53.35616],[-2.735937,53.355109]]}},{"type":"Feature","properties":{"pressure":"HPL","kind":"main","asset_id":"888888012362","spec":"406MM ST","diameter_mm":406,"material":"ST","surveyed":"20260604"},"geometry":{"type":"LineString","coordinates":[[-2.73427,53.354278],[-2.734261,53.354297],[-2.734307,53.354302],[-2.734368,53.354309],[-2.734376,53.354324],[-2.734254,53.354565],[-2.734111,53.354625],[-2.734093,53.354669],[-2.734204,53.354687],[-2.734184,53.354744],[-2.734077,53.354727],[-2.734042,53.354775]]}},{"type":"Feature","properties":{"pressure":"HPL","kind":"main","asset_id":"888888012362","spec":"406MM ST","diameter_mm":406,"material":"ST","surveyed":"20260604"},"geometry":{"type":"LineString","coordinates":[[-2.736744,53.35061],[-2.736759,53.350712],[-2.736821,53.350971],[-2.736879,53.351237],[-2.73706,53.35176],[-2.737146,53.352025],[-2.737237,53.352298],[-2.73728,53.352416],[-2.737324,53.352537],[-2.73734,53.352625],[-2.737332,53.352919],[-2.737254,53.353063],[-2.737143,53.353167],[-2.736737,53.353384],[-2.736651,53.353409],[-2.736372,53.35346],[-2.73591,53.353539],[-2.735415,53.353616],[-2.735247,53.353656],[-2.734999,53.353741],[-2.734734,53.353877],[-2.734488,53.354084],[-2.734396,53.354279],[-2.734381,53.35429],[-2.73427,53.354278]]}},{"type":"Feature","properties":{"pressure":"HPL","kind":"main","asset_id":"888888013409","spec":"406MM ST","diameter_mm":406,"material":"ST","surveyed":"20260604"},"geometry":{"type":"LineString","coordinates":[[-2.73398,53.354766],[-2.733743,53.354732],[-2.733615,53.35474],[-2.733558,53.354757]]}},{"type":"Feature","properties":{"pressure":"HPL","kind":"main","asset_id":"888888013410","spec":"406MM ST","diameter_mm":406,"material":"ST","surveyed":"20260604"},"geometry":{"type":"LineString","coordinates":[[-2.733558,53.354757],[-2.733517,53.354768]]}},{"type":"Feature","properties":{"pressure":"HPL","kind":"main","asset_id":"888888013397","spec":"406MM ST","diameter_mm":406,"material":"ST","surveyed":"20260604"},"geometry":{"type":"LineString","coordinates":[[-2.733517,53.354768],[-2.733449,53.354788]]}},{"type":"Feature","properties":{"pressure":"HPL","kind":"main","asset_id":"888888013398","spec":"406MM ST","diameter_mm":406,"material":"ST","surveyed":"20260604"},"geometry":{"type":"LineString","coordinates":[[-2.733449,53.354788],[-2.73303,53.354907]]}},{"type":"Feature","properties":{"pressure":"HPL","kind":"main","asset_id":"888888013412","spec":"406MM ST","diameter_mm":406,"material":"ST","surveyed":"20260604"},"geometry":{"type":"LineString","coordinates":[[-2.73303,53.354907],[-2.732815,53.354969],[-2.732715,53.355025]]}},{"type":"Feature","properties":{"pressure":"HPL","kind":"main","asset_id":"888888013411","spec":"406MM ST","diameter_mm":406,"material":"ST","surveyed":"20260604"},"geometry":{"type":"LineString","coordinates":[[-2.732439,53.355131],[-2.732003,53.355026],[-2.731967,53.35504],[-2.731905,53.355134]]}},{"type":"Feature","properties":{"pressure":"HPL","kind":"main","asset_id":"888888013411","spec":"406MM ST","diameter_mm":406,"material":"ST","surveyed":"20260604"},"geometry":{"type":"LineString","coordinates":[[-2.732715,53.355025],[-2.732523,53.35513]]}},{"type":"Feature","properties":{"pressure":"HPL","kind":"main","asset_id":"888888013394","spec":"406MM ST","diameter_mm":406,"material":"ST","surveyed":"20260604"},"geometry":{"type":"LineString","coordinates":[[-2.735937,53.355109],[-2.735862,53.35491],[-2.735815,53.354884],[-2.735393,53.354942],[-2.734796,53.355024],[-2.734723,53.354976],[-2.734185,53.355045],[-2.734155,53.355035],[-2.734225,53.354816],[-2.734223,53.354794],[-2.734042,53.354775]]}},{"type":"Feature","properties":{"pressure":"HPL","kind":"main","asset_id":"888888013394","spec":"406MM ST","diameter_mm":406,"material":"ST","surveyed":"20260604"},"geometry":{"type":"LineString","coordinates":[[-2.734042,53.354775],[-2.73398,53.354766]]}},{"type":"Feature","properties":{"pressure":"HPL","kind":"main","asset_id":"220000072839","spec":"406MM ST","diameter_mm":406,"material":"ST","surveyed":"20260604"},"geometry":{"type":"LineString","coordinates":[[-2.73427,53.354278],[-2.734129,53.354263]]}},{"type":"Feature","properties":{"pressure":"HPL","kind":"main","asset_id":"900000292186","spec":"168.3MM ST","diameter_mm":168.3,"material":"ST","surveyed":"20260127"},"geometry":{"type":"LineString","coordinates":[[-2.712246,53.319298],[-2.712166,53.319461],[-2.711902,53.319951],[-2.711778,53.320197]]}},{"type":"Feature","properties":{"pressure":"HPL","kind":"main","asset_id":"888888011321","spec":"168.3MM ST","diameter_mm":168.3,"material":"ST","surveyed":"20260127"},"geometry":{"type":"LineString","coordinates":[[-2.711508,53.321102],[-2.711552,53.321119],[-2.711563,53.321107]]}},{"type":"Feature","properties":{"pressure":"HPL","kind":"main","asset_id":"888888012687","spec":"219MM ST","diameter_mm":219,"material":"ST","surveyed":"20260127"},"geometry":{"type":"LineString","coordinates":[[-2.71456,53.322507],[-2.71443,53.322431],[-2.714408,53.322394],[-2.713773,53.322057]]}},{"type":"Feature","properties":{"pressure":"HPL","kind":"main","asset_id":"888888012688","spec":"219MM ST","diameter_mm":219,"material":"ST","surveyed":"20260127"},"geometry":{"type":"LineString","coordinates":[[-2.713773,53.322057],[-2.71363,53.321982],[-2.713233,53.321795],[-2.712742,53.321585],[-2.712515,53.321481],[-2.712347,53.321415],[-2.71212,53.321324]]}},{"type":"Feature","properties":{"pressure":"HPL","kind":"main","asset_id":"888888012689","spec":"219MM ST","diameter_mm":219,"material":"ST","surveyed":"20260127"},"geometry":{"type":"LineString","coordinates":[[-2.71212,53.321324],[-2.712103,53.321318],[-2.711563,53.321107]]}},{"type":"Feature","properties":{"pressure":"HPL","kind":"main","asset_id":"888888012689","spec":"219MM ST","diameter_mm":219,"material":"ST","surveyed":"20260127"},"geometry":{"type":"LineString","coordinates":[[-2.711563,53.321107],[-2.711313,53.321014]]}},{"type":"Feature","properties":{"pressure":"HPL","kind":"main","asset_id":"888888012689","spec":"219MM ST","diameter_mm":219,"material":"ST","surveyed":"20260127"},"geometry":{"type":"LineString","coordinates":[[-2.711313,53.321014],[-2.710711,53.320791],[-2.710294,53.320628],[-2.709971,53.320518],[-2.709345,53.320317],[-2.709066,53.320242],[-2.708604,53.320119],[-2.708334,53.320055],[-2.707009,53.319795]]}},{"type":"Feature","properties":{"pressure":"HPL","kind":"main","asset_id":"888888013441","spec":"457MM ST","diameter_mm":457,"material":"ST","surveyed":"20260127"},"geometry":{"type":"LineString","coordinates":[[-2.710376,53.323803],[-2.710441,53.323765],[-2.710741,53.323622],[-2.711179,53.32345],[-2.711458,53.323366],[-2.711958,53.323235],[-2.712247,53.323354],[-2.712751,53.323294],[-2.71325,53.323174],[-2.713759,53.323071],[-2.714119,53.32296],[-2.714365,53.322837],[-2.714564,53.322718]]}},{"type":"Feature","properties":{"pressure":"HPL","kind":"main","asset_id":"220001592722","spec":"168.3MM ST","diameter_mm":168.3,"material":"ST","surveyed":"20260127"},"geometry":{"type":"LineString","coordinates":[[-2.711308,53.321023],[-2.711508,53.321102]]}},{"type":"Feature","properties":{"pressure":"HPL","kind":"main","asset_id":"888888011338","spec":"168.3MM ST","diameter_mm":168.3,"material":"ST","surveyed":"20260127"},"geometry":{"type":"LineString","coordinates":[[-2.711313,53.321014],[-2.711308,53.321023]]}},{"type":"Feature","properties":{"pressure":"HPL","kind":"main","asset_id":"888888011338","spec":"168.3MM ST","diameter_mm":168.3,"material":"ST","surveyed":"20260127"},"geometry":{"type":"LineString","coordinates":[[-2.711523,53.320627],[-2.711313,53.321014]]}},{"type":"Feature","properties":{"pressure":"HPL","kind":"main","asset_id":"220001592720","spec":"168.3MM ST","diameter_mm":168.3,"material":"ST","surveyed":"20260127"},"geometry":{"type":"LineString","coordinates":[[-2.711778,53.320197],[-2.711695,53.320363],[-2.711656,53.320378],[-2.711597,53.320489],[-2.711523,53.320627]]}},{"type":"Feature","properties":{"pressure":"HPL","kind":"main","asset_id":"888888012687","spec":"219MM ST","diameter_mm":219,"material":"ST","surveyed":"20260604"},"geometry":{"type":"LineString","coordinates":[[-2.716768,53.323765],[-2.7165,53.323606],[-2.715888,53.323247],[-2.715134,53.322808],[-2.715061,53.3228],[-2.71474,53.322613]]}},{"type":"Feature","properties":{"pressure":"HPL","kind":"main","asset_id":"888888012687","spec":"219MM ST","diameter_mm":219,"material":"ST","surveyed":"20260604"},"geometry":{"type":"LineString","coordinates":[[-2.71474,53.322613],[-2.71456,53.322507]]}},{"type":"Feature","properties":{"pressure":"HPL","kind":"main","asset_id":"888888013441","spec":"457MM ST","diameter_mm":457,"material":"ST","surveyed":"20260604"},"geometry":{"type":"LineString","coordinates":[[-2.714564,53.322718],[-2.71474,53.322613]]}},{"type":"Feature","properties":{"pressure":"HPL","kind":"main","asset_id":"888888013441","spec":"457MM ST","diameter_mm":457,"material":"ST","surveyed":"20260604"},"geometry":{"type":"LineString","coordinates":[[-2.71474,53.322613],[-2.715498,53.32216],[-2.716327,53.321657],[-2.715957,53.320857],[-2.716597,53.320651],[-2.717381,53.320064],[-2.717944,53.31958],[-2.718387,53.319261]]}},{"type":"Feature","properties":{"pressure":"HPL","kind":"main","asset_id":"888888011339","spec":"168.3MM ST","diameter_mm":168.3,"material":"ST","surveyed":"20260120"},"geometry":{"type":"LineString","coordinates":[[-2.712599,53.314801],[-2.712597,53.314981]]}},{"type":"Feature","properties":{"pressure":"HPL","kind":"main","asset_id":"888888011340","spec":"168.3MM ST","diameter_mm":168.3,"material":"ST","surveyed":"20260120"},"geometry":{"type":"LineString","coordinates":[[-2.712597,53.314981],[-2.712592,53.315337],[-2.712585,53.31558],[-2.712674,53.31595],[-2.71278,53.316376],[-2.7129,53.316923],[-2.713048,53.31754],[-2.712891,53.317708]]}},{"type":"Feature","properties":{"pressure":"HPL","kind":"main","asset_id":"888888011337","spec":"168.3MM ST","diameter_mm":168.3,"material":"ST","surveyed":"20260120"},"geometry":{"type":"LineString","coordinates":[[-2.712891,53.317708],[-2.712878,53.317722],[-2.712885,53.317785],[-2.712771,53.318074],[-2.712762,53.318097]]}},{"type":"Feature","properties":{"pressure":"HPL","kind":"main","asset_id":"900000292186","spec":"168.3MM ST","diameter_mm":168.3,"material":"ST","surveyed":"20260120"},"geometry":{"type":"LineString","coordinates":[[-2.712762,53.318097],[-2.712661,53.318348],[-2.712509,53.318749],[-2.712433,53.318918],[-2.712246,53.319298]]}},{"type":"Feature","properties":{"pressure":"HPL","kind":"main","asset_id":"888888013441","spec":"457MM ST","diameter_mm":457,"material":"ST","surveyed":"20250724"},"geometry":{"type":"LineString","coordinates":[[-2.718387,53.319261],[-2.719206,53.31867],[-2.719378,53.318544],[-2.719927,53.318366],[-2.720185,53.318281],[-2.71972,53.317633],[-2.719592,53.317513],[-2.718768,53.317136],[-2.71759,53.316606],[-2.716779,53.316239],[-2.716291,53.314779]]}},{"type":"Feature","properties":{"pressure":"HPL","kind":"main","asset_id":"220002937516","spec":"168.3MM ST","diameter_mm":168.3,"material":"ST","surveyed":"20250724"},"geometry":{"type":"LineString","coordinates":[[-2.721953,53.315768],[-2.721056,53.31575],[-2.720874,53.315748],[-2.718279,53.315951],[-2.717736,53.315958],[-2.717093,53.315762],[-2.716908,53.315652],[-2.716631,53.315405],[-2.716552,53.315122],[-2.717618,53.315029],[-2.717658,53.315002],[-2.717688,53.314771]]}},{"type":"Feature","properties":{"pressure":"HPL","kind":"main","asset_id":"888888013442","spec":"457MM ST","diameter_mm":457,"material":"ST","surveyed":"20260604"},"geometry":{"type":"LineString","coordinates":[[-2.714721,53.332128],[-2.71355,53.331773],[-2.712127,53.33135],[-2.710788,53.330957],[-2.709958,53.330729],[-2.709128,53.330522]]}},{"type":"Feature","properties":{"pressure":"HPL","kind":"main","asset_id":"888888013440","spec":"457MM ST","diameter_mm":457,"material":"ST","surveyed":"20260604"},"geometry":{"type":"LineString","coordinates":[[-2.709128,53.330522],[-2.708364,53.33033]]}},{"type":"Feature","properties":{"pressure":"HPL","kind":"main","asset_id":"888888013441","spec":"457MM ST","diameter_mm":457,"material":"ST","surveyed":"20260604"},"geometry":{"type":"LineString","coordinates":[[-2.708364,53.33033],[-2.708336,53.330323],[-2.707452,53.33013],[-2.707628,53.32986],[-2.707226,53.329744],[-2.707173,53.329729]]}},{"type":"Feature","properties":{"pressure":"HPL","kind":"main","asset_id":"888888012671","spec":"219MM ST","diameter_mm":219,"material":"ST","surveyed":"20251218"},"geometry":{"type":"LineString","coordinates":[[-2.718897,53.332741],[-2.719168,53.332679],[-2.71922,53.332646],[-2.719319,53.332627],[-2.718731,53.331683]]}},{"type":"Feature","properties":{"pressure":"HPL","kind":"main","asset_id":"888888012672","spec":"219MM ST","diameter_mm":219,"material":"ST","surveyed":"20251218"},"geometry":{"type":"LineString","coordinates":[[-2.718731,53.331683],[-2.718428,53.331196],[-2.718389,53.331134]]}},{"type":"Feature","properties":{"pressure":"HPL","kind":"main","asset_id":"888888012673","spec":"219MM ST","diameter_mm":219,"material":"ST","surveyed":"20251218"},"geometry":{"type":"LineString","coordinates":[[-2.718389,53.331134],[-2.71836,53.331089]]}},{"type":"Feature","properties":{"pressure":"HPL","kind":"main","asset_id":"888888012674","spec":"219MM ST","diameter_mm":219,"material":"ST","surveyed":"20251218"},"geometry":{"type":"LineString","coordinates":[[-2.71836,53.331089],[-2.718171,53.33079],[-2.717969,53.33047],[-2.71788,53.330311],[-2.717796,53.330121],[-2.717739,53.329979],[-2.717705,53.329859],[-2.717664,53.329734],[-2.717632,53.329543],[-2.717601,53.329369]]}},{"type":"Feature","properties":{"pressure":"HPL","kind":"main","asset_id":"888888012675","spec":"219MM ST","diameter_mm":219,"material":"ST","surveyed":"20251218"},"geometry":{"type":"LineString","coordinates":[[-2.717601,53.329369],[-2.717581,53.329259],[-2.717596,53.32909],[-2.717635,53.329036],[-2.717966,53.328936],[-2.718109,53.328877],[-2.7183,53.328743],[-2.718435,53.328719],[-2.718504,53.328716],[-2.71853,53.328679],[-2.718507,53.328631],[-2.718457,53.328591],[-2.718581,53.328249]]}},{"type":"Feature","properties":{"pressure":"HPL","kind":"main","asset_id":"888888013442","spec":"457MM ST","diameter_mm":457,"material":"ST","surveyed":"20251218"},"geometry":{"type":"LineString","coordinates":[[-2.716736,53.332754],[-2.716165,53.332581],[-2.715174,53.332266],[-2.714721,53.332128]]}},{"type":"Feature","properties":{"pressure":"HPL","kind":"main","asset_id":"888888013441","spec":"457MM ST","diameter_mm":457,"material":"ST","surveyed":"20260129"},"geometry":{"type":"LineString","coordinates":[[-2.707132,53.327221],[-2.707173,53.327217],[-2.707398,53.327172],[-2.707597,53.327107],[-2.707806,53.327038],[-2.708054,53.326917],[-2.70827,53.326809],[-2.708411,53.326707],[-2.708563,53.326603],[-2.708655,53.326487],[-2.708767,53.326248],[-2.708538,53.326205],[-2.708622,53.326059],[-2.708705,53.325883],[-2.708774,53.325739],[-2.708909,53.325419],[-2.709052,53.325088],[-2.70913,53.324934],[-2.709409,53.324547],[-2.709548,53.324406],[-2.70971,53.324257],[-2.709755,53.324214],[-2.710049,53.323995],[-2.710376,53.323803]]}},{"type":"Feature","properties":{"pressure":"HPL","kind":"main","asset_id":"888888012675","spec":"219MM ST","diameter_mm":219,"material":"ST","surveyed":"20260604"},"geometry":{"type":"LineString","coordinates":[[-2.718581,53.328249],[-2.718642,53.32808],[-2.718804,53.327622]]}},{"type":"Feature","properties":{"pressure":"HPL","kind":"main","asset_id":"888888012676","spec":"219MM ST","diameter_mm":219,"material":"ST","surveyed":"20260604"},"geometry":{"type":"LineString","coordinates":[[-2.718804,53.327622],[-2.718906,53.327334]]}},{"type":"Feature","properties":{"pressure":"HPL","kind":"main","asset_id":"888888012677","spec":"219MM ST","diameter_mm":219,"material":"ST","surveyed":"20260604"},"geometry":{"type":"LineString","coordinates":[[-2.718906,53.327334],[-2.718954,53.327197]]}},{"type":"Feature","properties":{"pressure":"HPL","kind":"main","asset_id":"888888012678","spec":"219MM ST","diameter_mm":219,"material":"ST","surveyed":"20260604"},"geometry":{"type":"LineString","coordinates":[[-2.718954,53.327197],[-2.718986,53.327108],[-2.719126,53.326702]]}},{"type":"Feature","properties":{"pressure":"HPL","kind":"main","asset_id":"888888012679","spec":"219MM ST","diameter_mm":219,"material":"ST","surveyed":"20260604"},"geometry":{"type":"LineString","coordinates":[[-2.719126,53.326702],[-2.719154,53.32662],[-2.719303,53.326565],[-2.71933,53.326475]]}},{"type":"Feature","properties":{"pressure":"HPL","kind":"main","asset_id":"888888012680","spec":"219MM ST","diameter_mm":219,"material":"ST","surveyed":"20260604"},"geometry":{"type":"LineString","coordinates":[[-2.71933,53.326475],[-2.719333,53.326463],[-2.719212,53.326364],[-2.719206,53.326223],[-2.719191,53.326157]]}},{"type":"Feature","properties":{"pressure":"HPL","kind":"main","asset_id":"888888012681","spec":"219MM ST","diameter_mm":219,"material":"ST","surveyed":"20260604"},"geometry":{"type":"LineString","coordinates":[[-2.719191,53.326157],[-2.719181,53.326112],[-2.719121,53.325989],[-2.719032,53.325865],[-2.718885,53.32571],[-2.718791,53.32563]]}},{"type":"Feature","properties":{"pressure":"HPL","kind":"main","asset_id":"888888012682","spec":"219MM ST","diameter_mm":219,"material":"ST","surveyed":"20260604"},"geometry":{"type":"LineString","coordinates":[[-2.718791,53.32563],[-2.718676,53.325533],[-2.718139,53.325204],[-2.717744,53.324961]]}},{"type":"Feature","properties":{"pressure":"HPL","kind":"main","asset_id":"888888012684","spec":"219MM ST","diameter_mm":219,"material":"ST","surveyed":"20260604"},"geometry":{"type":"LineString","coordinates":[[-2.717744,53.324961],[-2.71767,53.324916]]}},{"type":"Feature","properties":{"pressure":"HPL","kind":"main","asset_id":"888888012683","spec":"219MM ST","diameter_mm":219,"material":"ST","surveyed":"20260604"},"geometry":{"type":"LineString","coordinates":[[-2.71767,53.324916],[-2.717589,53.324865]]}},{"type":"Feature","properties":{"pressure":"HPL","kind":"main","asset_id":"888888012685","spec":"219MM ST","diameter_mm":219,"material":"ST","surveyed":"20260604"},"geometry":{"type":"LineString","coordinates":[[-2.717589,53.324865],[-2.717426,53.324765]]}},{"type":"Feature","properties":{"pressure":"HPL","kind":"main","asset_id":"888888012686","spec":"219MM ST","diameter_mm":219,"material":"ST","surveyed":"20260604"},"geometry":{"type":"LineString","coordinates":[[-2.717426,53.324765],[-2.717347,53.324717],[-2.717776,53.324405]]}},{"type":"Feature","properties":{"pressure":"HPL","kind":"main","asset_id":"888888012687","spec":"219MM ST","diameter_mm":219,"material":"ST","surveyed":"20260604"},"geometry":{"type":"LineString","coordinates":[[-2.717776,53.324405],[-2.717812,53.324379],[-2.716887,53.323836],[-2.716768,53.323765]]}},{"type":"Feature","properties":{"pressure":"HPL","kind":"main","asset_id":"888888012708","spec":"324MM ST","diameter_mm":324,"material":"ST","surveyed":"20260129"},"geometry":{"type":"LineString","coordinates":[[-2.714846,53.33957],[-2.714449,53.339519],[-2.713839,53.339443]]}},{"type":"Feature","properties":{"pressure":"HPL","kind":"main","asset_id":"888888012709","spec":"324MM ST","diameter_mm":324,"material":"ST","surveyed":"20260129"},"geometry":{"type":"LineString","coordinates":[[-2.713839,53.339443],[-2.713678,53.339419],[-2.713655,53.339532]]}},{"type":"Feature","properties":{"pressure":"HPL","kind":"main","asset_id":"888888012701","spec":"324MM ST","diameter_mm":324,"material":"ST","surveyed":"20260129"},"geometry":{"type":"LineString","coordinates":[[-2.713655,53.339532],[-2.713612,53.339539],[-2.713538,53.339528],[-2.713491,53.339503],[-2.713169,53.339456],[-2.713083,53.339479],[-2.712833,53.340319],[-2.712927,53.340328]]}},{"type":"Feature","properties":{"pressure":"HPL","kind":"main","asset_id":"888888012700","spec":"324MM ST","diameter_mm":324,"material":"ST","surveyed":"20251218"},"geometry":{"type":"LineString","coordinates":[[-2.718443,53.337238],[-2.718425,53.337303],[-2.718412,53.337318],[-2.718396,53.337327],[-2.718362,53.337331],[-2.717641,53.337325],[-2.71759,53.337338],[-2.717567,53.337369],[-2.717556,53.33739],[-2.717558,53.3374],[-2.717571,53.337412],[-2.717862,53.337652],[-2.71796,53.337866],[-2.71796,53.337885],[-2.717958,53.337906]]}},{"type":"Feature","properties":{"pressure":"HPL","kind":"main","asset_id":"888888012702","spec":"324MM ST","diameter_mm":324,"material":"ST","surveyed":"20251218"},"geometry":{"type":"LineString","coordinates":[[-2.717958,53.337906],[-2.717942,53.338066],[-2.717826,53.338537]]}},{"type":"Feature","properties":{"pressure":"HPL","kind":"main","asset_id":"888888012703","spec":"324MM ST","diameter_mm":324,"material":"ST","surveyed":"20251218"},"geometry":{"type":"LineString","coordinates":[[-2.717826,53.338537],[-2.717809,53.338605],[-2.717787,53.33868]]}},{"type":"Feature","properties":{"pressure":"HPL","kind":"main","asset_id":"888888012704","spec":"324MM ST","diameter_mm":324,"material":"ST","surveyed":"20251218"},"geometry":{"type":"LineString","coordinates":[[-2.717787,53.33868],[-2.717609,53.339284]]}},{"type":"Feature","properties":{"pressure":"HPL","kind":"main","asset_id":"888888012705","spec":"324MM ST","diameter_mm":324,"material":"ST","surveyed":"20251218"},"geometry":{"type":"LineString","coordinates":[[-2.717609,53.339284],[-2.717601,53.339312],[-2.717576,53.339386],[-2.717533,53.339638],[-2.717474,53.339936],[-2.717471,53.339974],[-2.71747,53.33999],[-2.717457,53.340003],[-2.71744,53.340007],[-2.717393,53.34],[-2.717231,53.339966],[-2.716829,53.339879]]}},{"type":"Feature","properties":{"pressure":"HPL","kind":"main","asset_id":"888888012706","spec":"324MM ST","diameter_mm":324,"material":"ST","surveyed":"20251218"},"geometry":{"type":"LineString","coordinates":[[-2.716829,53.339879],[-2.716528,53.339815],[-2.716282,53.339768]]}},{"type":"Feature","properties":{"pressure":"HPL","kind":"main","asset_id":"888888012707","spec":"324MM ST","diameter_mm":324,"material":"ST","surveyed":"20251218"},"geometry":{"type":"LineString","coordinates":[[-2.716282,53.339768],[-2.716005,53.33973],[-2.715524,53.339661],[-2.715281,53.339631]]}},{"type":"Feature","properties":{"pressure":"HPL","kind":"main","asset_id":"888888012708","spec":"324MM ST","diameter_mm":324,"material":"ST","surveyed":"20251218"},"geometry":{"type":"LineString","coordinates":[[-2.715281,53.339631],[-2.714897,53.339576],[-2.714846,53.33957]]}},{"type":"Feature","properties":{"pressure":"HPL","kind":"main","asset_id":"888888012669","spec":"219MM ST","diameter_mm":219,"material":"ST","surveyed":"20260604"},"geometry":{"type":"LineString","coordinates":[[-2.719713,53.333873],[-2.719675,53.333861]]}},{"type":"Feature","properties":{"pressure":"HPL","kind":"main","asset_id":"888888012693","spec":"219MM ST","diameter_mm":219,"material":"ST","surveyed":"20260604"},"geometry":{"type":"LineString","coordinates":[[-2.719675,53.333861],[-2.71795,53.333327]]}},{"type":"Feature","properties":{"pressure":"HPL","kind":"main","asset_id":"888888012671","spec":"219MM ST","diameter_mm":219,"material":"ST","surveyed":"20260604"},"geometry":{"type":"LineString","coordinates":[[-2.71795,53.333327],[-2.717332,53.333136],[-2.717305,53.333094],[-2.717616,53.33302]]}},{"type":"Feature","properties":{"pressure":"HPL","kind":"main","asset_id":"888888012671","spec":"219MM ST","diameter_mm":219,"material":"ST","surveyed":"20260604"},"geometry":{"type":"LineString","coordinates":[[-2.717616,53.33302],[-2.71813,53.332897],[-2.718197,53.332901],[-2.718897,53.332741]]}},{"type":"Feature","properties":{"pressure":"HPL","kind":"main","asset_id":"888888012696","spec":"324MM ST","diameter_mm":324,"material":"ST","surveyed":"20260604"},"geometry":{"type":"LineString","coordinates":[[-2.719703,53.333918],[-2.719561,53.334077]]}},{"type":"Feature","properties":{"pressure":"HPL","kind":"main","asset_id":"888888012699","spec":"324MM ST","diameter_mm":324,"material":"ST","surveyed":"20260604"},"geometry":{"type":"LineString","coordinates":[[-2.719561,53.334077],[-2.71896,53.334751]]}},{"type":"Feature","properties":{"pressure":"HPL","kind":"main","asset_id":"888888012697","spec":"324MM ST","diameter_mm":324,"material":"ST","surveyed":"20260604"},"geometry":{"type":"LineString","coordinates":[[-2.71896,53.334751],[-2.718924,53.334791],[-2.719299,53.334912],[-2.719397,53.334944],[-2.719516,53.334972]]}},{"type":"Feature","properties":{"pressure":"HPL","kind":"main","asset_id":"888888012698","spec":"324MM ST","diameter_mm":324,"material":"ST","surveyed":"20260604"},"geometry":{"type":"LineString","coordinates":[[-2.719516,53.334972],[-2.719582,53.334989],[-2.719076,53.335706]]}},{"type":"Feature","properties":{"pressure":"HPL","kind":"main","asset_id":"888888012700","spec":"324MM ST","diameter_mm":324,"material":"ST","surveyed":"20260604"},"geometry":{"type":"LineString","coordinates":[[-2.719076,53.335706],[-2.719041,53.335756],[-2.718765,53.335876],[-2.718527,53.336875],[-2.718473,53.33712],[-2.718443,53.337238]]}},{"type":"Feature","properties":{"pressure":"HPL","kind":"main","asset_id":"888888012361","spec":"406MM ST","diameter_mm":406,"material":"ST","surveyed":"20260604"},"geometry":{"type":"LineString","coordinates":[[-2.719756,53.333939],[-2.719885,53.333796],[-2.719909,53.33378],[-2.719943,53.333782],[-2.720379,53.333935],[-2.720808,53.334086],[-2.721335,53.334322],[-2.721426,53.334344],[-2.721647,53.334438],[-2.721857,53.334533],[-2.722078,53.334636],[-2.722273,53.334731]]}},{"type":"Feature","properties":{"pressure":"HPL","kind":"main","asset_id":"888888013439","spec":"457MM ST","diameter_mm":457,"material":"ST","surveyed":"20260604"},"geometry":{"type":"LineString","coordinates":[[-2.719623,53.333969],[-2.719655,53.333935]]}},{"type":"Feature","properties":{"pressure":"HPL","kind":"main","asset_id":"888888013442","spec":"457MM ST","diameter_mm":457,"material":"ST","surveyed":"20260604"},"geometry":{"type":"LineString","coordinates":[[-2.719655,53.333935],[-2.719713,53.333873]]}},{"type":"Feature","properties":{"pressure":"HPL","kind":"main","asset_id":"888888013442","spec":"457MM ST","diameter_mm":457,"material":"ST","surveyed":"20260604"},"geometry":{"type":"LineString","coordinates":[[-2.719713,53.333873],[-2.719833,53.333732],[-2.719052,53.333468],[-2.718383,53.333253],[-2.717616,53.33302]]}},{"type":"Feature","properties":{"pressure":"HPL","kind":"main","asset_id":"888888013442","spec":"457MM ST","diameter_mm":457,"material":"ST","surveyed":"20260604"},"geometry":{"type":"LineString","coordinates":[[-2.717616,53.33302],[-2.717331,53.332934],[-2.716736,53.332754]]}},{"type":"Feature","properties":{"pressure":"HPL","kind":"main","asset_id":"888888013401","spec":"406MM ST","diameter_mm":406,"material":"ST","surveyed":"20241128"},"geometry":{"type":"LineString","coordinates":[[-2.715182,53.359633],[-2.715138,53.35964],[-2.714723,53.359707],[-2.714562,53.359734]]}},{"type":"Feature","properties":{"pressure":"HPL","kind":"main","asset_id":"888888013401","spec":"406MM ST","diameter_mm":406,"material":"ST","surveyed":"20241128"},"geometry":{"type":"LineString","coordinates":[[-2.722673,53.358338],[-2.722038,53.358459],[-2.721504,53.358557],[-2.720609,53.358722],[-2.719746,53.358882],[-2.71877,53.359043],[-2.71853,53.359079],[-2.718218,53.359127],[-2.717261,53.359286],[-2.716431,53.359426],[-2.71561,53.359561],[-2.715182,53.359633]]}},{"type":"Feature","properties":{"pressure":"HPL","kind":"main","asset_id":"888888013401","spec":"406MM ST","diameter_mm":406,"material":"ST","surveyed":"20260120"},"geometry":{"type":"LineString","coordinates":[[-2.712056,53.360161],[-2.711617,53.360247],[-2.711249,53.360321],[-2.710434,53.360492],[-2.709802,53.360615],[-2.708866,53.360813],[-2.70846,53.360891],[-2.707692,53.361057]]}},{"type":"Feature","properties":{"pressure":"HPL","kind":"main","asset_id":"888888013401","spec":"406MM ST","diameter_mm":406,"material":"ST","surveyed":"20260120"},"geometry":{"type":"LineString","coordinates":[[-2.712129,53.360147],[-2.712056,53.360161]]}},{"type":"Feature","properties":{"pressure":"HPL","kind":"main","asset_id":"888888013401","spec":"406MM ST","diameter_mm":406,"material":"ST","surveyed":"20260120"},"geometry":{"type":"LineString","coordinates":[[-2.714562,53.359734],[-2.713842,53.359853],[-2.712595,53.360067],[-2.712485,53.360109],[-2.712402,53.360125],[-2.712217,53.36013],[-2.712129,53.360147]]}},{"type":"Feature","properties":{"pressure":"HPL","kind":"main","asset_id":"888888012999","spec":"168.3MM ST","diameter_mm":168.3,"material":"ST","surveyed":"20260120"},"geometry":{"type":"LineString","coordinates":[[-2.712056,53.360161],[-2.71218,53.360409],[-2.712341,53.360378],[-2.712373,53.360393],[-2.712418,53.360494],[-2.712444,53.360507],[-2.712506,53.360487],[-2.712529,53.360497],[-2.712576,53.360613],[-2.712592,53.360661],[-2.712613,53.360797],[-2.712595,53.360863],[-2.712658,53.361625],[-2.712717,53.361648],[-2.712722,53.3617],[-2.71296,53.361999],[-2.712925,53.362061],[-2.713052,53.362244],[-2.713096,53.362265],[-2.713178,53.362346],[-2.713266,53.362462],[-2.71311,53.362661],[-2.712454,53.363118],[-2.712498,53.363383],[-2.712414,53.363416]]}},{"type":"Feature","properties":{"pressure":"HPL","kind":"main","asset_id":"888888012999","spec":"168.3MM ST","diameter_mm":168.3,"material":"ST","surveyed":"20260120"},"geometry":{"type":"LineString","coordinates":[[-2.712129,53.360147],[-2.712125,53.360138],[-2.712052,53.360153],[-2.712056,53.360161]]}},{"type":"Feature","properties":{"pressure":"HPL","kind":"main","asset_id":"888888012689","spec":"219MM ST","diameter_mm":219,"material":"ST","surveyed":"20251218"},"geometry":{"type":"LineString","coordinates":[[-2.707009,53.319795],[-2.706911,53.319775],[-2.705821,53.319556],[-2.70503,53.319406]]}},{"type":"Feature","properties":{"pressure":"HPL","kind":"main","asset_id":"888888012690","spec":"219MM ST","diameter_mm":219,"material":"ST","surveyed":"20251218"},"geometry":{"type":"LineString","coordinates":[[-2.70503,53.319406],[-2.704944,53.319389],[-2.704703,53.319342]]}},{"type":"Feature","properties":{"pressure":"HPL","kind":"main","asset_id":"888888012695","spec":"219MM ST","diameter_mm":219,"material":"ST","surveyed":"20260117"},"geometry":{"type":"LineString","coordinates":[[-2.699481,53.318428],[-2.698971,53.318331],[-2.696954,53.317926],[-2.696518,53.317835],[-2.694968,53.317502],[-2.694591,53.317417],[-2.693778,53.317238],[-2.693079,53.317077],[-2.692803,53.31708],[-2.692526,53.317025],[-2.69251,53.316994],[-2.692516,53.316954],[-2.692515,53.316891],[-2.692421,53.316869],[-2.691948,53.316774]]}},{"type":"Feature","properties":{"pressure":"HPL","kind":"main","asset_id":"888888012690","spec":"219MM ST","diameter_mm":219,"material":"ST","surveyed":"20260117"},"geometry":{"type":"LineString","coordinates":[[-2.704703,53.319342],[-2.704686,53.319339]]}},{"type":"Feature","properties":{"pressure":"HPL","kind":"main","asset_id":"888888012691","spec":"219MM ST","diameter_mm":219,"material":"ST","surveyed":"20260117"},"geometry":{"type":"LineString","coordinates":[[-2.704686,53.319339],[-2.703745,53.319156],[-2.701919,53.318824],[-2.701504,53.318821],[-2.700759,53.318676]]}},{"type":"Feature","properties":{"pressure":"HPL","kind":"main","asset_id":"888888012694","spec":"219MM ST","diameter_mm":219,"material":"ST","surveyed":"20260117"},"geometry":{"type":"LineString","coordinates":[[-2.700759,53.318676],[-2.700006,53.318529]]}},{"type":"Feature","properties":{"pressure":"HPL","kind":"main","asset_id":"888888012695","spec":"219MM ST","diameter_mm":219,"material":"ST","surveyed":"20260117"},"geometry":{"type":"LineString","coordinates":[[-2.700006,53.318529],[-2.699848,53.318498],[-2.699481,53.318428]]}},{"type":"Feature","properties":{"pressure":"HPL","kind":"main","asset_id":"888888013441","spec":"457MM ST","diameter_mm":457,"material":"ST","surveyed":"20260604"},"geometry":{"type":"LineString","coordinates":[[-2.707173,53.329729],[-2.707089,53.329704],[-2.70617,53.329663],[-2.704938,53.329249],[-2.704629,53.328988],[-2.704513,53.328793],[-2.704501,53.328744],[-2.704498,53.328522],[-2.704513,53.328427],[-2.704541,53.328332]]}},{"type":"Feature","properties":{"pressure":"HPL","kind":"main","asset_id":"888888013441","spec":"457MM ST","diameter_mm":457,"material":"ST","surveyed":"20260129"},"geometry":{"type":"LineString","coordinates":[[-2.704541,53.328332],[-2.704643,53.327984],[-2.705068,53.326936],[-2.705652,53.32702],[-2.705949,53.327059],[-2.70624,53.327102],[-2.706436,53.327114],[-2.70662,53.327113],[-2.70674,53.327113],[-2.7068,53.327111],[-2.706783,53.327249],[-2.70693,53.327245],[-2.707132,53.327221]]}},{"type":"Feature","properties":{"pressure":"HPL","kind":"main","asset_id":"888888013387","spec":"406MM ST","diameter_mm":406,"material":"ST","surveyed":"20241128"},"geometry":{"type":"LineString","coordinates":[[-2.69321,53.364354],[-2.692832,53.364437],[-2.692722,53.364465],[-2.692721,53.364465]]}},{"type":"Feature","properties":{"pressure":"HPL","kind":"main","asset_id":"888888013386","spec":"406MM ST","diameter_mm":406,"material":"ST","surveyed":"20250729"},"geometry":{"type":"LineString","coordinates":[[-2.700207,53.362767],[-2.699537,53.362918],[-2.698702,53.363107],[-2.69754,53.363373],[-2.696511,53.363604],[-2.694325,53.364101],[-2.693558,53.364277]]}},{"type":"Feature","properties":{"pressure":"HPL","kind":"main","asset_id":"888888013387","spec":"406MM ST","diameter_mm":406,"material":"ST","surveyed":"20250729"},"geometry":{"type":"LineString","coordinates":[[-2.693513,53.364287],[-2.693459,53.364299],[-2.693224,53.364351],[-2.69321,53.364354]]}},{"type":"Feature","properties":{"pressure":"HPL","kind":"main","asset_id":"900000299682","spec":"406MM ST","diameter_mm":406,"material":"ST","surveyed":"20250729"},"geometry":{"type":"LineString","coordinates":[[-2.693558,53.364277],[-2.693513,53.364287]]}},{"type":"Feature","properties":{"pressure":"HPL","kind":"main","asset_id":"888888013401","spec":"406MM ST","diameter_mm":406,"material":"ST","surveyed":"20250729"},"geometry":{"type":"LineString","coordinates":[[-2.707692,53.361057],[-2.70764,53.361068],[-2.70677,53.361264],[-2.705896,53.361465],[-2.705807,53.361486]]}},{"type":"Feature","properties":{"pressure":"HPL","kind":"main","asset_id":"888888013386","spec":"406MM ST","diameter_mm":406,"material":"ST","surveyed":"20250729"},"geometry":{"type":"LineString","coordinates":[[-2.705718,53.361506],[-2.704938,53.361689],[-2.703823,53.361945],[-2.702997,53.362127],[-2.70229,53.36229],[-2.701025,53.362584],[-2.700207,53.362767]]}},{"type":"Feature","properties":{"pressure":"HPL","kind":"main","asset_id":"900000299683","spec":"406MM ST","diameter_mm":406,"material":"ST","surveyed":"20250729"},"geometry":{"type":"LineString","coordinates":[[-2.705807,53.361486],[-2.705718,53.361506]]}},{"type":"Feature","properties":{"pressure":"HPL","kind":"main","asset_id":"220000073055","spec":"219MM ST","diameter_mm":219,"material":"ST","surveyed":"20260129"},"geometry":{"type":"LineString","coordinates":[[-2.684419,53.315289],[-2.684419,53.315288],[-2.68312,53.31502],[-2.682898,53.314976],[-2.682892,53.314975]]}},{"type":"Feature","properties":{"pressure":"HPL","kind":"main","asset_id":"900000292136","spec":"219MM ST","diameter_mm":219,"material":"ST","surveyed":"20260129"},"geometry":{"type":"LineString","coordinates":[[-2.684419,53.315289],[-2.684419,53.315288],[-2.68312,53.31502],[-2.682898,53.314976],[-2.682892,53.314975]]}},{"type":"Feature","properties":{"pressure":"HPL","kind":"main","asset_id":"888888012695","spec":"219MM ST","diameter_mm":219,"material":"ST","surveyed":"20260127"},"geometry":{"type":"LineString","coordinates":[[-2.691948,53.316774],[-2.691921,53.316769]]}},{"type":"Feature","properties":{"pressure":"HPL","kind":"main","asset_id":"220000073055","spec":"219MM ST","diameter_mm":219,"material":"ST","surveyed":"20260127"},"geometry":{"type":"LineString","coordinates":[[-2.691921,53.316769],[-2.691724,53.31673],[-2.690685,53.316532],[-2.689722,53.316341],[-2.688829,53.31615],[-2.686962,53.315785],[-2.685788,53.315566],[-2.684882,53.315385],[-2.684419,53.315289]]}},{"type":"Feature","properties":{"pressure":"HPL","kind":"main","asset_id":"900000292136","spec":"219MM ST","diameter_mm":219,"material":"ST","surveyed":"20260127"},"geometry":{"type":"LineString","coordinates":[[-2.691921,53.316769],[-2.691724,53.31673],[-2.690685,53.316532],[-2.689722,53.316341],[-2.688829,53.31615],[-2.686962,53.315785],[-2.685788,53.315566],[-2.684882,53.315385],[-2.684419,53.315289]]}},{"type":"Feature","properties":{"pressure":"HPL","kind":"main","asset_id":"888888013387","spec":"406MM ST","diameter_mm":406,"material":"ST","surveyed":"20241221"},"geometry":{"type":"LineString","coordinates":[[-2.685234,53.366149],[-2.685232,53.36615],[-2.684852,53.366237],[-2.684373,53.366347],[-2.684007,53.366428],[-2.683107,53.366631],[-2.681976,53.366892],[-2.680964,53.367121],[-2.680395,53.367249],[-2.679423,53.367465],[-2.678021,53.36778],[-2.677747,53.367844]]}},{"type":"Feature","properties":{"pressure":"HPL","kind":"main","asset_id":"888888013387","spec":"406MM ST","diameter_mm":406,"material":"ST","surveyed":"20241128"},"geometry":{"type":"LineString","coordinates":[[-2.692721,53.364465],[-2.691569,53.364723],[-2.690592,53.364944],[-2.689295,53.365235],[-2.687957,53.365526],[-2.687293,53.365671],[-2.686833,53.365778],[-2.686318,53.365896],[-2.685862,53.366005],[-2.685625,53.36606],[-2.685234,53.366149]]}},{"type":"Feature","properties":{"pressure":"HPL","kind":"main","asset_id":"888888012561","spec":"273MM ST","diameter_mm":273,"material":"ST","surveyed":"20260129"},"geometry":{"type":"LineString","coordinates":[[-2.662396,53.315091],[-2.661903,53.315265]]}},{"type":"Feature","properties":{"pressure":"HPL","kind":"main","asset_id":"888888013387","spec":"406MM ST","diameter_mm":406,"material":"ST","surveyed":"20241128"},"geometry":{"type":"LineString","coordinates":[[-2.677747,53.367844],[-2.676822,53.368051],[-2.676181,53.368206],[-2.675773,53.36831],[-2.675006,53.368508],[-2.674152,53.368732],[-2.673331,53.368943],[-2.673257,53.368963]]}},{"type":"Feature","properties":{"pressure":"HPL","kind":"main","asset_id":"888888013387","spec":"406MM ST","diameter_mm":406,"material":"ST","surveyed":"20241221"},"geometry":{"type":"LineString","coordinates":[[-2.670263,53.369764],[-2.669908,53.369863],[-2.669285,53.37005],[-2.668831,53.370197],[-2.667886,53.37054],[-2.667289,53.37077],[-2.666679,53.371024],[-2.666364,53.371159],[-2.666167,53.371247],[-2.665775,53.371423],[-2.665393,53.371603],[-2.665043,53.371769],[-2.66476,53.371917],[-2.664203,53.372203],[-2.663814,53.3724],[-2.663479,53.372574],[-2.663319,53.37268],[-2.662882,53.372973],[-2.662799,53.373011]]}},{"type":"Feature","properties":{"pressure":"HPL","kind":"main","asset_id":"888888013387","spec":"406MM ST","diameter_mm":406,"material":"ST","surveyed":"20241221"},"geometry":{"type":"LineString","coordinates":[[-2.673257,53.368963],[-2.672249,53.36923],[-2.671978,53.369302],[-2.671076,53.369535],[-2.670741,53.369623],[-2.67073,53.369639],[-2.670691,53.369652],[-2.670666,53.369651],[-2.670269,53.369763],[-2.670263,53.369764]]}},{"type":"Feature","properties":{"pressure":"HPL","kind":"main","asset_id":"888888012561","spec":"273MM ST","diameter_mm":273,"material":"ST","surveyed":"20251220"},"geometry":{"type":"LineString","coordinates":[[-2.654043,53.319631],[-2.65393,53.319687],[-2.653849,53.319729],[-2.653423,53.319938],[-2.653194,53.320051],[-2.652583,53.320425],[-2.652512,53.320606],[-2.65258,53.320724],[-2.652773,53.320992],[-2.652915,53.321121],[-2.653114,53.321266],[-2.653472,53.321491],[-2.653483,53.321506],[-2.653479,53.321532],[-2.653477,53.321546],[-2.653261,53.321808],[-2.65259,53.322109],[-2.652028,53.322223],[-2.651432,53.32231],[-2.651406,53.322328],[-2.651484,53.322513],[-2.651404,53.322746],[-2.651319,53.323046],[-2.651375,53.323639]]}},{"type":"Feature","properties":{"pressure":"HPL","kind":"main","asset_id":"888888012560","spec":"273MM ST","diameter_mm":273,"material":"ST","surveyed":"20251220"},"geometry":{"type":"LineString","coordinates":[[-2.651375,53.323639],[-2.651385,53.323747],[-2.651452,53.323883],[-2.651712,53.324047]]}},{"type":"Feature","properties":{"pressure":"HPL","kind":"main","asset_id":"900000299690","spec":"273MM ST","diameter_mm":273,"material":"ST","surveyed":"20251220"},"geometry":{"type":"LineString","coordinates":[[-2.651712,53.324047],[-2.651721,53.324053],[-2.651683,53.324138]]}},{"type":"Feature","properties":{"pressure":"HPL","kind":"main","asset_id":"888888012561","spec":"273MM ST","diameter_mm":273,"material":"ST","surveyed":"20251211"},"geometry":{"type":"LineString","coordinates":[[-2.654462,53.319421],[-2.65445,53.319427],[-2.654155,53.319576],[-2.654043,53.319631]]}},{"type":"Feature","properties":{"pressure":"HPL","kind":"main","asset_id":"888888012561","spec":"273MM ST","diameter_mm":273,"material":"ST","surveyed":"20260129"},"geometry":{"type":"LineString","coordinates":[[-2.661903,53.315265],[-2.661375,53.315453],[-2.661241,53.315481],[-2.661014,53.315603],[-2.660703,53.315763],[-2.66066,53.315774],[-2.660291,53.316038],[-2.660151,53.316138],[-2.660022,53.316235],[-2.659816,53.316379],[-2.659327,53.316726],[-2.658997,53.316947],[-2.658646,53.317169],[-2.65781,53.31765],[-2.657243,53.317936],[-2.656335,53.318387],[-2.655427,53.318839],[-2.654686,53.319308],[-2.654462,53.319421]]}},{"type":"Feature","properties":{"pressure":"HPL","kind":"main","asset_id":"888888012542","spec":"273MM ST","diameter_mm":273,"material":"ST","surveyed":"20260117"},"geometry":{"type":"LineString","coordinates":[[-2.651804,53.328632],[-2.651824,53.328703],[-2.652038,53.329407],[-2.652213,53.329553],[-2.652355,53.329664],[-2.652562,53.329829],[-2.652779,53.329915],[-2.652794,53.329922],[-2.652798,53.329931],[-2.652796,53.329942],[-2.652787,53.329998],[-2.652587,53.330416],[-2.652505,53.330864],[-2.652439,53.33123],[-2.652401,53.331392],[-2.652346,53.33229],[-2.65228,53.333124]]}},{"type":"Feature","properties":{"pressure":"HPL","kind":"main","asset_id":"888888012542","spec":"273MM ST","diameter_mm":273,"material":"ST","surveyed":"20260117"},"geometry":{"type":"LineString","coordinates":[[-2.651675,53.324155],[-2.651618,53.324281],[-2.651597,53.324535],[-2.651593,53.324886],[-2.651523,53.3273],[-2.651524,53.327433],[-2.651614,53.32796],[-2.651713,53.328296],[-2.651804,53.328632]]}},{"type":"Feature","properties":{"pressure":"HPL","kind":"main","asset_id":"900000299690","spec":"273MM ST","diameter_mm":273,"material":"ST","surveyed":"20260117"},"geometry":{"type":"LineString","coordinates":[[-2.651683,53.324138],[-2.651678,53.32415],[-2.651675,53.324155]]}},{"type":"Feature","properties":{"pressure":"HPL","kind":"main","asset_id":"888888012542","spec":"273MM ST","diameter_mm":273,"material":"ST","surveyed":"20250224"},"geometry":{"type":"LineString","coordinates":[[-2.648003,53.337642],[-2.647742,53.337879],[-2.647246,53.338303],[-2.647242,53.338306]]}},{"type":"Feature","properties":{"pressure":"HPL","kind":"main","asset_id":"888888012542","spec":"273MM ST","diameter_mm":273,"material":"ST","surveyed":"20250224"},"geometry":{"type":"LineString","coordinates":[[-2.65228,53.333124],[-2.652279,53.333135],[-2.652252,53.333336],[-2.652201,53.333919],[-2.651509,53.334617],[-2.650827,53.335187],[-2.650142,53.335765],[-2.649461,53.33634],[-2.648157,53.337497],[-2.648009,53.337636],[-2.648003,53.337642]]}},{"type":"Feature","properties":{"pressure":"HPL","kind":"main","asset_id":"888888013388","spec":"406MM ST","diameter_mm":406,"material":"ST","surveyed":"20241221"},"geometry":{"type":"LineString","coordinates":[[-2.65533,53.376016],[-2.655165,53.376053],[-2.655052,53.376095]]}},{"type":"Feature","properties":{"pressure":"HPL","kind":"main","asset_id":"888888013402","spec":"406MM ST","diameter_mm":406,"material":"ST","surveyed":"20241221"},"geometry":{"type":"LineString","coordinates":[[-2.655052,53.376095],[-2.65447,53.376312],[-2.654003,53.3765],[-2.653187,53.376815],[-2.651739,53.377482],[-2.65051,53.378078]]}},{"type":"Feature","properties":{"pressure":"HPL","kind":"main","asset_id":"888888013387","spec":"406MM ST","diameter_mm":406,"material":"ST","surveyed":"20250823"},"geometry":{"type":"LineString","coordinates":[[-2.66185,53.373521],[-2.661683,53.373607]]}},{"type":"Feature","properties":{"pressure":"HPL","kind":"main","asset_id":"900000291959","spec":"406MM ST","diameter_mm":406,"material":"ST","surveyed":"20250823"},"geometry":{"type":"LineString","coordinates":[[-2.661683,53.373607],[-2.66163,53.373635],[-2.661492,53.373708],[-2.661284,53.373744],[-2.661155,53.373808],[-2.661183,53.373832],[-2.661117,53.373883],[-2.660856,53.374021],[-2.660646,53.374118],[-2.660137,53.374354],[-2.659696,53.374544],[-2.659059,53.374807],[-2.658413,53.375068],[-2.65813,53.375172],[-2.657475,53.375394],[-2.656962,53.375563],[-2.656706,53.375637],[-2.656387,53.375736],[-2.656092,53.375818]]}},{"type":"Feature","properties":{"pressure":"HPL","kind":"main","asset_id":"888888013388","spec":"406MM ST","diameter_mm":406,"material":"ST","surveyed":"20250823"},"geometry":{"type":"LineString","coordinates":[[-2.656092,53.375818],[-2.655985,53.375847],[-2.655333,53.376015],[-2.65533,53.376016]]}},{"type":"Feature","properties":{"pressure":"HPL","kind":"main","asset_id":"888888013387","spec":"406MM ST","diameter_mm":406,"material":"ST","surveyed":"20241128"},"geometry":{"type":"LineString","coordinates":[[-2.662799,53.373011],[-2.662797,53.373012],[-2.662612,53.373112],[-2.662199,53.373339],[-2.661855,53.373518],[-2.66185,53.373521]]}},{"type":"Feature","properties":{"pressure":"HPL","kind":"main","asset_id":"888888013402","spec":"406MM ST","diameter_mm":406,"material":"ST","surveyed":"20260127"},"geometry":{"type":"LineString","coordinates":[[-2.65051,53.378078],[-2.650385,53.378138],[-2.649582,53.378515],[-2.649247,53.378671],[-2.649125,53.378712],[-2.64842,53.378907],[-2.64786,53.379064]]}},{"type":"Feature","properties":{"pressure":"HPL","kind":"main","asset_id":"888888012941","spec":"219MM ST","diameter_mm":219,"material":"ST","surveyed":"20260604"},"geometry":{"type":"LineString","coordinates":[[-2.740375,53.471373],[-2.740383,53.471423],[-2.740357,53.471424],[-2.740335,53.471327]]}},{"type":"Feature","properties":{"pressure":"HPL","kind":"main","asset_id":"888888012943","spec":"219MM ST","diameter_mm":219,"material":"ST","surveyed":"20260604"},"geometry":{"type":"LineString","coordinates":[[-2.740335,53.471327],[-2.740332,53.471314]]}},{"type":"Feature","properties":{"pressure":"HPL","kind":"main","asset_id":"888888012943","spec":"219MM ST","diameter_mm":219,"material":"ST","surveyed":"20260604"},"geometry":{"type":"LineString","coordinates":[[-2.740332,53.471314],[-2.740249,53.470945],[-2.740429,53.470813],[-2.740823,53.470722],[-2.740727,53.470493],[-2.740599,53.470302],[-2.740455,53.470226],[-2.740066,53.470075],[-2.739759,53.469969],[-2.739632,53.469929]]}},{"type":"Feature","properties":{"pressure":"HPL","kind":"main","asset_id":"888888012943","spec":"219MM ST","diameter_mm":219,"material":"ST","surveyed":"20260604"},"geometry":{"type":"LineString","coordinates":[[-2.739628,53.469668],[-2.739661,53.469621]]}},{"type":"Feature","properties":{"pressure":"HPL","kind":"main","asset_id":"888888012590","spec":"406MM ST","diameter_mm":406,"material":"ST","surveyed":"20260604"},"geometry":{"type":"LineString","coordinates":[[-2.739657,53.471359],[-2.740332,53.471314]]}},{"type":"Feature","properties":{"pressure":"HPL","kind":"main","asset_id":"888888012590","spec":"406MM ST","diameter_mm":406,"material":"ST","surveyed":"20260604"},"geometry":{"type":"LineString","coordinates":[[-2.740332,53.471314],[-2.740364,53.471312],[-2.740758,53.471286],[-2.742845,53.471125],[-2.743584,53.471072],[-2.74387,53.471058],[-2.744248,53.471039],[-2.744317,53.470988],[-2.746128,53.470839],[-2.746986,53.470773],[-2.747179,53.470757]]}},{"type":"Feature","properties":{"pressure":"HPL","kind":"main","asset_id":"888888012590","spec":"406MM ST","diameter_mm":406,"material":"ST","surveyed":"20260604"},"geometry":{"type":"LineString","coordinates":[[-2.747179,53.470757],[-2.747883,53.470702],[-2.74837,53.470667],[-2.748928,53.470623],[-2.750089,53.470538],[-2.751025,53.470469],[-2.752468,53.470366],[-2.753523,53.470287],[-2.754345,53.470227],[-2.754702,53.470203]]}},{"type":"Feature","properties":{"pressure":"HPL","kind":"main","asset_id":"888888012959","spec":"324MM ST","diameter_mm":324,"material":"ST","surveyed":"20251220"},"geometry":{"type":"LineString","coordinates":[[-2.724229,53.450048],[-2.724298,53.450225],[-2.724232,53.450235]]}},{"type":"Feature","properties":{"pressure":"HPL","kind":"main","asset_id":"888888012959","spec":"324MM ST","diameter_mm":324,"material":"ST","surveyed":"20251220"},"geometry":{"type":"LineString","coordinates":[[-2.72569,53.449728],[-2.725185,53.449844],[-2.725127,53.449748],[-2.725054,53.449768],[-2.724948,53.449719],[-2.724225,53.449801]]}},{"type":"Feature","properties":{"pressure":"HPL","kind":"main","asset_id":"888888012578","spec":"406MM ST","diameter_mm":406,"material":"ST","surveyed":"20251220"},"geometry":{"type":"LineString","coordinates":[[-2.724611,53.472514],[-2.724767,53.472504],[-2.725053,53.472489],[-2.725737,53.472447],[-2.725755,53.47243],[-2.726288,53.472404],[-2.72693,53.472353],[-2.727481,53.472302],[-2.728053,53.472255],[-2.728975,53.472178],[-2.730844,53.472031],[-2.731068,53.472015],[-2.73143,53.471991]]}},{"type":"Feature","properties":{"pressure":"HPL","kind":"main","asset_id":"888888012578","spec":"406MM ST","diameter_mm":406,"material":"ST","surveyed":"20260604"},"geometry":{"type":"LineString","coordinates":[[-2.73143,53.471991],[-2.732135,53.471943]]}},{"type":"Feature","properties":{"pressure":"HPL","kind":"main","asset_id":"888888012943","spec":"219MM ST","diameter_mm":219,"material":"ST","surveyed":"20251217"},"geometry":{"type":"LineString","coordinates":[[-2.739632,53.469929],[-2.739479,53.46988],[-2.739628,53.469668]]}},{"type":"Feature","properties":{"pressure":"HPL","kind":"main","asset_id":"888888012578","spec":"406MM ST","diameter_mm":406,"material":"ST","surveyed":"20251217"},"geometry":{"type":"LineString","coordinates":[[-2.732135,53.471943],[-2.732137,53.471943],[-2.732438,53.471922],[-2.733622,53.471822],[-2.733838,53.47187],[-2.735529,53.471771],[-2.736104,53.471755]]}},{"type":"Feature","properties":{"pressure":"HPL","kind":"main","asset_id":"888888012578","spec":"406MM ST","diameter_mm":406,"material":"ST","surveyed":"20251217"},"geometry":{"type":"LineString","coordinates":[[-2.736104,53.471755],[-2.73658,53.471727],[-2.737416,53.471663],[-2.737924,53.471495],[-2.738214,53.471482]]}},{"type":"Feature","properties":{"pressure":"HPL","kind":"main","asset_id":"888888012590","spec":"406MM ST","diameter_mm":406,"material":"ST","surveyed":"20251217"},"geometry":{"type":"LineString","coordinates":[[-2.738214,53.471482],[-2.739428,53.47137],[-2.739655,53.471359],[-2.739657,53.471359]]}},{"type":"Feature","properties":{"pressure":"HPL","kind":"main","asset_id":"888888013033","spec":"114MM ST","diameter_mm":114,"material":"ST","surveyed":"20251217"},"geometry":{"type":"LineString","coordinates":[[-2.736104,53.471755],[-2.736101,53.471741],[-2.736082,53.471724],[-2.735953,53.471716],[-2.735868,53.471653],[-2.735526,53.471377],[-2.735465,53.471328],[-2.735091,53.470979],[-2.735115,53.470913],[-2.735279,53.470834],[-2.735331,53.470788]]}},{"type":"Feature","properties":{"pressure":"HPL","kind":"main","asset_id":"888888012959","spec":"324MM ST","diameter_mm":324,"material":"ST","surveyed":"20260604"},"geometry":{"type":"LineString","coordinates":[[-2.721825,53.449577],[-2.721707,53.449385],[-2.721219,53.449487],[-2.719426,53.449196],[-2.718896,53.449204],[-2.718752,53.449289],[-2.718575,53.449597]]}},{"type":"Feature","properties":{"pressure":"HPL","kind":"main","asset_id":"888888012959","spec":"324MM ST","diameter_mm":324,"material":"ST","surveyed":"20260604"},"geometry":{"type":"LineString","coordinates":[[-2.713222,53.454123],[-2.712916,53.45425],[-2.712535,53.454428],[-2.711414,53.455725],[-2.711304,53.455829],[-2.711114,53.455919],[-2.710551,53.456151],[-2.710191,53.456448],[-2.709299,53.457133],[-2.709289,53.457135]]}},{"type":"Feature","properties":{"pressure":"HPL","kind":"main","asset_id":"888888012959","spec":"324MM ST","diameter_mm":324,"material":"ST","surveyed":"20260220"},"geometry":{"type":"LineString","coordinates":[[-2.716724,53.451467],[-2.716648,53.451529],[-2.716153,53.451312],[-2.715921,53.451488],[-2.715489,53.452141],[-2.714989,53.453039],[-2.714831,53.453297],[-2.714746,53.45339],[-2.714417,53.453632],[-2.713222,53.454123]]}},{"type":"Feature","properties":{"pressure":"HPL","kind":"main","asset_id":"888888012959","spec":"324MM ST","diameter_mm":324,"material":"ST","surveyed":"20260604"},"geometry":{"type":"LineString","coordinates":[[-2.718575,53.449597],[-2.718575,53.449598],[-2.718544,53.449767],[-2.718428,53.450383],[-2.717428,53.450893],[-2.716724,53.451467]]}},{"type":"Feature","properties":{"pressure":"HPL","kind":"main","asset_id":"888888012959","spec":"324MM ST","diameter_mm":324,"material":"ST","surveyed":"20260604"},"geometry":{"type":"LineString","coordinates":[[-2.724232,53.450235],[-2.723996,53.45027],[-2.7219,53.449702],[-2.721825,53.449577]]}},{"type":"Feature","properties":{"pressure":"HPL","kind":"main","asset_id":"888888012959","spec":"324MM ST","diameter_mm":324,"material":"ST","surveyed":"20260604"},"geometry":{"type":"LineString","coordinates":[[-2.724225,53.449801],[-2.724136,53.449811],[-2.724229,53.450048]]}},{"type":"Feature","properties":{"pressure":"HPL","kind":"main","asset_id":"888888012589","spec":"406MM ST","diameter_mm":406,"material":"ST","surveyed":"20251218"},"geometry":{"type":"LineString","coordinates":[[-2.709545,53.472497],[-2.709965,53.47253],[-2.710132,53.472532]]}},{"type":"Feature","properties":{"pressure":"HPL","kind":"main","asset_id":"888888012578","spec":"406MM ST","diameter_mm":406,"material":"ST","surveyed":"20251218"},"geometry":{"type":"LineString","coordinates":[[-2.710132,53.472532],[-2.710332,53.472533],[-2.710426,53.472528],[-2.710563,53.472455],[-2.710627,53.472449],[-2.710748,53.472489],[-2.710989,53.472598],[-2.711189,53.472678],[-2.71152,53.472808],[-2.711755,53.472928],[-2.711797,53.472969],[-2.711912,53.473026],[-2.711953,53.47303],[-2.711977,53.473021],[-2.712433,53.47298],[-2.71253,53.472957],[-2.713061,53.472896],[-2.713554,53.472858],[-2.714473,53.472846],[-2.715105,53.472842],[-2.715182,53.472784],[-2.715775,53.472777],[-2.715844,53.472838],[-2.716546,53.472836],[-2.717079,53.472832],[-2.717084,53.472832]]}},{"type":"Feature","properties":{"pressure":"HPL","kind":"main","asset_id":"888888011811","spec":"610MM ST","diameter_mm":610,"material":"ST","surveyed":"20251218"},"geometry":{"type":"LineString","coordinates":[[-2.709553,53.472925],[-2.709634,53.472926],[-2.710012,53.472938],[-2.710224,53.472977],[-2.710409,53.473065]]}},{"type":"Feature","properties":{"pressure":"HPL","kind":"main","asset_id":"888888011812","spec":"610MM ST","diameter_mm":610,"material":"ST","surveyed":"20251218"},"geometry":{"type":"LineString","coordinates":[[-2.710409,53.473065],[-2.712025,53.473843],[-2.712181,53.473919]]}},{"type":"Feature","properties":{"pressure":"HPL","kind":"main","asset_id":"888888011810","spec":"610MM ST","diameter_mm":610,"material":"ST","surveyed":"20251218"},"geometry":{"type":"LineString","coordinates":[[-2.712181,53.473919],[-2.713221,53.474421],[-2.712267,53.475421],[-2.711916,53.475664],[-2.711563,53.475906],[-2.711271,53.476121],[-2.710666,53.47652],[-2.71053,53.476611]]}},{"type":"Feature","properties":{"pressure":"HPL","kind":"main","asset_id":"888888012578","spec":"406MM ST","diameter_mm":406,"material":"ST","surveyed":"20251222"},"geometry":{"type":"LineString","coordinates":[[-2.717084,53.472832],[-2.717325,53.47283],[-2.718024,53.472816],[-2.71912,53.472781],[-2.71975,53.472755],[-2.721772,53.47266],[-2.722926,53.472603],[-2.723163,53.472575],[-2.723965,53.472531],[-2.724061,53.472549],[-2.724609,53.472515],[-2.724611,53.472514]]}},{"type":"Feature","properties":{"pressure":"HPL","kind":"main","asset_id":"888888011810","spec":"610MM ST","diameter_mm":610,"material":"ST","surveyed":"20230924"},"geometry":{"type":"LineString","coordinates":[[-2.71053,53.476611],[-2.71029,53.476772],[-2.710132,53.476871],[-2.70996,53.476964],[-2.709639,53.477112],[-2.709623,53.477119]]}},{"type":"Feature","properties":{"pressure":"HPL","kind":"main","asset_id":"888888012959","spec":"324MM ST","diameter_mm":324,"material":"ST","surveyed":"20251220"},"geometry":{"type":"LineString","coordinates":[[-2.709289,53.457135],[-2.70852,53.457194],[-2.707427,53.457232],[-2.706709,53.457272],[-2.705283,53.45736]]}},{"type":"Feature","properties":{"pressure":"HPL","kind":"main","asset_id":"220002417558","spec":"324MM ST","diameter_mm":324,"material":"ST","surveyed":"20251220"},"geometry":{"type":"LineString","coordinates":[[-2.705424,53.457784],[-2.705499,53.458005],[-2.705505,53.458028],[-2.705496,53.458042],[-2.705128,53.458471],[-2.705036,53.458573],[-2.703463,53.458598],[-2.703313,53.458677]]}},{"type":"Feature","properties":{"pressure":"HPL","kind":"main","asset_id":"900000299738","spec":"324MM ST","diameter_mm":324,"material":"ST","surveyed":"20251220"},"geometry":{"type":"LineString","coordinates":[[-2.705283,53.45736],[-2.705402,53.45772],[-2.705424,53.457784]]}},{"type":"Feature","properties":{"pressure":"HPL","kind":"main","asset_id":"888888011807","spec":"610MM ST","diameter_mm":610,"material":"ST","surveyed":"20251218"},"geometry":{"type":"LineString","coordinates":[[-2.69436,53.465152],[-2.694702,53.465025],[-2.695243,53.464837],[-2.696014,53.464548],[-2.696492,53.464983],[-2.696719,53.465011],[-2.696811,53.465127],[-2.696964,53.465279],[-2.697226,53.465545],[-2.697597,53.465652],[-2.698006,53.465759],[-2.698331,53.465851],[-2.699552,53.466272],[-2.701563,53.465225],[-2.701896,53.465421]]}},{"type":"Feature","properties":{"pressure":"HPL","kind":"main","asset_id":"888888012581","spec":"406MM ST","diameter_mm":406,"material":"ST","surveyed":"20260604"},"geometry":{"type":"LineString","coordinates":[[-2.702403,53.463176],[-2.702577,53.46439],[-2.702724,53.464944],[-2.703215,53.46642],[-2.703236,53.466678]]}},{"type":"Feature","properties":{"pressure":"HPL","kind":"main","asset_id":"888888012588","spec":"406MM ST","diameter_mm":406,"material":"ST","surveyed":"20260604"},"geometry":{"type":"LineString","coordinates":[[-2.703236,53.466678],[-2.703313,53.467665]]}},{"type":"Feature","properties":{"pressure":"HPL","kind":"main","asset_id":"888888011888","spec":"457MM ST","diameter_mm":457,"material":"ST","surveyed":"20260604"},"geometry":{"type":"LineString","coordinates":[[-2.70307,53.466958],[-2.703013,53.466921],[-2.703173,53.466691],[-2.703109,53.466614],[-2.703032,53.466505],[-2.703005,53.466458],[-2.702703,53.465605],[-2.702574,53.465242],[-2.70245,53.464746],[-2.702375,53.464212],[-2.702318,53.46385],[-2.702146,53.463607]]}},{"type":"Feature","properties":{"pressure":"HPL","kind":"main","asset_id":"888888011890","spec":"457MM ST","diameter_mm":457,"material":"ST","surveyed":"20260604"},"geometry":{"type":"LineString","coordinates":[[-2.702146,53.463607],[-2.702145,53.463606],[-2.70227,53.463546],[-2.702298,53.463528]]}},{"type":"Feature","properties":{"pressure":"HPL","kind":"main","asset_id":"888888011891","spec":"457MM ST","diameter_mm":457,"material":"ST","surveyed":"20260604"},"geometry":{"type":"LineString","coordinates":[[-2.702298,53.463528],[-2.702227,53.463177]]}},{"type":"Feature","properties":{"pressure":"HPL","kind":"main","asset_id":"888888011807","spec":"610MM ST","diameter_mm":610,"material":"ST","surveyed":"20260604"},"geometry":{"type":"LineString","coordinates":[[-2.701896,53.465421],[-2.702067,53.465522],[-2.702139,53.465668],[-2.702578,53.466491],[-2.702785,53.466786],[-2.702808,53.46682]]}},{"type":"Feature","properties":{"pressure":"HPL","kind":"main","asset_id":"888888011809","spec":"610MM ST","diameter_mm":610,"material":"ST","surveyed":"20260604"},"geometry":{"type":"LineString","coordinates":[[-2.702808,53.46682],[-2.702913,53.466972],[-2.703157,53.467325],[-2.703178,53.467666]]}},{"type":"Feature","properties":{"pressure":"HPL","kind":"main","asset_id":"888888012580","spec":"406MM ST","diameter_mm":406,"material":"ST","surveyed":"20251215"},"geometry":{"type":"LineString","coordinates":[[-2.700581,53.461367],[-2.700631,53.461381]]}},{"type":"Feature","properties":{"pressure":"HPL","kind":"main","asset_id":"888888012580","spec":"406MM ST","diameter_mm":406,"material":"ST","surveyed":"20251215"},"geometry":{"type":"LineString","coordinates":[[-2.694298,53.461384],[-2.69561,53.461116],[-2.697368,53.460903],[-2.69824,53.460797],[-2.700134,53.461246],[-2.700581,53.461367]]}},{"type":"Feature","properties":{"pressure":"HPL","kind":"main","asset_id":"888888012581","spec":"406MM ST","diameter_mm":406,"material":"ST","surveyed":"20251215"},"geometry":{"type":"LineString","coordinates":[[-2.700631,53.461381],[-2.700706,53.461401],[-2.701744,53.462162],[-2.701844,53.462262]]}},{"type":"Feature","properties":{"pressure":"HPL","kind":"main","asset_id":"888888011891","spec":"457MM ST","diameter_mm":457,"material":"ST","surveyed":"20251215"},"geometry":{"type":"LineString","coordinates":[[-2.701847,53.462468],[-2.701814,53.46244],[-2.701422,53.462084],[-2.700594,53.461614],[-2.700581,53.461367]]}},{"type":"Feature","properties":{"pressure":"HPL","kind":"main","asset_id":"888888011891","spec":"457MM ST","diameter_mm":457,"material":"ST","surveyed":"20251215"},"geometry":{"type":"LineString","coordinates":[[-2.700581,53.461367],[-2.700577,53.461299],[-2.700491,53.461284]]}},{"type":"Feature","properties":{"pressure":"HPL","kind":"main","asset_id":"888888011889","spec":"457MM ST","diameter_mm":457,"material":"ST","surveyed":"20251215"},"geometry":{"type":"LineString","coordinates":[[-2.700491,53.461284],[-2.700483,53.461268]]}},{"type":"Feature","properties":{"pressure":"HPL","kind":"main","asset_id":"888888012958","spec":"324MM ST","diameter_mm":324,"material":"ST","surveyed":"20251215"},"geometry":{"type":"LineString","coordinates":[[-2.700729,53.461183],[-2.700682,53.461195],[-2.700558,53.461229]]}},{"type":"Feature","properties":{"pressure":"HPL","kind":"main","asset_id":"220002417558","spec":"324MM ST","diameter_mm":324,"material":"ST","surveyed":"20251215"},"geometry":{"type":"LineString","coordinates":[[-2.7018,53.459587],[-2.701321,53.460921],[-2.701279,53.461036],[-2.701016,53.461106]]}},{"type":"Feature","properties":{"pressure":"HPL","kind":"main","asset_id":"220002417561","spec":"324MM ST","diameter_mm":324,"material":"ST","surveyed":"20251215"},"geometry":{"type":"LineString","coordinates":[[-2.701016,53.461106],[-2.700729,53.461183]]}},{"type":"Feature","properties":{"pressure":"HPL","kind":"main","asset_id":"888888012581","spec":"406MM ST","diameter_mm":406,"material":"ST","surveyed":"20260604"},"geometry":{"type":"LineString","coordinates":[[-2.701844,53.462262],[-2.702127,53.462545],[-2.702358,53.462874],[-2.702403,53.463176]]}},{"type":"Feature","properties":{"pressure":"HPL","kind":"main","asset_id":"888888011891","spec":"457MM ST","diameter_mm":457,"material":"ST","surveyed":"20260604"},"geometry":{"type":"LineString","coordinates":[[-2.702227,53.463177],[-2.702225,53.46317],[-2.702166,53.462882],[-2.701927,53.462536],[-2.701849,53.46247],[-2.701847,53.462468]]}},{"type":"Feature","properties":{"pressure":"HPL","kind":"main","asset_id":"220002417558","spec":"324MM ST","diameter_mm":324,"material":"ST","surveyed":"20260604"},"geometry":{"type":"LineString","coordinates":[[-2.703313,53.458677],[-2.701852,53.459441],[-2.7018,53.459587]]}},{"type":"Feature","properties":{"pressure":"HPL","kind":"main","asset_id":"888888012587","spec":"406MM ST","diameter_mm":406,"material":"ST","surveyed":"20250729"},"geometry":{"type":"LineString","coordinates":[[-2.708539,53.472129],[-2.708548,53.472133],[-2.709249,53.472472],[-2.709257,53.472473]]}},{"type":"Feature","properties":{"pressure":"HPL","kind":"main","asset_id":"888888012589","spec":"406MM ST","diameter_mm":406,"material":"ST","surveyed":"20250729"},"geometry":{"type":"LineString","coordinates":[[-2.709257,53.472473],[-2.709448,53.472492],[-2.709545,53.472497]]}},{"type":"Feature","properties":{"pressure":"HPL","kind":"main","asset_id":"888888011808","spec":"610MM ST","diameter_mm":610,"material":"ST","surveyed":"20250729"},"geometry":{"type":"LineString","coordinates":[[-2.708268,53.47213],[-2.708385,53.472199],[-2.708778,53.472392],[-2.709037,53.472502],[-2.709285,53.472595],[-2.70934,53.472608]]}},{"type":"Feature","properties":{"pressure":"HPL","kind":"main","asset_id":"888888011811","spec":"610MM ST","diameter_mm":610,"material":"ST","surveyed":"20250729"},"geometry":{"type":"LineString","coordinates":[[-2.709326,53.472925],[-2.709359,53.472924],[-2.709553,53.472925]]}},{"type":"Feature","properties":{"pressure":"HPL","kind":"main","asset_id":"900000296942","spec":"610MM ST","diameter_mm":610,"material":"ST","surveyed":"20250729"},"geometry":{"type":"LineString","coordinates":[[-2.70934,53.472608],[-2.709326,53.472925]]}},{"type":"Feature","properties":{"pressure":"HPL","kind":"main","asset_id":"888888012588","spec":"406MM ST","diameter_mm":406,"material":"ST","surveyed":"20250224"},"geometry":{"type":"LineString","coordinates":[[-2.703313,53.467665],[-2.70341,53.468884],[-2.703978,53.469261],[-2.704616,53.469686]]}},{"type":"Feature","properties":{"pressure":"HPL","kind":"main","asset_id":"888888012587","spec":"406MM ST","diameter_mm":406,"material":"ST","surveyed":"20250224"},"geometry":{"type":"LineString","coordinates":[[-2.704616,53.469686],[-2.707614,53.471682],[-2.708539,53.472129]]}},{"type":"Feature","properties":{"pressure":"HPL","kind":"main","asset_id":"888888011808","spec":"610MM ST","diameter_mm":610,"material":"ST","surveyed":"20250224"},"geometry":{"type":"LineString","coordinates":[[-2.7068,53.47126],[-2.707481,53.471697],[-2.707975,53.471959],[-2.708268,53.47213]]}},{"type":"Feature","properties":{"pressure":"HPL","kind":"main","asset_id":"888888011809","spec":"610MM ST","diameter_mm":610,"material":"ST","surveyed":"20250224"},"geometry":{"type":"LineString","coordinates":[[-2.703178,53.467666],[-2.703223,53.468397]]}},{"type":"Feature","properties":{"pressure":"HPL","kind":"main","asset_id":"888888011795","spec":"610MM ST","diameter_mm":610,"material":"ST","surveyed":"20250224"},"geometry":{"type":"LineString","coordinates":[[-2.703223,53.468397],[-2.703252,53.468871],[-2.704362,53.469584],[-2.704598,53.469771],[-2.704943,53.470019],[-2.70553,53.470429],[-2.705743,53.470568],[-2.706134,53.470834],[-2.706579,53.471118],[-2.7068,53.47126]]}},{"type":"Feature","properties":{"pressure":"HPL","kind":"main","asset_id":"888888011774","spec":"610MM ST","diameter_mm":610,"material":"ST","surveyed":"20250303"},"geometry":{"type":"LineString","coordinates":[[-2.702193,53.483435],[-2.702168,53.483464],[-2.701468,53.484218],[-2.700101,53.485661]]}},{"type":"Feature","properties":{"pressure":"HPL","kind":"main","asset_id":"888888011774","spec":"610MM ST","diameter_mm":610,"material":"ST","surveyed":"20250303"},"geometry":{"type":"LineString","coordinates":[[-2.706546,53.481129],[-2.70638,53.481277],[-2.705767,53.481393],[-2.704033,53.482316],[-2.7029,53.482921],[-2.702534,53.483126],[-2.70241,53.483197],[-2.702193,53.483435]]}},{"type":"Feature","properties":{"pressure":"HPL","kind":"main","asset_id":"888888011810","spec":"610MM ST","diameter_mm":610,"material":"ST","surveyed":"20250729"},"geometry":{"type":"LineString","coordinates":[[-2.709623,53.477119],[-2.709589,53.477135],[-2.709352,53.477238],[-2.708877,53.477457],[-2.708657,53.477585],[-2.708667,53.477619],[-2.708738,53.477873],[-2.708793,53.477888]]}},{"type":"Feature","properties":{"pressure":"HPL","kind":"main","asset_id":"888888011774","spec":"610MM ST","diameter_mm":610,"material":"ST","surveyed":"20250729"},"geometry":{"type":"LineString","coordinates":[[-2.709219,53.477998],[-2.70927,53.478011],[-2.709345,53.478056],[-2.709361,53.478163],[-2.709261,53.478229],[-2.709016,53.478379],[-2.709044,53.478928],[-2.709031,53.478951],[-2.708835,53.479113],[-2.706548,53.481127],[-2.706546,53.481129]]}},{"type":"Feature","properties":{"pressure":"HPL","kind":"main","asset_id":"900000296943","spec":"610MM ST","diameter_mm":610,"material":"ST","surveyed":"20250729"},"geometry":{"type":"LineString","coordinates":[[-2.708793,53.477888],[-2.709219,53.477998]]}},{"type":"Feature","properties":{"pressure":"HPL","kind":"main","asset_id":"888888011774","spec":"610MM ST","diameter_mm":610,"material":"ST","surveyed":"20250303"},"geometry":{"type":"LineString","coordinates":[[-2.700101,53.485661],[-2.7001,53.485662],[-2.699854,53.48594],[-2.699449,53.486315],[-2.69875,53.486522],[-2.697411,53.486954],[-2.696867,53.48722],[-2.696457,53.487439],[-2.69542,53.487971],[-2.695249,53.488314],[-2.695102,53.488655],[-2.694953,53.488994],[-2.694809,53.489335],[-2.694757,53.489455]]}},{"type":"Feature","properties":{"pressure":"HPL","kind":"main","asset_id":"888888012585","spec":"406MM ST","diameter_mm":406,"material":"ST","surveyed":"20230924"},"geometry":{"type":"LineString","coordinates":[[-2.679187,53.458296],[-2.67965,53.458511],[-2.680165,53.458811]]}},{"type":"Feature","properties":{"pressure":"HPL","kind":"main","asset_id":"888888011793","spec":"610MM ST","diameter_mm":610,"material":"ST","surveyed":"20230924"},"geometry":{"type":"LineString","coordinates":[[-2.67919,53.458448],[-2.679611,53.458664],[-2.679902,53.458812]]}},{"type":"Feature","properties":{"pressure":"HPL","kind":"main","asset_id":"888888011807","spec":"610MM ST","diameter_mm":610,"material":"ST","surveyed":"20251217"},"geometry":{"type":"LineString","coordinates":[[-2.690725,53.463244],[-2.690731,53.46325],[-2.691027,53.463517],[-2.691287,53.463739],[-2.691773,53.464109],[-2.691994,53.464177],[-2.692632,53.464489],[-2.69288,53.464686],[-2.693105,53.46485],[-2.693175,53.464899],[-2.693731,53.465244],[-2.693835,53.465306],[-2.693869,53.465318],[-2.693894,53.465321],[-2.693916,53.465317],[-2.693948,53.465307],[-2.69436,53.465152]]}},{"type":"Feature","properties":{"pressure":"HPL","kind":"main","asset_id":"888888012585","spec":"406MM ST","diameter_mm":406,"material":"ST","surveyed":"20260603"},"geometry":{"type":"LineString","coordinates":[[-2.680165,53.458811],[-2.680232,53.45885],[-2.684856,53.461439]]}},{"type":"Feature","properties":{"pressure":"HPL","kind":"main","asset_id":"888888012586","spec":"406MM ST","diameter_mm":406,"material":"ST","surveyed":"20260603"},"geometry":{"type":"LineString","coordinates":[[-2.684856,53.461439],[-2.685257,53.461663]]}},{"type":"Feature","properties":{"pressure":"HPL","kind":"main","asset_id":"888888012580","spec":"406MM ST","diameter_mm":406,"material":"ST","surveyed":"20260603"},"geometry":{"type":"LineString","coordinates":[[-2.685257,53.461663],[-2.68561,53.46186],[-2.686232,53.462259],[-2.686781,53.462235]]}},{"type":"Feature","properties":{"pressure":"HPL","kind":"main","asset_id":"888888011793","spec":"610MM ST","diameter_mm":610,"material":"ST","surveyed":"20260603"},"geometry":{"type":"LineString","coordinates":[[-2.679902,53.458812],[-2.681583,53.459665],[-2.681674,53.459723]]}},{"type":"Feature","properties":{"pressure":"HPL","kind":"main","asset_id":"888888011806","spec":"610MM ST","diameter_mm":610,"material":"ST","surveyed":"20260603"},"geometry":{"type":"LineString","coordinates":[[-2.681674,53.459723],[-2.682568,53.460295],[-2.68475,53.461507]]}},{"type":"Feature","properties":{"pressure":"HPL","kind":"main","asset_id":"888888011807","spec":"610MM ST","diameter_mm":610,"material":"ST","surveyed":"20260603"},"geometry":{"type":"LineString","coordinates":[[-2.68475,53.461507],[-2.685167,53.461739],[-2.686119,53.462291],[-2.686782,53.462267]]}},{"type":"Feature","properties":{"pressure":"HPL","kind":"main","asset_id":"888888012580","spec":"406MM ST","diameter_mm":406,"material":"ST","surveyed":"20251215"},"geometry":{"type":"LineString","coordinates":[[-2.686781,53.462235],[-2.690832,53.462058],[-2.692878,53.461676],[-2.694298,53.461384]]}},{"type":"Feature","properties":{"pressure":"HPL","kind":"main","asset_id":"888888011807","spec":"610MM ST","diameter_mm":610,"material":"ST","surveyed":"20251215"},"geometry":{"type":"LineString","coordinates":[[-2.686782,53.462267],[-2.689683,53.462161],[-2.689758,53.462452],[-2.690044,53.462722],[-2.690402,53.462968],[-2.690551,53.463091],[-2.690725,53.463244]]}},{"type":"Feature","properties":{"pressure":"HPL","kind":"main","asset_id":"888888011774","spec":"610MM ST","diameter_mm":610,"material":"ST","surveyed":"20250303"},"geometry":{"type":"LineString","coordinates":[[-2.694375,53.490189],[-2.694302,53.490325],[-2.694114,53.490753],[-2.693865,53.491291],[-2.693584,53.491891],[-2.69338,53.492324],[-2.693253,53.492604],[-2.693088,53.492966],[-2.692948,53.493295],[-2.692879,53.493492],[-2.692961,53.493711],[-2.693373,53.493795],[-2.693593,53.493833],[-2.693678,53.493951],[-2.693635,53.494122],[-2.693562,53.49444],[-2.6935,53.494688]]}},{"type":"Feature","properties":{"pressure":"HPL","kind":"main","asset_id":"888888011774","spec":"610MM ST","diameter_mm":610,"material":"ST","surveyed":"20250303"},"geometry":{"type":"LineString","coordinates":[[-2.694757,53.489455],[-2.694688,53.489616],[-2.694536,53.4899],[-2.694378,53.490185],[-2.694375,53.490189]]}},{"type":"Feature","properties":{"pressure":"HPL","kind":"main","asset_id":"888888012585","spec":"406MM ST","diameter_mm":406,"material":"ST","surveyed":"20241221"},"geometry":{"type":"LineString","coordinates":[[-2.67027,53.454372],[-2.671604,53.454956]]}},{"type":"Feature","properties":{"pressure":"HPL","kind":"main","asset_id":"888888011793","spec":"610MM ST","diameter_mm":610,"material":"ST","surveyed":"20241221"},"geometry":{"type":"LineString","coordinates":[[-2.670082,53.454373],[-2.670337,53.454485],[-2.67069,53.454641],[-2.671469,53.454982],[-2.671606,53.455041]]}},{"type":"Feature","properties":{"pressure":"HPL","kind":"main","asset_id":"888888012585","spec":"406MM ST","diameter_mm":406,"material":"ST","surveyed":"20241221"},"geometry":{"type":"LineString","coordinates":[[-2.671604,53.454956],[-2.674595,53.456264],[-2.677175,53.457368],[-2.678561,53.458005],[-2.679187,53.458296]]}},{"type":"Feature","properties":{"pressure":"HPL","kind":"main","asset_id":"888888011793","spec":"610MM ST","diameter_mm":610,"material":"ST","surveyed":"20241221"},"geometry":{"type":"LineString","coordinates":[[-2.671606,53.455041],[-2.671733,53.455097],[-2.672572,53.45546],[-2.673414,53.455822],[-2.673685,53.455944],[-2.673747,53.455965],[-2.676388,53.457101],[-2.678706,53.458198],[-2.67919,53.458448]]}},{"type":"Feature","properties":{"pressure":"HPL","kind":"main","asset_id":"888888012576","spec":"406MM ST","diameter_mm":406,"material":"ST","surveyed":"20250223"},"geometry":{"type":"LineString","coordinates":[[-2.664015,53.451131],[-2.66571,53.451999],[-2.665968,53.452144]]}},{"type":"Feature","properties":{"pressure":"HPL","kind":"main","asset_id":"888888012585","spec":"406MM ST","diameter_mm":406,"material":"ST","surveyed":"20250223"},"geometry":{"type":"LineString","coordinates":[[-2.665968,53.452144],[-2.665987,53.452155],[-2.667872,53.45317],[-2.668602,53.45356],[-2.669392,53.453988],[-2.67027,53.454372]]}},{"type":"Feature","properties":{"pressure":"HPL","kind":"main","asset_id":"888888011791","spec":"610MM ST","diameter_mm":610,"material":"ST","surveyed":"20250223"},"geometry":{"type":"LineString","coordinates":[[-2.664024,53.451721],[-2.665429,53.451986],[-2.665624,53.452078],[-2.665625,53.452079]]}},{"type":"Feature","properties":{"pressure":"HPL","kind":"main","asset_id":"888888011787","spec":"610MM ST","diameter_mm":610,"material":"ST","surveyed":"20250223"},"geometry":{"type":"LineString","coordinates":[[-2.665625,53.452079],[-2.667841,53.453256],[-2.667937,53.453259],[-2.668076,53.453332]]}},{"type":"Feature","properties":{"pressure":"HPL","kind":"main","asset_id":"888888011792","spec":"610MM ST","diameter_mm":610,"material":"ST","surveyed":"20250223"},"geometry":{"type":"LineString","coordinates":[[-2.668076,53.453332],[-2.668395,53.4535]]}},{"type":"Feature","properties":{"pressure":"HPL","kind":"main","asset_id":"888888011793","spec":"610MM ST","diameter_mm":610,"material":"ST","surveyed":"20250223"},"geometry":{"type":"LineString","coordinates":[[-2.668395,53.4535],[-2.668423,53.453514],[-2.668418,53.453579],[-2.668483,53.453608],[-2.669344,53.45405],[-2.670082,53.454373]]}},{"type":"Feature","properties":{"pressure":"HPL","kind":"main","asset_id":"220002703242","spec":"406MM ST","diameter_mm":406,"material":"ST","surveyed":"20251127"},"geometry":{"type":"LineString","coordinates":[[-2.648788,53.440082],[-2.649646,53.44054],[-2.650514,53.440999]]}},{"type":"Feature","properties":{"pressure":"HPL","kind":"main","asset_id":"888888011784","spec":"610MM ST","diameter_mm":610,"material":"ST","surveyed":"20251215"},"geometry":{"type":"LineString","coordinates":[[-2.648891,53.446809],[-2.649425,53.447016],[-2.650492,53.447493],[-2.650871,53.447913],[-2.651047,53.448016]]}},{"type":"Feature","properties":{"pressure":"HPL","kind":"main","asset_id":"888888011780","spec":"610MM ST","diameter_mm":610,"material":"ST","surveyed":"20251215"},"geometry":{"type":"LineString","coordinates":[[-2.651047,53.448016],[-2.654799,53.448692],[-2.654803,53.448697]]}},{"type":"Feature","properties":{"pressure":"HPL","kind":"main","asset_id":"888888011785","spec":"610MM ST","diameter_mm":610,"material":"ST","surveyed":"20251215"},"geometry":{"type":"LineString","coordinates":[[-2.654803,53.448697],[-2.654995,53.448959]]}},{"type":"Feature","properties":{"pressure":"HPL","kind":"main","asset_id":"888888011786","spec":"610MM ST","diameter_mm":610,"material":"ST","surveyed":"20251215"},"geometry":{"type":"LineString","coordinates":[[-2.654995,53.448959],[-2.655615,53.448853],[-2.656192,53.449031],[-2.656454,53.449079]]}},{"type":"Feature","properties":{"pressure":"HPL","kind":"main","asset_id":"220002703242","spec":"406MM ST","diameter_mm":406,"material":"ST","surveyed":"20251215"},"geometry":{"type":"LineString","coordinates":[[-2.655715,53.445464],[-2.656424,53.44712]]}},{"type":"Feature","properties":{"pressure":"HPL","kind":"main","asset_id":"888888012575","spec":"406MM ST","diameter_mm":406,"material":"ST","surveyed":"20260604"},"geometry":{"type":"LineString","coordinates":[[-2.657929,53.448215],[-2.658917,53.448655],[-2.659158,53.4488],[-2.659322,53.448935],[-2.659607,53.449179],[-2.659905,53.449316],[-2.660108,53.449364],[-2.660371,53.449456],[-2.660541,53.44951],[-2.661571,53.449846],[-2.661762,53.449925]]}},{"type":"Feature","properties":{"pressure":"HPL","kind":"main","asset_id":"888888011786","spec":"610MM ST","diameter_mm":610,"material":"ST","surveyed":"20260604"},"geometry":{"type":"LineString","coordinates":[[-2.656454,53.449079],[-2.656552,53.449097],[-2.656879,53.449149],[-2.657302,53.449229],[-2.657736,53.449303],[-2.658132,53.449369],[-2.658304,53.449412],[-2.658451,53.449462],[-2.658645,53.449567],[-2.658723,53.449614],[-2.6592,53.44994]]}},{"type":"Feature","properties":{"pressure":"HPL","kind":"main","asset_id":"220002703242","spec":"406MM ST","diameter_mm":406,"material":"ST","surveyed":"20260604"},"geometry":{"type":"LineString","coordinates":[[-2.656424,53.44712],[-2.656585,53.447496]]}},{"type":"Feature","properties":{"pressure":"HPL","kind":"main","asset_id":"220002703245","spec":"406MM ST","diameter_mm":406,"material":"ST","surveyed":"20260604"},"geometry":{"type":"LineString","coordinates":[[-2.656671,53.447663],[-2.656721,53.447726],[-2.656794,53.447789],[-2.657178,53.447916],[-2.657929,53.448215]]}},{"type":"Feature","properties":{"pressure":"HPL","kind":"main","asset_id":"888888012583","spec":"406MM ST","diameter_mm":406,"material":"ST","surveyed":"20260604"},"geometry":{"type":"LineString","coordinates":[[-2.656585,53.447496],[-2.656641,53.447626],[-2.656671,53.447663]]}},{"type":"Feature","properties":{"pressure":"HPL","kind":"main","asset_id":"220002703242","spec":"406MM ST","diameter_mm":406,"material":"ST","surveyed":"20240815"},"geometry":{"type":"LineString","coordinates":[[-2.650514,53.440999],[-2.650516,53.441],[-2.652743,53.442152],[-2.653194,53.442384],[-2.654546,53.44308],[-2.654703,53.443167],[-2.654734,53.443195],[-2.654936,53.443647],[-2.655715,53.445464]]}},{"type":"Feature","properties":{"pressure":"HPL","kind":"main","asset_id":"888888012575","spec":"406MM ST","diameter_mm":406,"material":"ST","surveyed":"20250223"},"geometry":{"type":"LineString","coordinates":[[-2.661762,53.449925],[-2.662077,53.450055]]}},{"type":"Feature","properties":{"pressure":"HPL","kind":"main","asset_id":"888888012576","spec":"406MM ST","diameter_mm":406,"material":"ST","surveyed":"20250223"},"geometry":{"type":"LineString","coordinates":[[-2.662077,53.450055],[-2.662152,53.450102],[-2.663733,53.450987],[-2.664015,53.451131]]}},{"type":"Feature","properties":{"pressure":"HPL","kind":"main","asset_id":"888888011786","spec":"610MM ST","diameter_mm":610,"material":"ST","surveyed":"20250223"},"geometry":{"type":"LineString","coordinates":[[-2.6592,53.44994],[-2.659301,53.450009],[-2.659817,53.450364],[-2.659758,53.450432],[-2.659503,53.450719]]}},{"type":"Feature","properties":{"pressure":"HPL","kind":"main","asset_id":"888888011788","spec":"610MM ST","diameter_mm":610,"material":"ST","surveyed":"20250223"},"geometry":{"type":"LineString","coordinates":[[-2.659503,53.450719],[-2.659764,53.450807]]}},{"type":"Feature","properties":{"pressure":"HPL","kind":"main","asset_id":"888888011789","spec":"610MM ST","diameter_mm":610,"material":"ST","surveyed":"20250223"},"geometry":{"type":"LineString","coordinates":[[-2.659764,53.450807],[-2.660029,53.450898],[-2.660469,53.451046],[-2.66139,53.451222],[-2.663334,53.45159]]}},{"type":"Feature","properties":{"pressure":"HPL","kind":"main","asset_id":"888888011790","spec":"610MM ST","diameter_mm":610,"material":"ST","surveyed":"20250223"},"geometry":{"type":"LineString","coordinates":[[-2.663334,53.45159],[-2.663393,53.451601]]}},{"type":"Feature","properties":{"pressure":"HPL","kind":"main","asset_id":"888888011791","spec":"610MM ST","diameter_mm":610,"material":"ST","surveyed":"20250223"},"geometry":{"type":"LineString","coordinates":[[-2.663393,53.451601],[-2.664024,53.451721]]}}]}