{"type":"FeatureCollection","features":[{"type":"Feature","properties":{"pressure":"HPN","kind":"main","spec":"42 ST","material":"ST","surveyed":"20250705"},"geometry":{"type":"LineString","coordinates":[[-2.839207,53.553657],[-2.837234,53.552194]]}},{"type":"Feature","properties":{"pressure":"HPN","kind":"main","spec":"42 ST","material":"ST","surveyed":"20201014"},"geometry":{"type":"LineString","coordinates":[[-2.839723,53.556671],[-2.840707,53.555286],[-2.840734,53.555186],[-2.840033,53.554283],[-2.839209,53.553659],[-2.839207,53.553657]]}},{"type":"Feature","properties":{"pressure":"HPN","kind":"main","spec":"42 ST","material":"ST","surveyed":"20201014"},"geometry":{"type":"LineString","coordinates":[[-2.83519,53.551415],[-2.832032,53.550528],[-2.831705,53.550448],[-2.831595,53.550379]]}},{"type":"Feature","properties":{"pressure":"HPN","kind":"main","spec":"42 ST","material":"ST","surveyed":"20201014"},"geometry":{"type":"LineString","coordinates":[[-2.837234,53.552194],[-2.837232,53.552193],[-2.837039,53.552046],[-2.836816,53.551881],[-2.836724,53.551839],[-2.83519,53.551415]]}},{"type":"Feature","properties":{"pressure":"HPN","kind":"main","spec":"42 ST","material":"ST","surveyed":"20201014"},"geometry":{"type":"LineString","coordinates":[[-2.83761,53.563335],[-2.837841,53.564434],[-2.836148,53.565685]]}},{"type":"Feature","properties":{"pressure":"HPN","kind":"main","spec":"42 ST","material":"ST","surveyed":"20201014"},"geometry":{"type":"LineString","coordinates":[[-2.838692,53.561172],[-2.83761,53.563335]]}},{"type":"Feature","properties":{"pressure":"HPN","kind":"main","spec":"42 ST","material":"ST","surveyed":"20260603"},"geometry":{"type":"LineString","coordinates":[[-2.83887,53.560816],[-2.838692,53.561172]]}},{"type":"Feature","properties":{"pressure":"HPN","kind":"main","spec":"42 ST","material":"ST","surveyed":"20260603"},"geometry":{"type":"LineString","coordinates":[[-2.839167,53.557451],[-2.839279,53.557294]]}},{"type":"Feature","properties":{"pressure":"HPN","kind":"main","spec":"42 ST","material":"ST","surveyed":"20260603"},"geometry":{"type":"LineString","coordinates":[[-2.83887,53.560816],[-2.838897,53.560745],[-2.838909,53.560634],[-2.838601,53.559386],[-2.838593,53.5593],[-2.838596,53.559256],[-2.839167,53.557451]]}},{"type":"Feature","properties":{"pressure":"HPN","kind":"main","spec":"42 ST","material":"ST","surveyed":"20201014"},"geometry":{"type":"LineString","coordinates":[[-2.839279,53.557294],[-2.839723,53.556671]]}},{"type":"Feature","properties":{"pressure":"HPN","kind":"main","spec":"42 ST","material":"ST","surveyed":"20201014"},"geometry":{"type":"LineString","coordinates":[[-2.836148,53.565685],[-2.835995,53.565797],[-2.834556,53.566809],[-2.831956,53.568731]]}},{"type":"Feature","properties":{"pressure":"HPN","kind":"main","spec":"42 ST","material":"ST","surveyed":"20140924"},"geometry":{"type":"LineString","coordinates":[[-2.817746,53.538846],[-2.817742,53.538842],[-2.816655,53.537599],[-2.816256,53.537504],[-2.816254,53.537503]]}},{"type":"Feature","properties":{"pressure":"HPN","kind":"main","spec":"42 ST","material":"ST","surveyed":"20201014"},"geometry":{"type":"LineString","coordinates":[[-2.823938,53.544703],[-2.821928,53.543442],[-2.821727,53.543313]]}},{"type":"Feature","properties":{"pressure":"HPN","kind":"main","spec":"42 ST","material":"ST","surveyed":"20201014"},"geometry":{"type":"LineString","coordinates":[[-2.82815,53.547763],[-2.826443,53.546233]]}},{"type":"Feature","properties":{"pressure":"HPN","kind":"main","spec":"42 ST","material":"ST","surveyed":"20201014"},"geometry":{"type":"LineString","coordinates":[[-2.826443,53.546233],[-2.82395,53.54471],[-2.823938,53.544703]]}},{"type":"Feature","properties":{"pressure":"HPN","kind":"main","spec":"42 ST","material":"ST","surveyed":"20201014"},"geometry":{"type":"LineString","coordinates":[[-2.821727,53.543313],[-2.821524,53.543183],[-2.820965,53.54284],[-2.819937,53.541346],[-2.817746,53.538846]]}},{"type":"Feature","properties":{"pressure":"HPN","kind":"main","spec":"42 ST","material":"ST","surveyed":"20201014"},"geometry":{"type":"LineString","coordinates":[[-2.831595,53.550379],[-2.831567,53.550361],[-2.831366,53.550234],[-2.830976,53.549996],[-2.830594,53.549745],[-2.82979,53.549236],[-2.829395,53.548861]]}},{"type":"Feature","properties":{"pressure":"HPN","kind":"main","spec":"42 ST","material":"ST","surveyed":"20201014"},"geometry":{"type":"LineString","coordinates":[[-2.829395,53.548861],[-2.82815,53.547763]]}},{"type":"Feature","properties":{"pressure":"HPN","kind":"main","spec":"42 ST","material":"ST","surveyed":"20260603"},"geometry":{"type":"LineString","coordinates":[[-2.829838,53.570223],[-2.829674,53.570348]]}},{"type":"Feature","properties":{"pressure":"HPN","kind":"main","spec":"42 ST","material":"ST","surveyed":"20260603"},"geometry":{"type":"LineString","coordinates":[[-2.829674,53.570348],[-2.829567,53.570453],[-2.829497,53.570562],[-2.829324,53.5709],[-2.82772,53.573952],[-2.827147,53.574697],[-2.82712,53.574736]]}},{"type":"Feature","properties":{"pressure":"HPN","kind":"main","spec":"42 ST","material":"ST","surveyed":"20250828"},"geometry":{"type":"LineString","coordinates":[[-2.831956,53.568731],[-2.83155,53.569018],[-2.829866,53.570201],[-2.829838,53.570223]]}},{"type":"Feature","properties":{"pressure":"HPN","kind":"main","spec":"42 ST","material":"ST","surveyed":"20240719"},"geometry":{"type":"LineString","coordinates":[[-2.828083,53.583718],[-2.828203,53.581486],[-2.827762,53.579226]]}},{"type":"Feature","properties":{"pressure":"HPN","kind":"main","spec":"42 ST","material":"ST","surveyed":"20250325"},"geometry":{"type":"LineString","coordinates":[[-2.82712,53.574736],[-2.827031,53.574867],[-2.827015,53.574913],[-2.827122,53.576152],[-2.827371,53.577322],[-2.827584,53.578366]]}},{"type":"Feature","properties":{"pressure":"HPN","kind":"main","spec":"42 ST","material":"ST","surveyed":"20250325"},"geometry":{"type":"LineString","coordinates":[[-2.827762,53.579226],[-2.827758,53.579202],[-2.827584,53.578366]]}},{"type":"Feature","properties":{"pressure":"HPN","kind":"main","spec":"42 ST","material":"ST","surveyed":"20201014"},"geometry":{"type":"LineString","coordinates":[[-2.808676,53.535728],[-2.803265,53.53445]]}},{"type":"Feature","properties":{"pressure":"HPN","kind":"main","spec":"42 ST","material":"ST","surveyed":"20120319"},"geometry":{"type":"LineString","coordinates":[[-2.813406,53.536827],[-2.809223,53.535855],[-2.808682,53.53573],[-2.808676,53.535728]]}},{"type":"Feature","properties":{"pressure":"HPN","kind":"main","spec":"42 ST","material":"ST","surveyed":"20120319"},"geometry":{"type":"LineString","coordinates":[[-2.816254,53.537503],[-2.813406,53.536827]]}},{"type":"Feature","properties":{"pressure":"HPN","kind":"main","spec":"42 ST","material":"ST","surveyed":"20201014"},"geometry":{"type":"LineString","coordinates":[[-2.803265,53.53445],[-2.802204,53.534199],[-2.801111,53.533944],[-2.801098,53.533941]]}},{"type":"Feature","properties":{"pressure":"HPN","kind":"main","spec":"42 ST","material":"ST","surveyed":"20201014"},"geometry":{"type":"LineString","coordinates":[[-2.786355,53.526748],[-2.785874,53.526577]]}},{"type":"Feature","properties":{"pressure":"HPN","kind":"main","spec":"42 ST","material":"ST","surveyed":"20201014"},"geometry":{"type":"LineString","coordinates":[[-2.793471,53.529503],[-2.786355,53.526748]]}},{"type":"Feature","properties":{"pressure":"HPN","kind":"main","spec":"42 ST","material":"ST","surveyed":"20201014"},"geometry":{"type":"LineString","coordinates":[[-2.794414,53.530015],[-2.794399,53.530004],[-2.793969,53.529695]]}},{"type":"Feature","properties":{"pressure":"HPN","kind":"main","spec":"42 ST","material":"ST","surveyed":"20201014"},"geometry":{"type":"LineString","coordinates":[[-2.793969,53.529695],[-2.793471,53.529503]]}},{"type":"Feature","properties":{"pressure":"HPN","kind":"main","spec":"42 ST","material":"ST","surveyed":"20201014"},"geometry":{"type":"LineString","coordinates":[[-2.801098,53.533941],[-2.798858,53.533416],[-2.796792,53.531836],[-2.794414,53.530015]]}},{"type":"Feature","properties":{"pressure":"HPN","kind":"main","spec":"42 ST","material":"ST","surveyed":"20260603"},"geometry":{"type":"LineString","coordinates":[[-2.772358,53.521171],[-2.771732,53.520248]]}},{"type":"Feature","properties":{"pressure":"HPN","kind":"main","spec":"42 ST","material":"ST","surveyed":"20260603"},"geometry":{"type":"LineString","coordinates":[[-2.771732,53.520248],[-2.770645,53.518635]]}},{"type":"Feature","properties":{"pressure":"HPN","kind":"main","spec":"42 ST","material":"ST","surveyed":"20201014"},"geometry":{"type":"LineString","coordinates":[[-2.785874,53.526577],[-2.784453,53.526071],[-2.783032,53.525596]]}},{"type":"Feature","properties":{"pressure":"HPN","kind":"main","spec":"42 ST","material":"ST","surveyed":"20260603"},"geometry":{"type":"LineString","coordinates":[[-2.778284,53.524006],[-2.778132,53.523954],[-2.773075,53.522193],[-2.772361,53.521175],[-2.772358,53.521171]]}},{"type":"Feature","properties":{"pressure":"HPN","kind":"main","spec":"42 ST","material":"ST","surveyed":"20201014"},"geometry":{"type":"LineString","coordinates":[[-2.783032,53.525596],[-2.778305,53.524013],[-2.778284,53.524006]]}},{"type":"Feature","properties":{"pressure":"HPN","kind":"main","spec":"42 ST","material":"ST","surveyed":"20201014"},"geometry":{"type":"LineString","coordinates":[[-2.770645,53.518635],[-2.770643,53.518631],[-2.769969,53.517631],[-2.769316,53.517079],[-2.768874,53.516699]]}},{"type":"Feature","properties":{"pressure":"HPN","kind":"main","spec":"42 ST","material":"ST","surveyed":"20241223"},"geometry":{"type":"LineString","coordinates":[[-2.763027,53.514381],[-2.759584,53.513566],[-2.756937,53.512664],[-2.755453,53.512485]]}},{"type":"Feature","properties":{"pressure":"HPN","kind":"main","spec":"42 ST","material":"ST","surveyed":"20201014"},"geometry":{"type":"LineString","coordinates":[[-2.76361,53.514519],[-2.763027,53.514381]]}},{"type":"Feature","properties":{"pressure":"HPN","kind":"main","spec":"42 ST","material":"ST","surveyed":"20201014"},"geometry":{"type":"LineString","coordinates":[[-2.768874,53.516699],[-2.768849,53.516677],[-2.767295,53.515337],[-2.76361,53.514519]]}},{"type":"Feature","properties":{"pressure":"HPN","kind":"main","spec":"1050 ST","material":"ST","surveyed":"20250618"},"geometry":{"type":"LineString","coordinates":[[-2.824795,53.588733],[-2.823185,53.588383],[-2.822674,53.588249]]}},{"type":"Feature","properties":{"pressure":"HPN","kind":"main","spec":"42 ST","material":"ST","surveyed":"20250618"},"geometry":{"type":"LineString","coordinates":[[-2.824814,53.589701],[-2.822612,53.591725],[-2.822462,53.592379],[-2.822394,53.592744],[-2.822393,53.592746]]}},{"type":"Feature","properties":{"pressure":"HPN","kind":"main","spec":"1050 ST","material":"ST","surveyed":"20201014"},"geometry":{"type":"LineString","coordinates":[[-2.825448,53.588831],[-2.825402,53.588889],[-2.825312,53.588901],[-2.825175,53.588864],[-2.825057,53.588789],[-2.824795,53.588733]]}},{"type":"Feature","properties":{"pressure":"HPN","kind":"main","spec":"42 ST","material":"ST","surveyed":"20201014"},"geometry":{"type":"LineString","coordinates":[[-2.825473,53.589065],[-2.825452,53.589107],[-2.82543,53.58913],[-2.824814,53.589701]]}},{"type":"Feature","properties":{"pressure":"HPN","kind":"main","spec":"42 ST","material":"ST","surveyed":"20201014"},"geometry":{"type":"LineString","coordinates":[[-2.825856,53.588227],[-2.825632,53.588712],[-2.825473,53.589065]]}},{"type":"Feature","properties":{"pressure":"HPN","kind":"main","spec":"1050 ST","material":"ST","surveyed":"20250827"},"geometry":{"type":"LineString","coordinates":[[-2.822674,53.588249],[-2.820985,53.587816],[-2.818298,53.587036],[-2.81792,53.586957],[-2.817664,53.586964],[-2.817208,53.587006]]}},{"type":"Feature","properties":{"pressure":"HPN","kind":"main","spec":"42 ST","material":"ST","surveyed":"20241221"},"geometry":{"type":"LineString","coordinates":[[-2.82808,53.583759],[-2.827986,53.585068],[-2.827934,53.585099],[-2.827212,53.585338],[-2.827164,53.585396],[-2.825856,53.588227]]}},{"type":"Feature","properties":{"pressure":"HPN","kind":"main","spec":"42 ST","material":"ST","surveyed":"20241221"},"geometry":{"type":"LineString","coordinates":[[-2.82808,53.583759],[-2.828083,53.583718]]}},{"type":"Feature","properties":{"pressure":"HPN","kind":"main","spec":"42 ST","material":"ST","surveyed":"20250509"},"geometry":{"type":"LineString","coordinates":[[-2.821601,53.595041],[-2.821479,53.595751],[-2.821424,53.595847],[-2.820704,53.596307],[-2.820654,53.596327],[-2.820614,53.596341],[-2.817666,53.596825],[-2.817398,53.596868]]}},{"type":"Feature","properties":{"pressure":"HPN","kind":"main","spec":"42 ST","material":"ST","surveyed":"20250509"},"geometry":{"type":"LineString","coordinates":[[-2.822393,53.592746],[-2.822304,53.593169],[-2.822004,53.593599],[-2.821806,53.593886],[-2.821784,53.593942],[-2.821768,53.594],[-2.821601,53.595041]]}},{"type":"Feature","properties":{"pressure":"HPN","kind":"main","spec":"1050 ST","material":"ST","surveyed":"20201014"},"geometry":{"type":"LineString","coordinates":[[-2.805086,53.588659],[-2.805082,53.588732],[-2.80504,53.589437],[-2.805003,53.589846],[-2.804953,53.590163],[-2.804904,53.59049],[-2.804826,53.590755],[-2.804618,53.591038]]}},{"type":"Feature","properties":{"pressure":"HPN","kind":"main","spec":"1050 ST","material":"ST","surveyed":"20201014"},"geometry":{"type":"LineString","coordinates":[[-2.804618,53.591038],[-2.804299,53.591538],[-2.803316,53.591659],[-2.803032,53.59171],[-2.802892,53.591777],[-2.802682,53.592472],[-2.80256,53.59288]]}},{"type":"Feature","properties":{"pressure":"HPN","kind":"main","spec":"1050 ST","material":"ST","surveyed":"20201014"},"geometry":{"type":"LineString","coordinates":[[-2.80589,53.588364],[-2.80548,53.588453],[-2.805086,53.588659]]}},{"type":"Feature","properties":{"pressure":"HPN","kind":"main","spec":"1050 ST","material":"ST","surveyed":"20241121"},"geometry":{"type":"LineString","coordinates":[[-2.80967,53.587829],[-2.808648,53.587953],[-2.806815,53.588184],[-2.806001,53.58834],[-2.805894,53.588363],[-2.80589,53.588364]]}},{"type":"Feature","properties":{"pressure":"HPN","kind":"main","spec":"1050 ST","material":"ST","surveyed":"20240626"},"geometry":{"type":"LineString","coordinates":[[-2.817208,53.587006],[-2.817187,53.587008],[-2.814916,53.587191],[-2.813937,53.587291],[-2.812779,53.58739]]}},{"type":"Feature","properties":{"pressure":"HPN","kind":"main","spec":"1050 ST","material":"ST","surveyed":"20240626"},"geometry":{"type":"LineString","coordinates":[[-2.812779,53.58739],[-2.812165,53.58747],[-2.811551,53.587572],[-2.810659,53.587707],[-2.809671,53.587828],[-2.80967,53.587829]]}},{"type":"Feature","properties":{"pressure":"HPN","kind":"main","spec":"42 ST","material":"ST","surveyed":"20260603"},"geometry":{"type":"LineString","coordinates":[[-2.809917,53.600693],[-2.807997,53.601832]]}},{"type":"Feature","properties":{"pressure":"HPN","kind":"main","spec":"42 ST","material":"ST","surveyed":"20201014"},"geometry":{"type":"LineString","coordinates":[[-2.814841,53.597292],[-2.814376,53.597464],[-2.813906,53.597638],[-2.812716,53.598075],[-2.812653,53.598109],[-2.812619,53.598153],[-2.811638,53.599661],[-2.811541,53.599728]]}},{"type":"Feature","properties":{"pressure":"HPN","kind":"main","spec":"42 ST","material":"ST","surveyed":"20201014"},"geometry":{"type":"LineString","coordinates":[[-2.811541,53.599728],[-2.809917,53.600693]]}},{"type":"Feature","properties":{"pressure":"HPN","kind":"main","spec":"1050 ST","material":"ST","surveyed":"20260603"},"geometry":{"type":"LineString","coordinates":[[-2.80256,53.59288],[-2.802558,53.592887],[-2.802495,53.593094],[-2.802251,53.59346],[-2.802225,53.5935]]}},{"type":"Feature","properties":{"pressure":"HPN","kind":"main","spec":"42 ST","material":"ST","surveyed":"20260603"},"geometry":{"type":"LineString","coordinates":[[-2.817398,53.596868],[-2.817317,53.596881],[-2.814955,53.597266],[-2.814851,53.597288],[-2.814841,53.597292]]}},{"type":"Feature","properties":{"pressure":"HPN","kind":"main","spec":"42 ST","material":"ST","surveyed":"20201014"},"geometry":{"type":"LineString","coordinates":[[-2.807539,53.602103],[-2.802445,53.605108]]}},{"type":"Feature","properties":{"pressure":"HPN","kind":"main","spec":"42 ST","material":"ST","surveyed":"20201014"},"geometry":{"type":"LineString","coordinates":[[-2.807997,53.601832],[-2.807539,53.602103]]}},{"type":"Feature","properties":{"pressure":"HPN","kind":"main","spec":"42 ST","material":"ST","surveyed":"20201014"},"geometry":{"type":"LineString","coordinates":[[-2.806023,53.673616],[-2.806008,53.673753]]}},{"type":"Feature","properties":{"pressure":"HPN","kind":"main","spec":"42 ST","material":"ST","surveyed":"20201014"},"geometry":{"type":"LineString","coordinates":[[-2.803915,53.669366],[-2.80599,53.670007],[-2.80608,53.670055],[-2.80626,53.670294],[-2.806426,53.670546],[-2.806078,53.673275],[-2.806023,53.673616]]}},{"type":"Feature","properties":{"pressure":"HPN","kind":"main","spec":"42 ST","material":"ST","surveyed":"20201014"},"geometry":{"type":"LineString","coordinates":[[-2.803915,53.669366],[-2.803664,53.669286]]}},{"type":"Feature","properties":{"pressure":"HPN","kind":"main","spec":"1050 ST","material":"ST","surveyed":"20260603"},"geometry":{"type":"LineString","coordinates":[[-2.7933,53.599616],[-2.792822,53.600294],[-2.792304,53.60069],[-2.792139,53.600819],[-2.791799,53.601084],[-2.791468,53.601342],[-2.790814,53.601812],[-2.790647,53.601948]]}},{"type":"Feature","properties":{"pressure":"HPN","kind":"main","spec":"1050 ST","material":"ST","surveyed":"20260603"},"geometry":{"type":"LineString","coordinates":[[-2.794752,53.597869],[-2.79427,53.598059],[-2.793893,53.598572],[-2.7936,53.59909],[-2.7933,53.599616]]}},{"type":"Feature","properties":{"pressure":"HPN","kind":"main","spec":"1050 ST","material":"ST","surveyed":"20260603"},"geometry":{"type":"LineString","coordinates":[[-2.796002,53.597418],[-2.7959,53.597436],[-2.795517,53.597569]]}},{"type":"Feature","properties":{"pressure":"HPN","kind":"main","spec":"1050 ST","material":"ST","surveyed":"20260603"},"geometry":{"type":"LineString","coordinates":[[-2.795517,53.597569],[-2.794752,53.597869]]}},{"type":"Feature","properties":{"pressure":"HPN","kind":"main","spec":"1050 ST","material":"ST","surveyed":"20260603"},"geometry":{"type":"LineString","coordinates":[[-2.802225,53.5935],[-2.801902,53.593983],[-2.801441,53.594382],[-2.800706,53.594953],[-2.799639,53.59568],[-2.798585,53.59648],[-2.798205,53.596859],[-2.797925,53.597024],[-2.797557,53.597143],[-2.796986,53.597231],[-2.796486,53.597323],[-2.796002,53.597418]]}},{"type":"Feature","properties":{"pressure":"HPN","kind":"main","spec":"42 ST","material":"ST","surveyed":"20120320"},"geometry":{"type":"LineString","coordinates":[[-2.800412,53.606377],[-2.800412,53.606381],[-2.800029,53.610874]]}},{"type":"Feature","properties":{"pressure":"HPN","kind":"main","spec":"1050 ST","material":"ST","surveyed":"20201014"},"geometry":{"type":"LineString","coordinates":[[-2.790647,53.601948],[-2.790179,53.602331],[-2.789905,53.602553],[-2.789638,53.602769],[-2.78888,53.60315],[-2.787971,53.603674]]}},{"type":"Feature","properties":{"pressure":"HPN","kind":"main","spec":"1050 ST","material":"ST","surveyed":"20201014"},"geometry":{"type":"LineString","coordinates":[[-2.787971,53.603674],[-2.787341,53.604093],[-2.787313,53.604111]]}},{"type":"Feature","properties":{"pressure":"HPN","kind":"main","spec":"42 ST","material":"ST","surveyed":"20201014"},"geometry":{"type":"LineString","coordinates":[[-2.802445,53.605108],[-2.802431,53.605116],[-2.800418,53.606304],[-2.800412,53.606377]]}},{"type":"Feature","properties":{"pressure":"HPN","kind":"main","spec":"42 ST","material":"ST","surveyed":"20201014"},"geometry":{"type":"LineString","coordinates":[[-2.800627,53.619859],[-2.799916,53.615369]]}},{"type":"Feature","properties":{"pressure":"HPN","kind":"main","spec":"42 ST","material":"ST","surveyed":"20120320"},"geometry":{"type":"LineString","coordinates":[[-2.799951,53.611796],[-2.799963,53.612046],[-2.799992,53.612167],[-2.800038,53.612343],[-2.800224,53.61288],[-2.799925,53.613057],[-2.799852,53.614453],[-2.799826,53.614792]]}},{"type":"Feature","properties":{"pressure":"HPN","kind":"main","spec":"42 ST","material":"ST","surveyed":"20120320"},"geometry":{"type":"LineString","coordinates":[[-2.799916,53.615369],[-2.799826,53.614792]]}},{"type":"Feature","properties":{"pressure":"HPN","kind":"main","spec":"42 ST","material":"ST","surveyed":"20120320"},"geometry":{"type":"LineString","coordinates":[[-2.800029,53.610874],[-2.800029,53.610876],[-2.799951,53.611796]]}},{"type":"Feature","properties":{"pressure":"HPN","kind":"main","spec":"42 ST","material":"ST","surveyed":"20201014"},"geometry":{"type":"LineString","coordinates":[[-2.800089,53.628851],[-2.800099,53.628825],[-2.800814,53.62705],[-2.800907,53.626699],[-2.800992,53.626378]]}},{"type":"Feature","properties":{"pressure":"HPN","kind":"main","spec":"42 ST","material":"ST","surveyed":"20201014"},"geometry":{"type":"LineString","coordinates":[[-2.801625,53.624346],[-2.800997,53.626373],[-2.800992,53.626378]]}},{"type":"Feature","properties":{"pressure":"HPN","kind":"main","spec":"42 ST","material":"ST","surveyed":"20201014"},"geometry":{"type":"LineString","coordinates":[[-2.80091,53.62165],[-2.800627,53.619859]]}},{"type":"Feature","properties":{"pressure":"HPN","kind":"main","spec":"42 ST","material":"ST","surveyed":"20201014"},"geometry":{"type":"LineString","coordinates":[[-2.80091,53.62165],[-2.80092,53.621686],[-2.800934,53.621734],[-2.800954,53.62179],[-2.801403,53.622737],[-2.801686,53.624084],[-2.801686,53.624112],[-2.801685,53.624139],[-2.801682,53.624166],[-2.801625,53.624346]]}},{"type":"Feature","properties":{"pressure":"HPN","kind":"main","spec":"42 ST","material":"ST","surveyed":"20201014"},"geometry":{"type":"LineString","coordinates":[[-2.80032,53.633601],[-2.800424,53.63339],[-2.800437,53.633343]]}},{"type":"Feature","properties":{"pressure":"HPN","kind":"main","spec":"42 ST","material":"ST","surveyed":"20201014"},"geometry":{"type":"LineString","coordinates":[[-2.80032,53.633601],[-2.800282,53.633689],[-2.800032,53.633957],[-2.799504,53.634546],[-2.799312,53.634702],[-2.799205,53.634802],[-2.798715,53.635481],[-2.798126,53.636338],[-2.797484,53.637275],[-2.797047,53.63786]]}},{"type":"Feature","properties":{"pressure":"HPN","kind":"main","spec":"42 ST","material":"ST","surveyed":"20201014"},"geometry":{"type":"LineString","coordinates":[[-2.800437,53.633343],[-2.800832,53.631921],[-2.800853,53.631809],[-2.800848,53.631712],[-2.800765,53.631522],[-2.799909,53.62964],[-2.799861,53.629518],[-2.799875,53.629396],[-2.800089,53.628851]]}},{"type":"Feature","properties":{"pressure":"HPN","kind":"main","spec":"42 ST","material":"ST","surveyed":"20201014"},"geometry":{"type":"LineString","coordinates":[[-2.79837,53.646839],[-2.798367,53.646797],[-2.798346,53.646693],[-2.798261,53.646622],[-2.79673,53.646223],[-2.796642,53.646188],[-2.796597,53.646086],[-2.796449,53.644486],[-2.796324,53.642955],[-2.796312,53.642719]]}},{"type":"Feature","properties":{"pressure":"HPN","kind":"main","spec":"42 ST","material":"ST","surveyed":"20201014"},"geometry":{"type":"LineString","coordinates":[[-2.796273,53.642359],[-2.796274,53.64236],[-2.796312,53.642719]]}},{"type":"Feature","properties":{"pressure":"HPN","kind":"main","spec":"42 ST","material":"ST","surveyed":"20201014"},"geometry":{"type":"LineString","coordinates":[[-2.797047,53.63786],[-2.796906,53.638046],[-2.796966,53.638556],[-2.796952,53.638587],[-2.79687,53.638784],[-2.796803,53.638954],[-2.796752,53.639119],[-2.796633,53.63953],[-2.796601,53.639631],[-2.796574,53.639712],[-2.79637,53.640219],[-2.796296,53.640396],[-2.796193,53.640646],[-2.796155,53.640774],[-2.796139,53.640837],[-2.796137,53.640991],[-2.79614,53.64117],[-2.796145,53.641231],[-2.796245,53.642122],[-2.796273,53.642359]]}},{"type":"Feature","properties":{"pressure":"HPN","kind":"main","spec":"42 ST","material":"ST","surveyed":"20120320"},"geometry":{"type":"LineString","coordinates":[[-2.79884,53.655825],[-2.79884,53.655824],[-2.798828,53.655597],[-2.798764,53.653893],[-2.798673,53.651803],[-2.798642,53.651332]]}},{"type":"Feature","properties":{"pressure":"HPN","kind":"main","spec":"42 ST","material":"ST","surveyed":"20201014"},"geometry":{"type":"LineString","coordinates":[[-2.798642,53.651332],[-2.798522,53.649493]]}},{"type":"Feature","properties":{"pressure":"HPN","kind":"main","spec":"42 ST","material":"ST","surveyed":"20201014"},"geometry":{"type":"LineString","coordinates":[[-2.798522,53.649493],[-2.798477,53.648526],[-2.79837,53.646839]]}},{"type":"Feature","properties":{"pressure":"HPN","kind":"main","spec":"42 ST","material":"ST","surveyed":"20201014"},"geometry":{"type":"LineString","coordinates":[[-2.799858,53.664806],[-2.799805,53.664458],[-2.79961,53.663337],[-2.799452,53.662449],[-2.799374,53.662054],[-2.799177,53.66125]]}},{"type":"Feature","properties":{"pressure":"HPN","kind":"main","spec":"42 ST","material":"ST","surveyed":"20201014"},"geometry":{"type":"LineString","coordinates":[[-2.798895,53.660318],[-2.798895,53.660319],[-2.79889,53.660384],[-2.798962,53.660641],[-2.799177,53.66125]]}},{"type":"Feature","properties":{"pressure":"HPN","kind":"main","spec":"42 ST","material":"ST","surveyed":"20201014"},"geometry":{"type":"LineString","coordinates":[[-2.801481,53.669579],[-2.801207,53.669584],[-2.800654,53.669596],[-2.800571,53.66956],[-2.800532,53.669296]]}},{"type":"Feature","properties":{"pressure":"HPN","kind":"main","spec":"42 ST","material":"ST","surveyed":"20201014"},"geometry":{"type":"LineString","coordinates":[[-2.800936,53.669293],[-2.800947,53.669369],[-2.801002,53.669398],[-2.801543,53.669367]]}},{"type":"Feature","properties":{"pressure":"HPN","kind":"main","spec":"42 ST","material":"ST","surveyed":"20201014"},"geometry":{"type":"LineString","coordinates":[[-2.803664,53.669286],[-2.80363,53.669275]]}},{"type":"Feature","properties":{"pressure":"HPN","kind":"main","spec":"42 ST","material":"ST","surveyed":"20201014"},"geometry":{"type":"LineString","coordinates":[[-2.800532,53.669296],[-2.800264,53.667429],[-2.800052,53.66607],[-2.799992,53.665706]]}},{"type":"Feature","properties":{"pressure":"HPN","kind":"main","spec":"42 ST","material":"ST","surveyed":"20201014"},"geometry":{"type":"LineString","coordinates":[[-2.799992,53.665706],[-2.799858,53.664808],[-2.799858,53.664806]]}},{"type":"Feature","properties":{"pressure":"HPN","kind":"main","spec":"42 ST","material":"ST","surveyed":"20201014"},"geometry":{"type":"LineString","coordinates":[[-2.80363,53.669275],[-2.802409,53.668887],[-2.800929,53.668956],[-2.800907,53.668972],[-2.800896,53.668984],[-2.800936,53.669293]]}},{"type":"Feature","properties":{"pressure":"HPN","kind":"main","spec":"1050 ST","material":"ST","surveyed":"20201014"},"geometry":{"type":"LineString","coordinates":[[-2.779819,53.607494],[-2.779815,53.607495],[-2.778365,53.607967]]}},{"type":"Feature","properties":{"pressure":"HPN","kind":"main","spec":"1050 ST","material":"ST","surveyed":"20201014"},"geometry":{"type":"LineString","coordinates":[[-2.778365,53.607967],[-2.77681,53.60875],[-2.776673,53.609218],[-2.775657,53.610061],[-2.774553,53.61077],[-2.774152,53.611045]]}},{"type":"Feature","properties":{"pressure":"HPN","kind":"main","spec":"1050 ST","material":"ST","surveyed":"20120319"},"geometry":{"type":"LineString","coordinates":[[-2.782905,53.606493],[-2.782881,53.6065],[-2.782136,53.606731],[-2.780363,53.607314],[-2.779819,53.607494]]}},{"type":"Feature","properties":{"pressure":"HPN","kind":"main","spec":"1050 ST","material":"ST","surveyed":"20201014"},"geometry":{"type":"LineString","coordinates":[[-2.786925,53.604362],[-2.785468,53.605266],[-2.785088,53.605488],[-2.784704,53.60571],[-2.784134,53.606045],[-2.783596,53.606298]]}},{"type":"Feature","properties":{"pressure":"HPN","kind":"main","spec":"1050 ST","material":"ST","surveyed":"20201014"},"geometry":{"type":"LineString","coordinates":[[-2.783596,53.606298],[-2.782905,53.606493]]}},{"type":"Feature","properties":{"pressure":"HPN","kind":"main","spec":"1050 ST","material":"ST","surveyed":"20201014"},"geometry":{"type":"LineString","coordinates":[[-2.787313,53.604111],[-2.787201,53.604184],[-2.786925,53.604362]]}},{"type":"Feature","properties":{"pressure":"HPN","kind":"main","spec":"1050 ST","material":"ST","surveyed":"20201014"},"geometry":{"type":"LineString","coordinates":[[-2.773798,53.6113],[-2.772386,53.612284],[-2.77235,53.612308]]}},{"type":"Feature","properties":{"pressure":"HPN","kind":"main","spec":"1050 ST","material":"ST","surveyed":"20201014"},"geometry":{"type":"LineString","coordinates":[[-2.774152,53.611045],[-2.774148,53.611047],[-2.773798,53.6113]]}},{"type":"Feature","properties":{"pressure":"HPN","kind":"main","spec":"1050 ST","material":"ST","surveyed":"20201014"},"geometry":{"type":"LineString","coordinates":[[-2.764861,53.616526],[-2.764402,53.616733],[-2.763488,53.617147],[-2.763022,53.617354],[-2.760736,53.618389],[-2.757345,53.618338],[-2.757343,53.618338]]}},{"type":"Feature","properties":{"pressure":"HPN","kind":"main","spec":"1050 ST","material":"ST","surveyed":"20201014"},"geometry":{"type":"LineString","coordinates":[[-2.764868,53.616519],[-2.764849,53.616527]]}},{"type":"Feature","properties":{"pressure":"HPN","kind":"main","spec":"1050 ST","material":"ST","surveyed":"20201014"},"geometry":{"type":"LineString","coordinates":[[-2.767025,53.615585],[-2.766277,53.615948],[-2.764879,53.616514],[-2.764868,53.616519]]}},{"type":"Feature","properties":{"pressure":"HPN","kind":"main","spec":"1050 ST","material":"ST","surveyed":"20201014"},"geometry":{"type":"LineString","coordinates":[[-2.77235,53.612308],[-2.771106,53.613142],[-2.7684,53.614915],[-2.767025,53.615585]]}},{"type":"Feature","properties":{"pressure":"HPN","kind":"main","spec":"42 ST","material":"ST","surveyed":"20220723"},"geometry":{"type":"LineString","coordinates":[[-2.808062,53.682396],[-2.808763,53.680874],[-2.807241,53.678239]]}},{"type":"Feature","properties":{"pressure":"HPN","kind":"main","spec":"42 ST","material":"ST","surveyed":"20220723"},"geometry":{"type":"LineString","coordinates":[[-2.808394,53.682726],[-2.80829,53.68262],[-2.808062,53.682396]]}},{"type":"Feature","properties":{"pressure":"HPN","kind":"main","spec":"42 ST","material":"ST","surveyed":"20220624"},"geometry":{"type":"LineString","coordinates":[[-2.807241,53.678239],[-2.807123,53.678036]]}},{"type":"Feature","properties":{"pressure":"HPN","kind":"main","spec":"42 ST","material":"ST","surveyed":"20220624"},"geometry":{"type":"LineString","coordinates":[[-2.806008,53.673753],[-2.805995,53.673874],[-2.80597,53.674114],[-2.805961,53.674221],[-2.805951,53.674285],[-2.805969,53.67442],[-2.805992,53.674519],[-2.806637,53.677183],[-2.80678,53.677451],[-2.806953,53.677743],[-2.807123,53.678036]]}},{"type":"Feature","properties":{"pressure":"HPN","kind":"main","spec":"42 ST","material":"ST","surveyed":"20201014"},"geometry":{"type":"LineString","coordinates":[[-2.815173,53.68943],[-2.817845,53.68985],[-2.817895,53.68992],[-2.818743,53.691294]]}},{"type":"Feature","properties":{"pressure":"HPN","kind":"main","spec":"42 ST","material":"ST","surveyed":"20201014"},"geometry":{"type":"LineString","coordinates":[[-2.815173,53.68943],[-2.81283,53.68719]]}},{"type":"Feature","properties":{"pressure":"HPN","kind":"main","spec":"42 ST","material":"ST","surveyed":"20201014"},"geometry":{"type":"LineString","coordinates":[[-2.818959,53.691642],[-2.818743,53.691294]]}},{"type":"Feature","properties":{"pressure":"HPN","kind":"main","spec":"42 ST","material":"ST","surveyed":"20201014"},"geometry":{"type":"LineString","coordinates":[[-2.811552,53.685914],[-2.811387,53.685748]]}},{"type":"Feature","properties":{"pressure":"HPN","kind":"main","spec":"42 ST","material":"ST","surveyed":"20201014"},"geometry":{"type":"LineString","coordinates":[[-2.811387,53.685748],[-2.808398,53.68273],[-2.808394,53.682726]]}},{"type":"Feature","properties":{"pressure":"HPN","kind":"main","spec":"42 ST","material":"ST","surveyed":"20201014"},"geometry":{"type":"LineString","coordinates":[[-2.812719,53.687088],[-2.811552,53.685914]]}},{"type":"Feature","properties":{"pressure":"HPN","kind":"main","spec":"42 ST","material":"ST","surveyed":"20201014"},"geometry":{"type":"LineString","coordinates":[[-2.81283,53.68719],[-2.812823,53.687183],[-2.812719,53.687088]]}},{"type":"Feature","properties":{"pressure":"HPN","kind":"main","spec":"42 ST","material":"ST","surveyed":"20201014"},"geometry":{"type":"LineString","coordinates":[[-2.746808,53.510183],[-2.746429,53.510041],[-2.744007,53.510198],[-2.742741,53.510271],[-2.740338,53.510434]]}},{"type":"Feature","properties":{"pressure":"HPN","kind":"main","spec":"42 ST","material":"ST","surveyed":"20201014"},"geometry":{"type":"LineString","coordinates":[[-2.747853,53.510744],[-2.747878,53.510758]]}},{"type":"Feature","properties":{"pressure":"HPN","kind":"main","spec":"42 ST","material":"ST","surveyed":"20201014"},"geometry":{"type":"LineString","coordinates":[[-2.747882,53.51073],[-2.747877,53.510727],[-2.747414,53.510427],[-2.746808,53.510183]]}},{"type":"Feature","properties":{"pressure":"HPN","kind":"main","spec":"42 ST","material":"ST","surveyed":"20260603"},"geometry":{"type":"LineString","coordinates":[[-2.749408,53.511715],[-2.747882,53.51073]]}},{"type":"Feature","properties":{"pressure":"HPN","kind":"main","spec":"42 ST","material":"ST","surveyed":"20260603"},"geometry":{"type":"LineString","coordinates":[[-2.754053,53.512299],[-2.751284,53.511946],[-2.749408,53.511715]]}},{"type":"Feature","properties":{"pressure":"HPN","kind":"main","spec":"42 ST","material":"ST","surveyed":"20241223"},"geometry":{"type":"LineString","coordinates":[[-2.755453,53.512485],[-2.755423,53.512482],[-2.754057,53.512299],[-2.754053,53.512299]]}},{"type":"Feature","properties":{"pressure":"HPN","kind":"main","spec":"42 ST","material":"ST","surveyed":"20201014"},"geometry":{"type":"LineString","coordinates":[[-2.73279,53.511151],[-2.732305,53.511224],[-2.730684,53.511473],[-2.728759,53.511754],[-2.727226,53.511982],[-2.725522,53.512265]]}},{"type":"Feature","properties":{"pressure":"HPN","kind":"main","spec":"42 ST","material":"ST","surveyed":"20201014"},"geometry":{"type":"LineString","coordinates":[[-2.73281,53.511148],[-2.73279,53.511151]]}},{"type":"Feature","properties":{"pressure":"HPN","kind":"main","spec":"42 ST","material":"ST","surveyed":"20201014"},"geometry":{"type":"LineString","coordinates":[[-2.725522,53.512265],[-2.72529,53.512303]]}},{"type":"Feature","properties":{"pressure":"HPN","kind":"main","spec":"42 ST","material":"ST","surveyed":"20201014"},"geometry":{"type":"LineString","coordinates":[[-2.740338,53.510434],[-2.740322,53.510435],[-2.740223,53.510443]]}},{"type":"Feature","properties":{"pressure":"HPN","kind":"main","spec":"42 ST","material":"ST","surveyed":"20201014"},"geometry":{"type":"LineString","coordinates":[[-2.740223,53.510443],[-2.735775,53.510738],[-2.735274,53.510772],[-2.735083,53.510801],[-2.734144,53.510926],[-2.73281,53.511148]]}},{"type":"Feature","properties":{"pressure":"HPN","kind":"main","spec":"42 ST","material":"ST","surveyed":"20201014"},"geometry":{"type":"LineString","coordinates":[[-2.713135,53.509084],[-2.711846,53.508186],[-2.711748,53.508085],[-2.711729,53.508064]]}},{"type":"Feature","properties":{"pressure":"HPN","kind":"main","spec":"42 ST","material":"ST","surveyed":"20201014"},"geometry":{"type":"LineString","coordinates":[[-2.717701,53.509364],[-2.71719,53.508996],[-2.713966,53.509358],[-2.713588,53.509401],[-2.713435,53.509293],[-2.713135,53.509084]]}},{"type":"Feature","properties":{"pressure":"HPN","kind":"main","spec":"42 ST","material":"ST","surveyed":"20201014"},"geometry":{"type":"LineString","coordinates":[[-2.719297,53.510517],[-2.717715,53.509375],[-2.717701,53.509364]]}},{"type":"Feature","properties":{"pressure":"HPN","kind":"main","spec":"42 ST","material":"ST","surveyed":"20201014"},"geometry":{"type":"LineString","coordinates":[[-2.724042,53.512485],[-2.724037,53.512483],[-2.721132,53.511829],[-2.719297,53.510517]]}},{"type":"Feature","properties":{"pressure":"HPN","kind":"main","spec":"42 ST","material":"ST","surveyed":"20201014"},"geometry":{"type":"LineString","coordinates":[[-2.72529,53.512303],[-2.724214,53.512482],[-2.724207,53.512484]]}},{"type":"Feature","properties":{"pressure":"HPN","kind":"main","spec":"42 ST","material":"ST","surveyed":"20240717"},"geometry":{"type":"LineString","coordinates":[[-2.711729,53.508064],[-2.710144,53.506357],[-2.71011,53.506322]]}},{"type":"Feature","properties":{"pressure":"HPN","kind":"main","spec":"42 ST","material":"ST","surveyed":"20201014"},"geometry":{"type":"LineString","coordinates":[[-2.724207,53.512484],[-2.724114,53.512502],[-2.724042,53.512485]]}},{"type":"Feature","properties":{"pressure":"HPN","kind":"main","spec":"42 ST","material":"ST","surveyed":"20201014"},"geometry":{"type":"LineString","coordinates":[[-2.702314,53.504303],[-2.702177,53.504253],[-2.702037,53.504202],[-2.700673,53.504525],[-2.699517,53.505],[-2.698769,53.505368],[-2.698551,53.505504],[-2.698063,53.50584],[-2.697452,53.506246],[-2.696747,53.50666],[-2.696499,53.506761]]}},{"type":"Feature","properties":{"pressure":"HPN","kind":"main","spec":"42 ST","material":"ST","surveyed":"20201014"},"geometry":{"type":"LineString","coordinates":[[-2.70254,53.504388],[-2.702314,53.504303]]}},{"type":"Feature","properties":{"pressure":"HPN","kind":"main","spec":"42 ST","material":"ST","surveyed":"20201014"},"geometry":{"type":"LineString","coordinates":[[-2.696499,53.506761],[-2.695636,53.507116],[-2.695044,53.506998]]}},{"type":"Feature","properties":{"pressure":"HPN","kind":"main","spec":"42 ST","material":"ST","surveyed":"20260603"},"geometry":{"type":"LineString","coordinates":[[-2.71011,53.506322],[-2.710021,53.506228],[-2.708573,53.506028]]}},{"type":"Feature","properties":{"pressure":"HPN","kind":"main","spec":"42 ST","material":"ST","surveyed":"20260603"},"geometry":{"type":"LineString","coordinates":[[-2.708573,53.506028],[-2.706864,53.505822],[-2.70564,53.506051],[-2.703975,53.504939],[-2.702563,53.504397],[-2.70254,53.504388]]}},{"type":"Feature","properties":{"pressure":"HPN","kind":"main","spec":"42 ST","material":"ST","surveyed":"20250303"},"geometry":{"type":"LineString","coordinates":[[-2.687492,53.506213],[-2.687477,53.506214],[-2.685796,53.506256],[-2.682715,53.506895]]}},{"type":"Feature","properties":{"pressure":"HPN","kind":"main","spec":"42 ST","material":"ST","surveyed":"20250303"},"geometry":{"type":"LineString","coordinates":[[-2.682715,53.506895],[-2.680668,53.507319],[-2.679975,53.507563]]}},{"type":"Feature","properties":{"pressure":"HPN","kind":"main","spec":"42 ST","material":"ST","surveyed":"20201014"},"geometry":{"type":"LineString","coordinates":[[-2.689529,53.506158],[-2.687492,53.506213]]}},{"type":"Feature","properties":{"pressure":"HPN","kind":"main","spec":"42 ST","material":"ST","surveyed":"20201014"},"geometry":{"type":"LineString","coordinates":[[-2.695044,53.506998],[-2.695038,53.506997],[-2.694245,53.506843],[-2.693023,53.506419],[-2.691404,53.506197],[-2.69034,53.506134],[-2.689529,53.506158]]}},{"type":"Feature","properties":{"pressure":"HPN","kind":"main","spec":"42 ST","material":"ST","surveyed":"20201014"},"geometry":{"type":"LineString","coordinates":[[-2.672494,53.511233],[-2.672489,53.511235],[-2.671766,53.51161],[-2.670689,53.512478]]}},{"type":"Feature","properties":{"pressure":"HPN","kind":"main","spec":"42 ST","material":"ST","surveyed":"20201014"},"geometry":{"type":"LineString","coordinates":[[-2.670689,53.512478],[-2.670321,53.512793],[-2.670315,53.512798]]}},{"type":"Feature","properties":{"pressure":"HPN","kind":"main","spec":"42 ST","material":"ST","surveyed":"20250303"},"geometry":{"type":"LineString","coordinates":[[-2.675576,53.509107],[-2.674584,53.509493],[-2.673662,53.510649],[-2.672494,53.511233]]}},{"type":"Feature","properties":{"pressure":"HPN","kind":"main","spec":"42 ST","material":"ST","surveyed":"20250303"},"geometry":{"type":"LineString","coordinates":[[-2.677986,53.50826],[-2.675576,53.509107]]}},{"type":"Feature","properties":{"pressure":"HPN","kind":"main","spec":"42 ST","material":"ST","surveyed":"20220224"},"geometry":{"type":"LineString","coordinates":[[-2.679975,53.507563],[-2.677986,53.50826]]}},{"type":"Feature","properties":{"pressure":"HPN","kind":"main","spec":"42 ST","material":"ST","surveyed":"20251218"},"geometry":{"type":"LineString","coordinates":[[-2.670315,53.512798],[-2.670248,53.512848],[-2.669203,53.513261],[-2.668567,53.513419],[-2.666646,53.513136],[-2.664991,53.513095],[-2.664983,53.513094]]}},{"type":"Feature","properties":{"pressure":"HPN","kind":"main","spec":"42 ST","material":"ST","surveyed":"20260603"},"geometry":{"type":"LineString","coordinates":[[-2.649998,53.514453],[-2.649924,53.514463]]}},{"type":"Feature","properties":{"pressure":"HPN","kind":"main","spec":"42 ST","material":"ST","surveyed":"20260603"},"geometry":{"type":"LineString","coordinates":[[-2.657468,53.514654],[-2.657467,53.514654],[-2.65309,53.514507],[-2.652794,53.514499],[-2.652497,53.514493],[-2.650124,53.514434],[-2.649998,53.514453]]}},{"type":"Feature","properties":{"pressure":"HPN","kind":"main","spec":"42 ST","material":"ST","surveyed":"20201014"},"geometry":{"type":"LineString","coordinates":[[-2.664983,53.513094],[-2.663698,53.513064]]}},{"type":"Feature","properties":{"pressure":"HPN","kind":"main","spec":"42 ST","material":"ST","surveyed":"20201014"},"geometry":{"type":"LineString","coordinates":[[-2.663698,53.513064],[-2.661422,53.513021],[-2.659039,53.514706],[-2.657535,53.514655]]}},{"type":"Feature","properties":{"pressure":"HPN","kind":"main","spec":"42 ST","material":"ST","surveyed":"20201014"},"geometry":{"type":"LineString","coordinates":[[-2.657535,53.514655],[-2.657468,53.514654]]}},{"type":"Feature","properties":{"pressure":"HPN","kind":"main","spec":"42 ST","material":"ST","surveyed":"20201014"},"geometry":{"type":"LineString","coordinates":[[-2.637806,53.512478],[-2.637331,53.512109],[-2.634807,53.51134],[-2.634797,53.511337]]}},{"type":"Feature","properties":{"pressure":"HPN","kind":"main","spec":"42 ST","material":"ST","surveyed":"20201014"},"geometry":{"type":"LineString","coordinates":[[-2.638437,53.512973],[-2.637806,53.512478]]}},{"type":"Feature","properties":{"pressure":"HPN","kind":"main","spec":"42 ST","material":"ST","surveyed":"20201014"},"geometry":{"type":"LineString","coordinates":[[-2.642397,53.515285],[-2.639881,53.514104],[-2.638437,53.512973]]}},{"type":"Feature","properties":{"pressure":"HPN","kind":"main","spec":"42 ST","material":"ST","surveyed":"20201014"},"geometry":{"type":"LineString","coordinates":[[-2.643112,53.51562],[-2.642397,53.515285]]}},{"type":"Feature","properties":{"pressure":"HPN","kind":"main","spec":"42 ST","material":"ST","surveyed":"20201014"},"geometry":{"type":"LineString","coordinates":[[-2.649924,53.514463],[-2.649738,53.514489],[-2.648695,53.51483],[-2.647752,53.515058],[-2.646419,53.515507],[-2.645302,53.515559],[-2.643291,53.515704],[-2.643112,53.51562]]}},{"type":"Feature","properties":{"pressure":"HPN","kind":"main","spec":"42 ST","material":"ST","surveyed":"20201014"},"geometry":{"type":"LineString","coordinates":[[-2.627245,53.510484],[-2.625637,53.509189],[-2.624639,53.508553],[-2.624636,53.508551]]}},{"type":"Feature","properties":{"pressure":"HPN","kind":"main","spec":"42 ST","material":"ST","surveyed":"20201014"},"geometry":{"type":"LineString","coordinates":[[-2.629193,53.513022],[-2.629044,53.512955],[-2.627834,53.511204]]}},{"type":"Feature","properties":{"pressure":"HPN","kind":"main","spec":"42 ST","material":"ST","surveyed":"20201014"},"geometry":{"type":"LineString","coordinates":[[-2.631913,53.512062],[-2.630875,53.513012],[-2.630875,53.513013]]}},{"type":"Feature","properties":{"pressure":"HPN","kind":"main","spec":"42 ST","material":"ST","surveyed":"20201014"},"geometry":{"type":"LineString","coordinates":[[-2.634797,53.511337],[-2.633536,53.510953],[-2.632681,53.511393],[-2.632128,53.511861],[-2.631913,53.512062]]}},{"type":"Feature","properties":{"pressure":"HPN","kind":"main","spec":"42 ST","material":"ST","surveyed":"20201014"},"geometry":{"type":"LineString","coordinates":[[-2.627834,53.511204],[-2.62748,53.510669],[-2.627258,53.510494],[-2.627245,53.510484]]}},{"type":"Feature","properties":{"pressure":"HPN","kind":"main","spec":"42 ST","material":"ST","surveyed":"20201014"},"geometry":{"type":"LineString","coordinates":[[-2.624636,53.508551],[-2.623361,53.507712]]}},{"type":"Feature","properties":{"pressure":"HPN","kind":"main","spec":"42 ST","material":"ST","surveyed":"20201014"},"geometry":{"type":"LineString","coordinates":[[-2.623361,53.507712],[-2.620468,53.505861],[-2.619629,53.505255]]}},{"type":"Feature","properties":{"pressure":"HPN","kind":"main","spec":"42 ST","material":"ST","surveyed":"20120320"},"geometry":{"type":"LineString","coordinates":[[-2.630875,53.513013],[-2.630463,53.51339],[-2.630164,53.513447],[-2.629194,53.513022],[-2.629193,53.513022]]}},{"type":"Feature","properties":{"pressure":"HPN","kind":"main","spec":"42 ST","material":"ST","surveyed":"20201014"},"geometry":{"type":"LineString","coordinates":[[-2.61202,53.500356],[-2.612008,53.50035],[-2.610736,53.499634]]}},{"type":"Feature","properties":{"pressure":"HPN","kind":"main","spec":"42 ST","material":"ST","surveyed":"20211103"},"geometry":{"type":"LineString","coordinates":[[-2.613131,53.501003],[-2.612617,53.500678],[-2.61202,53.500356]]}},{"type":"Feature","properties":{"pressure":"HPN","kind":"main","spec":"42 ST","material":"ST","surveyed":"20211103"},"geometry":{"type":"LineString","coordinates":[[-2.617888,53.504092],[-2.614135,53.501653],[-2.613721,53.501389],[-2.613523,53.50126],[-2.613131,53.501003]]}},{"type":"Feature","properties":{"pressure":"HPN","kind":"main","spec":"42 ST","material":"ST","surveyed":"20201014"},"geometry":{"type":"LineString","coordinates":[[-2.610736,53.499634],[-2.610734,53.499633],[-2.6074,53.497816]]}},{"type":"Feature","properties":{"pressure":"HPN","kind":"main","spec":"42 ST","material":"ST","surveyed":"20201014"},"geometry":{"type":"LineString","coordinates":[[-2.6074,53.497816],[-2.606968,53.497574],[-2.60496,53.496708],[-2.604427,53.496515]]}},{"type":"Feature","properties":{"pressure":"HPN","kind":"main","spec":"42 ST","material":"ST","surveyed":"20251218"},"geometry":{"type":"LineString","coordinates":[[-2.618287,53.504352],[-2.617888,53.504092]]}},{"type":"Feature","properties":{"pressure":"HPN","kind":"main","spec":"42 ST","material":"ST","surveyed":"20251218"},"geometry":{"type":"LineString","coordinates":[[-2.619629,53.505255],[-2.619627,53.505254],[-2.6192,53.504947],[-2.618287,53.504352]]}},{"type":"Feature","properties":{"pressure":"HPN","kind":"main","spec":"1050 ST","material":"ST","surveyed":"20201014"},"geometry":{"type":"LineString","coordinates":[[-2.749803,53.619439],[-2.749786,53.619435],[-2.744437,53.617947],[-2.742244,53.61832],[-2.742225,53.618323]]}},{"type":"Feature","properties":{"pressure":"HPN","kind":"main","spec":"1050 ST","material":"ST","surveyed":"20201014"},"geometry":{"type":"LineString","coordinates":[[-2.750329,53.619706],[-2.750255,53.619741],[-2.7499,53.619467],[-2.749803,53.619439]]}},{"type":"Feature","properties":{"pressure":"HPN","kind":"main","spec":"1050 ST","material":"ST","surveyed":"20201014"},"geometry":{"type":"LineString","coordinates":[[-2.757343,53.618338],[-2.756488,53.618326],[-2.755437,53.618525]]}},{"type":"Feature","properties":{"pressure":"HPN","kind":"main","spec":"1050 ST","material":"ST","surveyed":"20201014"},"geometry":{"type":"LineString","coordinates":[[-2.755437,53.618525],[-2.751624,53.619289],[-2.750752,53.619622],[-2.750629,53.619728],[-2.750128,53.620186]]}},{"type":"Feature","properties":{"pressure":"HPN","kind":"main","spec":"1050 ST","material":"ST","surveyed":"20201014"},"geometry":{"type":"LineString","coordinates":[[-2.743934,53.623292],[-2.743249,53.623804],[-2.742907,53.624061]]}},{"type":"Feature","properties":{"pressure":"HPN","kind":"main","spec":"1050 ST","material":"ST","surveyed":"20201014"},"geometry":{"type":"LineString","coordinates":[[-2.742907,53.624061],[-2.742333,53.62449]]}},{"type":"Feature","properties":{"pressure":"HPN","kind":"main","spec":"1050 ST","material":"ST","surveyed":"20201014"},"geometry":{"type":"LineString","coordinates":[[-2.749823,53.620531],[-2.749547,53.620831],[-2.747679,53.621691],[-2.746435,53.622299],[-2.743934,53.623292]]}},{"type":"Feature","properties":{"pressure":"HPN","kind":"main","spec":"1050 ST","material":"ST","surveyed":"20201014"},"geometry":{"type":"LineString","coordinates":[[-2.750128,53.620186],[-2.750087,53.620223]]}},{"type":"Feature","properties":{"pressure":"HPN","kind":"main","spec":"1050 ST","material":"ST","surveyed":"20201014"},"geometry":{"type":"LineString","coordinates":[[-2.750087,53.620223],[-2.749823,53.620531]]}},{"type":"Feature","properties":{"pressure":"HPN","kind":"main","spec":"1050 ST","material":"ST","surveyed":"20240815"},"geometry":{"type":"LineString","coordinates":[[-2.742958,53.633713],[-2.742927,53.633791],[-2.74275,53.634112],[-2.74257,53.634439],[-2.74251,53.634549]]}},{"type":"Feature","properties":{"pressure":"HPN","kind":"main","spec":"1050 ST","material":"ST","surveyed":"20241120"},"geometry":{"type":"LineString","coordinates":[[-2.743009,53.633569],[-2.742958,53.633713]]}},{"type":"Feature","properties":{"pressure":"HPN","kind":"main","spec":"1050 ST","material":"ST","surveyed":"20241120"},"geometry":{"type":"LineString","coordinates":[[-2.743009,53.633569],[-2.742487,53.63314],[-2.742485,53.633138]]}},{"type":"Feature","properties":{"pressure":"HPN","kind":"main","spec":"1050 ST","material":"ST","surveyed":"20250827"},"geometry":{"type":"LineString","coordinates":[[-2.742951,53.647196],[-2.742944,53.647174],[-2.742929,53.647124],[-2.742824,53.646777],[-2.742779,53.646601],[-2.742718,53.646396]]}},{"type":"Feature","properties":{"pressure":"HPN","kind":"main","spec":"1050 ST","material":"ST","surveyed":"20201014"},"geometry":{"type":"LineString","coordinates":[[-2.746605,53.656162],[-2.746547,53.655419],[-2.746514,53.654887]]}},{"type":"Feature","properties":{"pressure":"HPN","kind":"main","spec":"1050 ST","material":"ST","surveyed":"20201014"},"geometry":{"type":"LineString","coordinates":[[-2.746514,53.654887],[-2.746281,53.653147],[-2.746123,53.652076],[-2.745426,53.651675]]}},{"type":"Feature","properties":{"pressure":"HPN","kind":"main","spec":"1050 ST","material":"ST","surveyed":"20201014"},"geometry":{"type":"LineString","coordinates":[[-2.743027,53.647439],[-2.742951,53.647196]]}},{"type":"Feature","properties":{"pressure":"HPN","kind":"main","spec":"1050 ST","material":"ST","surveyed":"20201014"},"geometry":{"type":"LineString","coordinates":[[-2.744061,53.650647],[-2.743941,53.650233],[-2.743617,53.649482],[-2.743366,53.648555],[-2.743027,53.647439]]}},{"type":"Feature","properties":{"pressure":"HPN","kind":"main","spec":"1050 ST","material":"ST","surveyed":"20201014"},"geometry":{"type":"LineString","coordinates":[[-2.745426,53.651675],[-2.745298,53.651602],[-2.744061,53.650647]]}},{"type":"Feature","properties":{"pressure":"HPN","kind":"main","spec":"1050 ST","material":"ST","surveyed":"20251214"},"geometry":{"type":"LineString","coordinates":[[-2.745671,53.665012],[-2.745566,53.665157]]}},{"type":"Feature","properties":{"pressure":"HPN","kind":"main","spec":"1050 ST","material":"ST","surveyed":"20251214"},"geometry":{"type":"LineString","coordinates":[[-2.747066,53.660653],[-2.747127,53.661671],[-2.747153,53.66204],[-2.7471,53.662503],[-2.747057,53.662816],[-2.746842,53.663321],[-2.7467,53.663658]]}},{"type":"Feature","properties":{"pressure":"HPN","kind":"main","spec":"1050 ST","material":"ST","surveyed":"20251214"},"geometry":{"type":"LineString","coordinates":[[-2.7467,53.663658],[-2.74647,53.66396],[-2.745784,53.664866],[-2.745671,53.665012]]}},{"type":"Feature","properties":{"pressure":"HPN","kind":"main","spec":"1050 ST","material":"ST","surveyed":"20201014"},"geometry":{"type":"LineString","coordinates":[[-2.746856,53.658324],[-2.746626,53.656526],[-2.746605,53.656164],[-2.746605,53.656162]]}},{"type":"Feature","properties":{"pressure":"HPN","kind":"main","spec":"1050 ST","material":"ST","surveyed":"20201014"},"geometry":{"type":"LineString","coordinates":[[-2.747063,53.66061],[-2.747065,53.660634],[-2.747066,53.660653]]}},{"type":"Feature","properties":{"pressure":"HPN","kind":"main","spec":"1050 ST","material":"ST","surveyed":"20201014"},"geometry":{"type":"LineString","coordinates":[[-2.746856,53.658324],[-2.747232,53.65863],[-2.747632,53.658949],[-2.747523,53.659282],[-2.747406,53.659622],[-2.747289,53.659956],[-2.747172,53.660293],[-2.747063,53.66061]]}},{"type":"Feature","properties":{"pressure":"HPN","kind":"main","spec":"1050 ST","material":"ST","surveyed":"20201014"},"geometry":{"type":"LineString","coordinates":[[-2.7433,53.666262],[-2.743067,53.666281]]}},{"type":"Feature","properties":{"pressure":"HPN","kind":"main","spec":"1050 ST","material":"ST","surveyed":"20201014"},"geometry":{"type":"LineString","coordinates":[[-2.745566,53.665157],[-2.745096,53.665822],[-2.7433,53.666262]]}},{"type":"Feature","properties":{"pressure":"HPN","kind":"main","spec":"1050 ST","material":"ST","surveyed":"20201014"},"geometry":{"type":"LineString","coordinates":[[-2.734684,53.619355],[-2.733016,53.619312]]}},{"type":"Feature","properties":{"pressure":"HPN","kind":"main","spec":"1050 ST","material":"ST","surveyed":"20201014"},"geometry":{"type":"LineString","coordinates":[[-2.733016,53.619312],[-2.727365,53.620327]]}},{"type":"Feature","properties":{"pressure":"HPN","kind":"main","spec":"1050 ST","material":"ST","surveyed":"20201014"},"geometry":{"type":"LineString","coordinates":[[-2.742225,53.618323],[-2.740958,53.618528],[-2.739074,53.618712],[-2.73749,53.619037],[-2.736557,53.619189],[-2.7352,53.619367],[-2.734684,53.619355]]}},{"type":"Feature","properties":{"pressure":"HPN","kind":"main","spec":"1050 ST","material":"ST","surveyed":"20201014"},"geometry":{"type":"LineString","coordinates":[[-2.73888,53.629244],[-2.738878,53.629239],[-2.738503,53.628534],[-2.738991,53.627082]]}},{"type":"Feature","properties":{"pressure":"HPN","kind":"main","spec":"1050 ST","material":"ST","surveyed":"20201014"},"geometry":{"type":"LineString","coordinates":[[-2.742014,53.624731],[-2.741406,53.625187],[-2.739969,53.62628],[-2.738991,53.627082]]}},{"type":"Feature","properties":{"pressure":"HPN","kind":"main","spec":"1050 ST","material":"ST","surveyed":"20250109"},"geometry":{"type":"LineString","coordinates":[[-2.727365,53.620327],[-2.727142,53.620366]]}},{"type":"Feature","properties":{"pressure":"HPN","kind":"main","spec":"1050 ST","material":"ST","surveyed":"20201014"},"geometry":{"type":"LineString","coordinates":[[-2.742333,53.62449],[-2.742014,53.624731]]}},{"type":"Feature","properties":{"pressure":"HPN","kind":"main","spec":"1050 ST","material":"ST","surveyed":"20201014"},"geometry":{"type":"LineString","coordinates":[[-2.74251,53.634549],[-2.742508,53.634552],[-2.742058,53.635383],[-2.741614,53.636216]]}},{"type":"Feature","properties":{"pressure":"HPN","kind":"main","spec":"1050 ST","material":"ST","surveyed":"20201014"},"geometry":{"type":"LineString","coordinates":[[-2.741614,53.636216],[-2.741207,53.636468],[-2.740169,53.637103],[-2.74007,53.637744],[-2.740015,53.638064],[-2.739985,53.638222],[-2.739984,53.638226]]}},{"type":"Feature","properties":{"pressure":"HPN","kind":"main","spec":"1050 ST","material":"ST","surveyed":"20201014"},"geometry":{"type":"LineString","coordinates":[[-2.741726,53.632529],[-2.740865,53.632374],[-2.739298,53.630028],[-2.73888,53.629244]]}},{"type":"Feature","properties":{"pressure":"HPN","kind":"main","spec":"1050 ST","material":"ST","surveyed":"20201014"},"geometry":{"type":"LineString","coordinates":[[-2.742485,53.633138],[-2.74244,53.633102],[-2.742091,53.63282],[-2.741726,53.632529]]}},{"type":"Feature","properties":{"pressure":"HPN","kind":"main","spec":"1050 ST","material":"ST","surveyed":"20201014"},"geometry":{"type":"LineString","coordinates":[[-2.739524,53.642723],[-2.739525,53.642984],[-2.740036,53.643584]]}},{"type":"Feature","properties":{"pressure":"HPN","kind":"main","spec":"1050 ST","material":"ST","surveyed":"20201014"},"geometry":{"type":"LineString","coordinates":[[-2.740036,53.643584],[-2.741417,53.644915],[-2.742393,53.645977]]}},{"type":"Feature","properties":{"pressure":"HPN","kind":"main","spec":"1050 ST","material":"ST","surveyed":"20201014"},"geometry":{"type":"LineString","coordinates":[[-2.742718,53.646396],[-2.742684,53.646284],[-2.742393,53.645977]]}},{"type":"Feature","properties":{"pressure":"HPN","kind":"main","spec":"1050 ST","material":"ST","surveyed":"20201014"},"geometry":{"type":"LineString","coordinates":[[-2.739984,53.638226],[-2.739962,53.638339]]}},{"type":"Feature","properties":{"pressure":"HPN","kind":"main","spec":"1050 ST","material":"ST","surveyed":"20201014"},"geometry":{"type":"LineString","coordinates":[[-2.740558,53.640666],[-2.739565,53.641254],[-2.739524,53.642612],[-2.739524,53.642711],[-2.739524,53.642723]]}},{"type":"Feature","properties":{"pressure":"HPN","kind":"main","spec":"1050 ST","material":"ST","surveyed":"20201014"},"geometry":{"type":"LineString","coordinates":[[-2.739962,53.638339],[-2.739955,53.63868],[-2.739954,53.639018],[-2.739959,53.639347],[-2.739961,53.63951],[-2.74002,53.639833],[-2.740079,53.640154],[-2.740313,53.640405],[-2.740558,53.640666]]}},{"type":"Feature","properties":{"pressure":"HPN","kind":"main","spec":"1050 ST","material":"ST","surveyed":"20201014"},"geometry":{"type":"LineString","coordinates":[[-2.738148,53.669697],[-2.738189,53.669994],[-2.737951,53.670788],[-2.737669,53.67183],[-2.737451,53.672689]]}},{"type":"Feature","properties":{"pressure":"HPN","kind":"main","spec":"1050 ST","material":"ST","surveyed":"20201014"},"geometry":{"type":"LineString","coordinates":[[-2.737451,53.672689],[-2.737825,53.673441],[-2.737856,53.674054]]}},{"type":"Feature","properties":{"pressure":"HPN","kind":"main","spec":"1050 ST","material":"ST","surveyed":"20201014"},"geometry":{"type":"LineString","coordinates":[[-2.737856,53.674054],[-2.737858,53.674184],[-2.737858,53.674193]]}},{"type":"Feature","properties":{"pressure":"HPN","kind":"main","spec":"1050 ST","material":"ST","surveyed":"20201014"},"geometry":{"type":"LineString","coordinates":[[-2.743067,53.666281],[-2.743066,53.666281],[-2.742952,53.666291]]}},{"type":"Feature","properties":{"pressure":"HPN","kind":"main","spec":"1050 ST","material":"ST","surveyed":"20201014"},"geometry":{"type":"LineString","coordinates":[[-2.738126,53.669553],[-2.738148,53.669697]]}},{"type":"Feature","properties":{"pressure":"HPN","kind":"main","spec":"1050 ST","material":"ST","surveyed":"20201014"},"geometry":{"type":"LineString","coordinates":[[-2.738126,53.669553],[-2.737965,53.668844],[-2.738654,53.667641]]}},{"type":"Feature","properties":{"pressure":"HPN","kind":"main","spec":"1050 ST","material":"ST","surveyed":"20201014"},"geometry":{"type":"LineString","coordinates":[[-2.742952,53.666291],[-2.742391,53.666359],[-2.739572,53.666706],[-2.739437,53.666733],[-2.739048,53.66701],[-2.738656,53.667288],[-2.738654,53.667641]]}},{"type":"Feature","properties":{"pressure":"HPN","kind":"main","spec":"1050 ST","material":"ST","surveyed":"20201014"},"geometry":{"type":"LineString","coordinates":[[-2.714456,53.611416],[-2.714452,53.611411],[-2.714404,53.611359],[-2.71396,53.611165],[-2.713519,53.610973],[-2.712852,53.610682],[-2.712653,53.610353],[-2.711855,53.609053],[-2.711833,53.609017]]}},{"type":"Feature","properties":{"pressure":"HPN","kind":"main","spec":"1050 ST","material":"ST","surveyed":"20201014"},"geometry":{"type":"LineString","coordinates":[[-2.719518,53.616537],[-2.719516,53.616535],[-2.718661,53.615885]]}},{"type":"Feature","properties":{"pressure":"HPN","kind":"main","spec":"1050 ST","material":"ST","surveyed":"20201014"},"geometry":{"type":"LineString","coordinates":[[-2.726936,53.620329],[-2.725239,53.619978],[-2.722828,53.618984],[-2.722331,53.618782],[-2.721362,53.618387],[-2.72042,53.617222],[-2.719518,53.616537]]}},{"type":"Feature","properties":{"pressure":"HPN","kind":"main","spec":"1050 ST","material":"ST","surveyed":"20201014"},"geometry":{"type":"LineString","coordinates":[[-2.718661,53.615885],[-2.718325,53.615629],[-2.717991,53.615374],[-2.717661,53.615119],[-2.717443,53.614792],[-2.717235,53.614469],[-2.717024,53.614143],[-2.716815,53.613819],[-2.716574,53.613482]]}},{"type":"Feature","properties":{"pressure":"HPN","kind":"main","spec":"1050 ST","material":"ST","surveyed":"20201014"},"geometry":{"type":"LineString","coordinates":[[-2.714569,53.611539],[-2.714456,53.611416]]}},{"type":"Feature","properties":{"pressure":"HPN","kind":"main","spec":"1050 ST","material":"ST","surveyed":"20201014"},"geometry":{"type":"LineString","coordinates":[[-2.716574,53.613482],[-2.716267,53.613172],[-2.715747,53.612655],[-2.714569,53.611539]]}},{"type":"Feature","properties":{"pressure":"HPN","kind":"main","spec":"1050 ST","material":"ST","surveyed":"20201014"},"geometry":{"type":"LineString","coordinates":[[-2.727142,53.620366],[-2.727125,53.62037],[-2.726936,53.620329]]}},{"type":"Feature","properties":{"pressure":"HPN","kind":"main","spec":"1050 ST","material":"ST","surveyed":"20201014"},"geometry":{"type":"LineString","coordinates":[[-2.705361,53.602481],[-2.705258,53.602434],[-2.704689,53.602485]]}},{"type":"Feature","properties":{"pressure":"HPN","kind":"main","spec":"1050 ST","material":"ST","surveyed":"20201014"},"geometry":{"type":"LineString","coordinates":[[-2.711119,53.607813],[-2.710753,53.607226],[-2.710529,53.606945],[-2.710528,53.606945]]}},{"type":"Feature","properties":{"pressure":"HPN","kind":"main","spec":"1050 ST","material":"ST","surveyed":"20201014"},"geometry":{"type":"LineString","coordinates":[[-2.711833,53.609017],[-2.711119,53.607813]]}},{"type":"Feature","properties":{"pressure":"HPN","kind":"main","spec":"1050 ST","material":"ST","surveyed":"20251214"},"geometry":{"type":"LineString","coordinates":[[-2.704168,53.602532],[-2.702476,53.602686],[-2.701699,53.60301],[-2.699021,53.602698],[-2.696619,53.602867],[-2.696617,53.602867]]}},{"type":"Feature","properties":{"pressure":"HPN","kind":"main","spec":"1050 ST","material":"ST","surveyed":"20201014"},"geometry":{"type":"LineString","coordinates":[[-2.710528,53.606945],[-2.708187,53.604001],[-2.707214,53.603339],[-2.705361,53.602481]]}},{"type":"Feature","properties":{"pressure":"HPN","kind":"main","spec":"1050 ST","material":"ST","surveyed":"20201014"},"geometry":{"type":"LineString","coordinates":[[-2.704689,53.602485],[-2.704688,53.602485],[-2.704168,53.602532]]}},{"type":"Feature","properties":{"pressure":"HPN","kind":"main","spec":"1050 ST","material":"ST","surveyed":"20201014"},"geometry":{"type":"LineString","coordinates":[[-2.689061,53.602818],[-2.684849,53.602976],[-2.681532,53.603496],[-2.681516,53.603501]]}},{"type":"Feature","properties":{"pressure":"HPN","kind":"main","spec":"1050 ST","material":"ST","surveyed":"20241130"},"geometry":{"type":"LineString","coordinates":[[-2.696617,53.602867],[-2.6922,53.603173],[-2.689066,53.602818]]}},{"type":"Feature","properties":{"pressure":"HPN","kind":"main","spec":"1050 ST","material":"ST","surveyed":"20241130"},"geometry":{"type":"LineString","coordinates":[[-2.689066,53.602818],[-2.689061,53.602818]]}},{"type":"Feature","properties":{"pressure":"HPN","kind":"main","spec":"1050 ST","material":"ST","surveyed":"20201014"},"geometry":{"type":"LineString","coordinates":[[-2.666627,53.605232],[-2.666431,53.605266]]}},{"type":"Feature","properties":{"pressure":"HPN","kind":"main","spec":"1050 ST","material":"ST","surveyed":"20201014"},"geometry":{"type":"LineString","coordinates":[[-2.673999,53.606001],[-2.672437,53.606096],[-2.666627,53.605232]]}},{"type":"Feature","properties":{"pressure":"HPN","kind":"main","spec":"1050 ST","material":"ST","surveyed":"20201014"},"geometry":{"type":"LineString","coordinates":[[-2.681516,53.603501],[-2.678772,53.604154],[-2.678543,53.605094],[-2.674136,53.605992],[-2.674002,53.606001],[-2.673999,53.606001]]}},{"type":"Feature","properties":{"pressure":"HPN","kind":"main","spec":"1050 ST","material":"ST","surveyed":"20201014"},"geometry":{"type":"LineString","coordinates":[[-2.658876,53.605368],[-2.658852,53.605366],[-2.655196,53.60499],[-2.65317,53.604187],[-2.651307,53.60451]]}},{"type":"Feature","properties":{"pressure":"HPN","kind":"main","spec":"1050 ST","material":"ST","surveyed":"20201014"},"geometry":{"type":"LineString","coordinates":[[-2.665205,53.605492],[-2.660956,53.605583],[-2.658876,53.605368]]}},{"type":"Feature","properties":{"pressure":"HPN","kind":"main","spec":"1050 ST","material":"ST","surveyed":"20201014"},"geometry":{"type":"LineString","coordinates":[[-2.666431,53.605266],[-2.666409,53.60527],[-2.665205,53.605492]]}},{"type":"Feature","properties":{"pressure":"HPN","kind":"main","spec":"1050 ST","material":"ST","surveyed":"20201014"},"geometry":{"type":"LineString","coordinates":[[-2.643763,53.60534],[-2.643748,53.605339],[-2.641551,53.605202],[-2.638147,53.604502],[-2.636685,53.60414]]}},{"type":"Feature","properties":{"pressure":"HPN","kind":"main","spec":"1050 ST","material":"ST","surveyed":"20201014"},"geometry":{"type":"LineString","coordinates":[[-2.636685,53.60414],[-2.636184,53.60385]]}},{"type":"Feature","properties":{"pressure":"HPN","kind":"main","spec":"1050 ST","material":"ST","surveyed":"20201014"},"geometry":{"type":"LineString","coordinates":[[-2.645901,53.605451],[-2.643763,53.60534]]}},{"type":"Feature","properties":{"pressure":"HPN","kind":"main","spec":"1050 ST","material":"ST","surveyed":"20201014"},"geometry":{"type":"LineString","coordinates":[[-2.651307,53.60451],[-2.645901,53.605451]]}},{"type":"Feature","properties":{"pressure":"HPN","kind":"main","spec":"1050 ST","material":"ST","surveyed":"20240607"},"geometry":{"type":"LineString","coordinates":[[-2.62859,53.601304],[-2.623832,53.599639]]}},{"type":"Feature","properties":{"pressure":"HPN","kind":"main","spec":"1050 ST","material":"ST","surveyed":"20240607"},"geometry":{"type":"LineString","coordinates":[[-2.623832,53.599639],[-2.622024,53.59845]]}},{"type":"Feature","properties":{"pressure":"HPN","kind":"main","spec":"1050 ST","material":"ST","surveyed":"20250424"},"geometry":{"type":"LineString","coordinates":[[-2.62983,53.601725],[-2.628612,53.601312],[-2.62859,53.601304]]}},{"type":"Feature","properties":{"pressure":"HPN","kind":"main","spec":"1050 ST","material":"ST","surveyed":"20250424"},"geometry":{"type":"LineString","coordinates":[[-2.634435,53.602879],[-2.633158,53.602103],[-2.62983,53.601725]]}},{"type":"Feature","properties":{"pressure":"HPN","kind":"main","spec":"1050 ST","material":"ST","surveyed":"20201014"},"geometry":{"type":"LineString","coordinates":[[-2.622024,53.59845],[-2.621749,53.598269],[-2.620989,53.598179]]}},{"type":"Feature","properties":{"pressure":"HPN","kind":"main","spec":"1050 ST","material":"ST","surveyed":"20260603"},"geometry":{"type":"LineString","coordinates":[[-2.636184,53.60385],[-2.634436,53.602879],[-2.634435,53.602879]]}},{"type":"Feature","properties":{"pressure":"HPN","kind":"main","spec":"1050 ST","material":"ST","surveyed":"20201014"},"geometry":{"type":"LineString","coordinates":[[-2.613408,53.596428],[-2.613406,53.596427],[-2.612797,53.596403]]}},{"type":"Feature","properties":{"pressure":"HPN","kind":"main","spec":"1050 ST","material":"ST","surveyed":"20201014"},"geometry":{"type":"LineString","coordinates":[[-2.612797,53.596403],[-2.610397,53.595649],[-2.606084,53.594702],[-2.605828,53.594647]]}},{"type":"Feature","properties":{"pressure":"HPN","kind":"main","spec":"1050 ST","material":"ST","surveyed":"20201014"},"geometry":{"type":"LineString","coordinates":[[-2.620989,53.598179],[-2.620987,53.598179],[-2.619254,53.597976],[-2.614064,53.596463],[-2.613408,53.596428]]}},{"type":"Feature","properties":{"pressure":"HPN","kind":"main","spec":"1050 ST","material":"ST","surveyed":"20251215"},"geometry":{"type":"LineString","coordinates":[[-2.746179,53.690626],[-2.747055,53.691673],[-2.748344,53.691826]]}},{"type":"Feature","properties":{"pressure":"HPN","kind":"main","spec":"1050 ST","material":"ST","surveyed":"20251215"},"geometry":{"type":"LineString","coordinates":[[-2.745181,53.68763],[-2.745181,53.687632],[-2.745134,53.687985],[-2.744955,53.688989],[-2.746179,53.690626]]}},{"type":"Feature","properties":{"pressure":"HPN","kind":"main","spec":"1050 ST","material":"ST","surveyed":"20251215"},"geometry":{"type":"LineString","coordinates":[[-2.748525,53.692103],[-2.748517,53.692091],[-2.748344,53.691826]]}},{"type":"Feature","properties":{"pressure":"HPN","kind":"main","spec":"1050 ST","material":"ST","surveyed":"20201014"},"geometry":{"type":"LineString","coordinates":[[-2.745296,53.686684],[-2.745252,53.687006],[-2.745216,53.687318],[-2.745181,53.68763]]}},{"type":"Feature","properties":{"pressure":"HPN","kind":"main","spec":"1050 ST","material":"ST","surveyed":"20201014"},"geometry":{"type":"LineString","coordinates":[[-2.745296,53.686684],[-2.745043,53.686402],[-2.744788,53.686093],[-2.744507,53.685793],[-2.74339,53.684598]]}},{"type":"Feature","properties":{"pressure":"HPN","kind":"main","spec":"1050 ST","material":"ST","surveyed":"20220723"},"geometry":{"type":"LineString","coordinates":[[-2.739139,53.679787],[-2.738866,53.678681]]}},{"type":"Feature","properties":{"pressure":"HPN","kind":"main","spec":"1050 ST","material":"ST","surveyed":"20220723"},"geometry":{"type":"LineString","coordinates":[[-2.740197,53.683167],[-2.739702,53.6829],[-2.739668,53.682576],[-2.739634,53.682237],[-2.739292,53.680466],[-2.739207,53.680141],[-2.739139,53.679787]]}},{"type":"Feature","properties":{"pressure":"HPN","kind":"main","spec":"1050 ST","material":"ST","surveyed":"20201014"},"geometry":{"type":"LineString","coordinates":[[-2.738866,53.678681],[-2.738866,53.67868],[-2.738718,53.678102],[-2.739114,53.677717]]}},{"type":"Feature","properties":{"pressure":"HPN","kind":"main","spec":"1050 ST","material":"ST","surveyed":"20201014"},"geometry":{"type":"LineString","coordinates":[[-2.737858,53.674193],[-2.737876,53.67511],[-2.738247,53.676146],[-2.739114,53.677717]]}},{"type":"Feature","properties":{"pressure":"HPN","kind":"main","spec":"1050 ST","material":"ST","surveyed":"20250405"},"geometry":{"type":"LineString","coordinates":[[-2.74339,53.684598],[-2.743386,53.684594],[-2.743286,53.684488],[-2.743088,53.684277],[-2.7426,53.68411],[-2.742364,53.684025],[-2.742132,53.683939],[-2.74073,53.683422],[-2.740514,53.683338]]}},{"type":"Feature","properties":{"pressure":"HPN","kind":"main","spec":"1050 ST","material":"ST","surveyed":"20250405"},"geometry":{"type":"LineString","coordinates":[[-2.740514,53.683338],[-2.740197,53.683167]]}},{"type":"Feature","properties":{"pressure":"HPN","kind":"main","spec":"42 ST","material":"ST","surveyed":"20201014"},"geometry":{"type":"LineString","coordinates":[[-2.601643,53.49552],[-2.600784,53.495193],[-2.60078,53.495191]]}},{"type":"Feature","properties":{"pressure":"HPN","kind":"main","spec":"42 ST","material":"ST","surveyed":"20201014"},"geometry":{"type":"LineString","coordinates":[[-2.604427,53.496515],[-2.601643,53.49552]]}},{"type":"Feature","properties":{"pressure":"HPN","kind":"main","spec":"1050 ST","material":"ST","surveyed":"20260205"},"geometry":{"type":"LineString","coordinates":[[-2.577658,53.57461],[-2.575311,53.572653]]}},{"type":"Feature","properties":{"pressure":"HPN","kind":"main","spec":"1050 ST","material":"ST","surveyed":"20260205"},"geometry":{"type":"LineString","coordinates":[[-2.57908,53.576194],[-2.578956,53.576057],[-2.578684,53.575778],[-2.578423,53.575489],[-2.577658,53.57461]]}},{"type":"Feature","properties":{"pressure":"HPN","kind":"main","spec":"1050 ST","material":"ST","surveyed":"20201014"},"geometry":{"type":"LineString","coordinates":[[-2.586108,53.585148],[-2.586083,53.585141],[-2.585864,53.585081],[-2.583782,53.583353],[-2.583224,53.58067],[-2.583223,53.580668]]}},{"type":"Feature","properties":{"pressure":"HPN","kind":"main","spec":"1050 ST","material":"ST","surveyed":"20201014"},"geometry":{"type":"LineString","coordinates":[[-2.582967,53.580324],[-2.582964,53.580321],[-2.582303,53.57974],[-2.57908,53.576194]]}},{"type":"Feature","properties":{"pressure":"HPN","kind":"main","spec":"1050 ST","material":"ST","surveyed":"20201014"},"geometry":{"type":"LineString","coordinates":[[-2.583223,53.580668],[-2.583191,53.580529],[-2.582967,53.580324]]}},{"type":"Feature","properties":{"pressure":"HPN","kind":"main","spec":"1050 ST","material":"ST","surveyed":"20251214"},"geometry":{"type":"LineString","coordinates":[[-2.567669,53.565867],[-2.567666,53.565866],[-2.567473,53.565801],[-2.566463,53.564881],[-2.562677,53.563631],[-2.561395,53.563113],[-2.560434,53.5628]]}},{"type":"Feature","properties":{"pressure":"HPN","kind":"main","spec":"1050 ST","material":"ST","surveyed":"20251214"},"geometry":{"type":"LineString","coordinates":[[-2.569,53.567254],[-2.568999,53.567253],[-2.568073,53.565997],[-2.567669,53.565867]]}},{"type":"Feature","properties":{"pressure":"HPN","kind":"main","spec":"1050 ST","material":"ST","surveyed":"20260603"},"geometry":{"type":"LineString","coordinates":[[-2.560434,53.5628],[-2.560431,53.5628],[-2.560085,53.562687],[-2.560078,53.562684]]}},{"type":"Feature","properties":{"pressure":"HPN","kind":"main","spec":"1050 ST","material":"ST","surveyed":"20251128"},"geometry":{"type":"LineString","coordinates":[[-2.575311,53.572653],[-2.575308,53.572651],[-2.574201,53.571723]]}},{"type":"Feature","properties":{"pressure":"HPN","kind":"main","spec":"1050 ST","material":"ST","surveyed":"20201014"},"geometry":{"type":"LineString","coordinates":[[-2.574201,53.571723],[-2.574197,53.57172],[-2.573897,53.571462],[-2.572544,53.570523],[-2.571401,53.569356],[-2.569197,53.56752],[-2.569,53.567254]]}},{"type":"Feature","properties":{"pressure":"HPN","kind":"main","spec":"1050 ST","material":"ST","surveyed":"20201014"},"geometry":{"type":"LineString","coordinates":[[-2.552308,53.545701],[-2.552226,53.5456],[-2.552305,53.545477]]}},{"type":"Feature","properties":{"pressure":"HPN","kind":"main","spec":"1050 ST","material":"ST","surveyed":"20201014"},"geometry":{"type":"LineString","coordinates":[[-2.5537,53.548673],[-2.554471,53.547611],[-2.55501,53.547007],[-2.554944,53.546873],[-2.552822,53.546338],[-2.552309,53.545702],[-2.552308,53.545701]]}},{"type":"Feature","properties":{"pressure":"HPN","kind":"main","spec":"1050 ST","material":"ST","surveyed":"20201014"},"geometry":{"type":"LineString","coordinates":[[-2.552305,53.545477],[-2.552306,53.545476],[-2.552701,53.544861],[-2.552702,53.544859]]}},{"type":"Feature","properties":{"pressure":"HPN","kind":"main","spec":"1050 ST","material":"ST","surveyed":"20201014"},"geometry":{"type":"LineString","coordinates":[[-2.5537,53.548673],[-2.553515,53.549275],[-2.553496,53.54935]]}},{"type":"Feature","properties":{"pressure":"HPN","kind":"main","spec":"1050 ST","material":"ST","surveyed":"20251214"},"geometry":{"type":"LineString","coordinates":[[-2.552281,53.543622],[-2.548189,53.543421],[-2.545468,53.543545],[-2.544734,53.543547]]}},{"type":"Feature","properties":{"pressure":"HPN","kind":"main","spec":"1050 ST","material":"ST","surveyed":"20251218"},"geometry":{"type":"LineString","coordinates":[[-2.552702,53.544859],[-2.553334,53.543875],[-2.55305,53.54366],[-2.552282,53.543622],[-2.552281,53.543622]]}},{"type":"Feature","properties":{"pressure":"HPN","kind":"main","spec":"1050 ST","material":"ST","surveyed":"20201014"},"geometry":{"type":"LineString","coordinates":[[-2.556233,53.558326],[-2.556233,53.558325],[-2.555027,53.555478],[-2.554622,53.555008],[-2.554136,53.553841]]}},{"type":"Feature","properties":{"pressure":"HPN","kind":"main","spec":"1050 ST","material":"ST","surveyed":"20201014"},"geometry":{"type":"LineString","coordinates":[[-2.553496,53.54935],[-2.553296,53.550233]]}},{"type":"Feature","properties":{"pressure":"HPN","kind":"main","spec":"1050 ST","material":"ST","surveyed":"20201014"},"geometry":{"type":"LineString","coordinates":[[-2.554136,53.553841],[-2.553509,53.552325],[-2.553308,53.551533],[-2.553296,53.550233]]}},{"type":"Feature","properties":{"pressure":"HPN","kind":"main","spec":"1050 ST","material":"ST","surveyed":"20201014"},"geometry":{"type":"LineString","coordinates":[[-2.560078,53.562684],[-2.558843,53.562283],[-2.557744,53.56162]]}},{"type":"Feature","properties":{"pressure":"HPN","kind":"main","spec":"1050 ST","material":"ST","surveyed":"20201014"},"geometry":{"type":"LineString","coordinates":[[-2.557744,53.56162],[-2.556784,53.55966],[-2.556233,53.558326]]}},{"type":"Feature","properties":{"pressure":"HPN","kind":"main","spec":"1050 ST","material":"ST","surveyed":"20201014"},"geometry":{"type":"LineString","coordinates":[[-2.537018,53.530076],[-2.536117,53.529657],[-2.535982,53.528954],[-2.536071,53.528247],[-2.535557,53.527974],[-2.53406,53.526967]]}},{"type":"Feature","properties":{"pressure":"HPN","kind":"main","spec":"1050 ST","material":"ST","surveyed":"20260604"},"geometry":{"type":"LineString","coordinates":[[-2.538531,53.531441],[-2.537502,53.530302],[-2.537018,53.530076]]}},{"type":"Feature","properties":{"pressure":"HPN","kind":"main","spec":"1050 ST","material":"ST","surveyed":"20251215"},"geometry":{"type":"LineString","coordinates":[[-2.53406,53.526967],[-2.532444,53.52588],[-2.529423,53.525891]]}},{"type":"Feature","properties":{"pressure":"HPN","kind":"main","spec":"1050 ST","material":"ST","surveyed":"20251218"},"geometry":{"type":"LineString","coordinates":[[-2.542572,53.539569],[-2.542782,53.538993],[-2.540682,53.537132],[-2.538939,53.535934]]}},{"type":"Feature","properties":{"pressure":"HPN","kind":"main","spec":"1050 ST","material":"ST","surveyed":"20251218"},"geometry":{"type":"LineString","coordinates":[[-2.542542,53.540412],[-2.542572,53.539569]]}},{"type":"Feature","properties":{"pressure":"HPN","kind":"main","spec":"1050 ST","material":"ST","surveyed":"20260128"},"geometry":{"type":"LineString","coordinates":[[-2.538939,53.535934],[-2.538642,53.53573],[-2.538859,53.533925],[-2.539352,53.532349],[-2.538531,53.531441]]}},{"type":"Feature","properties":{"pressure":"HPN","kind":"main","spec":"1050 ST","material":"ST","surveyed":"20260604"},"geometry":{"type":"LineString","coordinates":[[-2.544734,53.543547],[-2.542038,53.543554],[-2.541965,53.541469],[-2.542515,53.541141],[-2.542542,53.540412]]}},{"type":"Feature","properties":{"pressure":"HPN","kind":"main","spec":"1050 ST","material":"ST","surveyed":"20251218"},"geometry":{"type":"LineString","coordinates":[[-2.52187,53.525004],[-2.51605,53.524629],[-2.515739,53.524151],[-2.514313,53.523808]]}},{"type":"Feature","properties":{"pressure":"HPN","kind":"main","spec":"1050 ST","material":"ST","surveyed":"20251218"},"geometry":{"type":"LineString","coordinates":[[-2.529423,53.525891],[-2.525722,53.525905]]}},{"type":"Feature","properties":{"pressure":"HPN","kind":"main","spec":"1050 ST","material":"ST","surveyed":"20251218"},"geometry":{"type":"LineString","coordinates":[[-2.525722,53.525905],[-2.52404,53.525722],[-2.523183,53.5252],[-2.521964,53.525011],[-2.52187,53.525004]]}},{"type":"Feature","properties":{"pressure":"HPN","kind":"main","spec":"1050 ST","material":"ST","surveyed":"20260604"},"geometry":{"type":"LineString","coordinates":[[-2.506709,53.518572],[-2.506539,53.518538]]}},{"type":"Feature","properties":{"pressure":"HPN","kind":"main","spec":"1050 ST","material":"ST","surveyed":"20260604"},"geometry":{"type":"LineString","coordinates":[[-2.506539,53.518538],[-2.505125,53.518221],[-2.504507,53.518107]]}},{"type":"Feature","properties":{"pressure":"HPN","kind":"main","spec":"1050 ST","material":"ST","surveyed":"20260604"},"geometry":{"type":"LineString","coordinates":[[-2.50894,53.522583],[-2.509189,53.522269],[-2.509439,53.521931],[-2.509803,53.521454],[-2.510089,53.521078],[-2.510476,53.520663],[-2.510772,53.52035],[-2.511342,53.519441],[-2.511204,53.519289],[-2.510366,53.519173],[-2.509764,53.519093],[-2.508878,53.518967],[-2.508542,53.518925],[-2.508062,53.518833],[-2.507225,53.518674],[-2.506709,53.518572]]}},{"type":"Feature","properties":{"pressure":"HPN","kind":"main","spec":"1050 ST","material":"ST","surveyed":"20250619"},"geometry":{"type":"LineString","coordinates":[[-2.504507,53.518107],[-2.499151,53.517115]]}},{"type":"Feature","properties":{"pressure":"HPN","kind":"main","spec":"1050 ST","material":"ST","surveyed":"20260204"},"geometry":{"type":"LineString","coordinates":[[-2.512768,53.523435],[-2.509787,53.523725],[-2.508518,53.523114],[-2.50894,53.522583]]}},{"type":"Feature","properties":{"pressure":"HPN","kind":"main","spec":"1050 ST","material":"ST","surveyed":"20260204"},"geometry":{"type":"LineString","coordinates":[[-2.514313,53.523808],[-2.512768,53.523435]]}},{"type":"Feature","properties":{"pressure":"HPN","kind":"main","spec":"1050 ST","material":"ST","surveyed":"20250218"},"geometry":{"type":"LineString","coordinates":[[-2.487738,53.513683],[-2.485488,53.511279]]}},{"type":"Feature","properties":{"pressure":"HPN","kind":"main","spec":"1050 ST","material":"ST","surveyed":"20250218"},"geometry":{"type":"LineString","coordinates":[[-2.483982,53.509441],[-2.485488,53.511279]]}},{"type":"Feature","properties":{"pressure":"HPN","kind":"main","spec":"1050 ST","material":"ST","surveyed":"20231026"},"geometry":{"type":"LineString","coordinates":[[-2.491585,53.514963],[-2.48995,53.514416],[-2.488166,53.514138],[-2.487738,53.513683]]}},{"type":"Feature","properties":{"pressure":"HPN","kind":"main","spec":"1050 ST","material":"ST","surveyed":"20201014"},"geometry":{"type":"LineString","coordinates":[[-2.499151,53.517115],[-2.498301,53.516958],[-2.493472,53.515898],[-2.493226,53.515513],[-2.491585,53.514963]]}},{"type":"Feature","properties":{"pressure":"HPN","kind":"main","spec":"1050 ST","material":"ST","surveyed":"20210326"},"geometry":{"type":"LineString","coordinates":[[-2.475307,53.50025],[-2.475357,53.500325],[-2.476197,53.502141],[-2.475128,53.503955],[-2.475131,53.504745]]}},{"type":"Feature","properties":{"pressure":"HPN","kind":"main","spec":"1050 ST","material":"ST","surveyed":"20201014"},"geometry":{"type":"LineString","coordinates":[[-2.474291,53.49576],[-2.47405,53.496333],[-2.473626,53.497743],[-2.475307,53.50025]]}},{"type":"Feature","properties":{"pressure":"HPN","kind":"main","spec":"1050 ST","material":"ST","surveyed":"20251021"},"geometry":{"type":"LineString","coordinates":[[-2.482226,53.509211],[-2.48389,53.509328],[-2.483982,53.509441]]}},{"type":"Feature","properties":{"pressure":"HPN","kind":"main","spec":"1050 ST","material":"ST","surveyed":"20250616"},"geometry":{"type":"LineString","coordinates":[[-2.475131,53.504745],[-2.475132,53.505209],[-2.475536,53.505894],[-2.475664,53.506762],[-2.475206,53.507769],[-2.476432,53.508446]]}},{"type":"Feature","properties":{"pressure":"HPN","kind":"main","spec":"1050 ST","material":"ST","surveyed":"20260604"},"geometry":{"type":"LineString","coordinates":[[-2.476432,53.508446],[-2.477177,53.508859],[-2.482226,53.509211]]}},{"type":"Feature","properties":{"pressure":"HPN","kind":"main","spec":"1050 ST","material":"ST","surveyed":"20201014"},"geometry":{"type":"LineString","coordinates":[[-2.603459,53.59405],[-2.602552,53.592966],[-2.602712,53.592342],[-2.601373,53.590754],[-2.599098,53.589578]]}},{"type":"Feature","properties":{"pressure":"HPN","kind":"main","spec":"1050 ST","material":"ST","surveyed":"20201014"},"geometry":{"type":"LineString","coordinates":[[-2.595983,53.587974],[-2.590604,53.586425]]}},{"type":"Feature","properties":{"pressure":"HPN","kind":"main","spec":"1050 ST","material":"ST","surveyed":"20201014"},"geometry":{"type":"LineString","coordinates":[[-2.598195,53.589103],[-2.598194,53.589103],[-2.595983,53.587974]]}},{"type":"Feature","properties":{"pressure":"HPN","kind":"main","spec":"1050 ST","material":"ST","surveyed":"20201014"},"geometry":{"type":"LineString","coordinates":[[-2.599098,53.589578],[-2.598195,53.589103]]}},{"type":"Feature","properties":{"pressure":"HPN","kind":"main","spec":"36 ST","material":"ST","surveyed":"20260603"},"geometry":{"type":"LineString","coordinates":[[-2.597691,53.602042],[-2.597512,53.602076],[-2.597475,53.602123],[-2.597681,53.602454],[-2.597638,53.602514],[-2.597093,53.602628],[-2.596543,53.602739],[-2.595172,53.603029],[-2.594912,53.603076]]}},{"type":"Feature","properties":{"pressure":"HPN","kind":"main","spec":"36 ST","material":"ST","surveyed":"20260603"},"geometry":{"type":"LineString","coordinates":[[-2.594912,53.603076],[-2.594879,53.603082]]}},{"type":"Feature","properties":{"pressure":"HPN","kind":"main","spec":"1050 ST","material":"ST","surveyed":"20201014"},"geometry":{"type":"LineString","coordinates":[[-2.605828,53.594647],[-2.603549,53.594154],[-2.603474,53.594068],[-2.603459,53.59405]]}},{"type":"Feature","properties":{"pressure":"HPN","kind":"main","spec":"36 ST","material":"ST","surveyed":"20211117"},"geometry":{"type":"LineString","coordinates":[[-2.591799,53.607591],[-2.591798,53.607591],[-2.590978,53.607967]]}},{"type":"Feature","properties":{"pressure":"HPN","kind":"main","spec":"36 ST","material":"ST","surveyed":"20211117"},"geometry":{"type":"LineString","coordinates":[[-2.590978,53.607967],[-2.590905,53.608002]]}},{"type":"Feature","properties":{"pressure":"HPN","kind":"main","spec":"36 ST","material":"ST","surveyed":"20260121"},"geometry":{"type":"LineString","coordinates":[[-2.594879,53.603082],[-2.594393,53.603174],[-2.593915,53.603698],[-2.593639,53.604897],[-2.593442,53.60579],[-2.593173,53.60699],[-2.591885,53.607553]]}},{"type":"Feature","properties":{"pressure":"HPN","kind":"main","spec":"36 ST","material":"ST","surveyed":"20260121"},"geometry":{"type":"LineString","coordinates":[[-2.591885,53.607553],[-2.591799,53.607591]]}},{"type":"Feature","properties":{"pressure":"HPN","kind":"main","spec":"36 ST","material":"ST","surveyed":"20201014"},"geometry":{"type":"LineString","coordinates":[[-2.593048,53.666009],[-2.592947,53.665899]]}},{"type":"Feature","properties":{"pressure":"HPN","kind":"main","spec":"36 ST","material":"ST","surveyed":"20201014"},"geometry":{"type":"LineString","coordinates":[[-2.592947,53.665899],[-2.591709,53.664582],[-2.591696,53.664568]]}},{"type":"Feature","properties":{"pressure":"HPN","kind":"main","spec":"36 ST","material":"ST","surveyed":"20201014"},"geometry":{"type":"LineString","coordinates":[[-2.597787,53.674974],[-2.597775,53.674954],[-2.597686,53.674805]]}},{"type":"Feature","properties":{"pressure":"HPN","kind":"main","spec":"36 ST","material":"ST","surveyed":"20201014"},"geometry":{"type":"LineString","coordinates":[[-2.597686,53.674805],[-2.597458,53.674068],[-2.597355,53.673726],[-2.59729,53.673572],[-2.597587,53.673162],[-2.597617,53.67313],[-2.597649,53.673097],[-2.597642,53.673065],[-2.596336,53.672504],[-2.596165,53.672428],[-2.595809,53.672286],[-2.595345,53.672096],[-2.594876,53.671897],[-2.594769,53.67104],[-2.5959,53.670489]]}},{"type":"Feature","properties":{"pressure":"HPN","kind":"main","spec":"36 ST","material":"ST","surveyed":"20201014"},"geometry":{"type":"LineString","coordinates":[[-2.5959,53.670489],[-2.595932,53.670474],[-2.59608,53.670403]]}},{"type":"Feature","properties":{"pressure":"HPN","kind":"main","spec":"36 ST","material":"ST","surveyed":"20201014"},"geometry":{"type":"LineString","coordinates":[[-2.59608,53.670403],[-2.596308,53.670297],[-2.596956,53.669974],[-2.597372,53.669859],[-2.597826,53.66957],[-2.598617,53.669057],[-2.59826,53.668476],[-2.596159,53.667794],[-2.593962,53.667036],[-2.593054,53.666016],[-2.593048,53.666009]]}},{"type":"Feature","properties":{"pressure":"HPN","kind":"main","spec":"1050 ST","material":"ST","surveyed":"20201014"},"geometry":{"type":"LineString","coordinates":[[-2.590604,53.586425],[-2.590599,53.586423],[-2.586108,53.585148]]}},{"type":"Feature","properties":{"pressure":"HPN","kind":"main","spec":"36 ST","material":"ST","surveyed":"20230504"},"geometry":{"type":"LineString","coordinates":[[-2.590905,53.608002],[-2.590904,53.608002],[-2.586212,53.610164],[-2.58616,53.610191],[-2.586123,53.610216],[-2.58608,53.610249],[-2.586056,53.610265],[-2.585992,53.610311],[-2.584585,53.611718],[-2.584502,53.612054]]}},{"type":"Feature","properties":{"pressure":"HPN","kind":"main","spec":"36 ST","material":"ST","surveyed":"20230504"},"geometry":{"type":"LineString","coordinates":[[-2.584502,53.612054],[-2.584492,53.612121]]}},{"type":"Feature","properties":{"pressure":"HPN","kind":"main","spec":"36 ST","material":"ST","surveyed":"20201014"},"geometry":{"type":"LineString","coordinates":[[-2.582396,53.616626],[-2.582414,53.618256],[-2.582448,53.61928],[-2.582376,53.620409],[-2.581664,53.620451],[-2.580939,53.621021],[-2.580808,53.621128]]}},{"type":"Feature","properties":{"pressure":"HPN","kind":"main","spec":"36 ST","material":"ST","surveyed":"20230504"},"geometry":{"type":"LineString","coordinates":[[-2.582395,53.616607],[-2.582396,53.616626]]}},{"type":"Feature","properties":{"pressure":"HPN","kind":"main","spec":"36 ST","material":"ST","surveyed":"20230504"},"geometry":{"type":"LineString","coordinates":[[-2.583424,53.613531],[-2.582421,53.613646],[-2.582386,53.613724],[-2.582395,53.616607]]}},{"type":"Feature","properties":{"pressure":"HPN","kind":"main","spec":"36 ST","material":"ST","surveyed":"20260603"},"geometry":{"type":"LineString","coordinates":[[-2.584492,53.612121],[-2.58432,53.613421],[-2.583488,53.613522]]}},{"type":"Feature","properties":{"pressure":"HPN","kind":"main","spec":"36 ST","material":"ST","surveyed":"20260603"},"geometry":{"type":"LineString","coordinates":[[-2.583488,53.613522],[-2.583439,53.613529],[-2.583424,53.613531]]}},{"type":"Feature","properties":{"pressure":"HPN","kind":"main","spec":"36 ST","material":"ST","surveyed":"20201014"},"geometry":{"type":"LineString","coordinates":[[-2.5836,53.630103],[-2.583597,53.630102],[-2.58332,53.630013]]}},{"type":"Feature","properties":{"pressure":"HPN","kind":"main","spec":"36 ST","material":"ST","surveyed":"20201014"},"geometry":{"type":"LineString","coordinates":[[-2.58332,53.630013],[-2.583279,53.629945],[-2.583621,53.62792],[-2.583623,53.62791]]}},{"type":"Feature","properties":{"pressure":"HPN","kind":"main","spec":"36 ST","material":"ST","surveyed":"20201014"},"geometry":{"type":"LineString","coordinates":[[-2.583592,53.625699],[-2.583521,53.625609]]}},{"type":"Feature","properties":{"pressure":"HPN","kind":"main","spec":"36 ST","material":"ST","surveyed":"20260603"},"geometry":{"type":"LineString","coordinates":[[-2.583623,53.62791],[-2.583889,53.626072],[-2.583592,53.6257],[-2.583592,53.625699]]}},{"type":"Feature","properties":{"pressure":"HPN","kind":"main","spec":"36 ST","material":"ST","surveyed":"20201014"},"geometry":{"type":"LineString","coordinates":[[-2.580769,53.62116],[-2.580615,53.621312],[-2.581677,53.622931],[-2.582278,53.623828],[-2.582854,53.624715],[-2.583513,53.625599]]}},{"type":"Feature","properties":{"pressure":"HPN","kind":"main","spec":"36 ST","material":"ST","surveyed":"20201014"},"geometry":{"type":"LineString","coordinates":[[-2.580808,53.621128],[-2.580769,53.62116]]}},{"type":"Feature","properties":{"pressure":"HPN","kind":"main","spec":"36 ST","material":"ST","surveyed":"20201014"},"geometry":{"type":"LineString","coordinates":[[-2.583521,53.625609],[-2.583513,53.625599]]}},{"type":"Feature","properties":{"pressure":"HPN","kind":"main","spec":"36 ST","material":"ST","surveyed":"20201014"},"geometry":{"type":"LineString","coordinates":[[-2.589573,53.638969],[-2.589215,53.63827]]}},{"type":"Feature","properties":{"pressure":"HPN","kind":"main","spec":"36 ST","material":"ST","surveyed":"20201014"},"geometry":{"type":"LineString","coordinates":[[-2.58961,53.639061],[-2.589601,53.639039],[-2.589573,53.638969]]}},{"type":"Feature","properties":{"pressure":"HPN","kind":"main","spec":"36 ST","material":"ST","surveyed":"20201014"},"geometry":{"type":"LineString","coordinates":[[-2.589215,53.63827],[-2.589098,53.638072],[-2.588918,53.637793],[-2.588688,53.63745],[-2.588561,53.637263],[-2.588419,53.637051],[-2.588218,53.636755],[-2.587979,53.636411],[-2.587813,53.636159],[-2.58764,53.635897],[-2.58747,53.635647],[-2.587316,53.635406],[-2.587134,53.635143],[-2.586803,53.634656],[-2.586758,53.634581]]}},{"type":"Feature","properties":{"pressure":"HPN","kind":"main","spec":"36 ST","material":"ST","surveyed":"20201014"},"geometry":{"type":"LineString","coordinates":[[-2.583653,53.630115],[-2.5836,53.630103]]}},{"type":"Feature","properties":{"pressure":"HPN","kind":"main","spec":"36 ST","material":"ST","surveyed":"20201014"},"geometry":{"type":"LineString","coordinates":[[-2.586724,53.634525],[-2.586104,53.632938],[-2.585468,53.63144],[-2.584308,53.630334],[-2.583688,53.630126],[-2.583657,53.630117]]}},{"type":"Feature","properties":{"pressure":"HPN","kind":"main","spec":"36 ST","material":"ST","surveyed":"20201014"},"geometry":{"type":"LineString","coordinates":[[-2.583657,53.630117],[-2.583653,53.630115]]}},{"type":"Feature","properties":{"pressure":"HPN","kind":"main","spec":"36 ST","material":"ST","surveyed":"20201014"},"geometry":{"type":"LineString","coordinates":[[-2.586758,53.634581],[-2.586748,53.634566],[-2.586724,53.634525]]}},{"type":"Feature","properties":{"pressure":"HPN","kind":"main","spec":"36 ST","material":"ST","surveyed":"20201014"},"geometry":{"type":"LineString","coordinates":[[-2.59064,53.643702],[-2.590611,53.643553],[-2.59061,53.643551]]}},{"type":"Feature","properties":{"pressure":"HPN","kind":"main","spec":"36 ST","material":"ST","surveyed":"20201014"},"geometry":{"type":"LineString","coordinates":[[-2.5908,53.648044],[-2.590402,53.644805],[-2.590817,53.644665],[-2.59064,53.643702]]}},{"type":"Feature","properties":{"pressure":"HPN","kind":"main","spec":"36 ST","material":"ST","surveyed":"20201014"},"geometry":{"type":"LineString","coordinates":[[-2.59061,53.643551],[-2.590593,53.64345],[-2.590489,53.642922],[-2.590435,53.642616],[-2.590398,53.642391]]}},{"type":"Feature","properties":{"pressure":"HPN","kind":"main","spec":"36 ST","material":"ST","surveyed":"20201014"},"geometry":{"type":"LineString","coordinates":[[-2.590398,53.642391],[-2.590322,53.642074],[-2.590243,53.641669],[-2.590175,53.641274],[-2.590165,53.64123],[-2.59012,53.641],[-2.590079,53.640718],[-2.590063,53.640624],[-2.590026,53.640406],[-2.590004,53.640323],[-2.589971,53.640125],[-2.589949,53.640005],[-2.589924,53.639884],[-2.589893,53.639744],[-2.58982,53.639585],[-2.58971,53.63931],[-2.58961,53.639061]]}},{"type":"Feature","properties":{"pressure":"HPN","kind":"main","spec":"36 ST","material":"ST","surveyed":"20190205"},"geometry":{"type":"LineString","coordinates":[[-2.590707,53.652538],[-2.590705,53.652563],[-2.590701,53.652663]]}},{"type":"Feature","properties":{"pressure":"HPN","kind":"main","spec":"36 ST","material":"ST","surveyed":"20190205"},"geometry":{"type":"LineString","coordinates":[[-2.589654,53.656931],[-2.589539,53.656143],[-2.589352,53.655132],[-2.589929,53.654559],[-2.590514,53.654017],[-2.590613,53.653915],[-2.590642,53.653425],[-2.590699,53.652845]]}},{"type":"Feature","properties":{"pressure":"HPN","kind":"main","spec":"36 ST","material":"ST","surveyed":"20190205"},"geometry":{"type":"LineString","coordinates":[[-2.58967,53.657038],[-2.589654,53.656931]]}},{"type":"Feature","properties":{"pressure":"HPN","kind":"main","spec":"36 ST","material":"ST","surveyed":"20190205"},"geometry":{"type":"LineString","coordinates":[[-2.590699,53.652845],[-2.590701,53.652663]]}},{"type":"Feature","properties":{"pressure":"HPN","kind":"main","spec":"36 ST","material":"ST","surveyed":"20190205"},"geometry":{"type":"LineString","coordinates":[[-2.590825,53.648224],[-2.591028,53.650213],[-2.590755,53.651643],[-2.590707,53.652538]]}},{"type":"Feature","properties":{"pressure":"HPN","kind":"main","spec":"36 ST","material":"ST","surveyed":"20190205"},"geometry":{"type":"LineString","coordinates":[[-2.590825,53.648224],[-2.5908,53.648046],[-2.5908,53.648044]]}},{"type":"Feature","properties":{"pressure":"HPN","kind":"main","spec":"36 ST","material":"ST","surveyed":"20201014"},"geometry":{"type":"LineString","coordinates":[[-2.591696,53.664568],[-2.591553,53.664412]]}},{"type":"Feature","properties":{"pressure":"HPN","kind":"main","spec":"36 ST","material":"ST","surveyed":"20201014"},"geometry":{"type":"LineString","coordinates":[[-2.591553,53.664412],[-2.5905,53.66322],[-2.591056,53.662934],[-2.591059,53.662885],[-2.590716,53.661534],[-2.590714,53.661527]]}},{"type":"Feature","properties":{"pressure":"HPN","kind":"main","spec":"36 ST","material":"ST","surveyed":"20201014"},"geometry":{"type":"LineString","coordinates":[[-2.590692,53.661436],[-2.590419,53.660276],[-2.590105,53.658956],[-2.589788,53.657581],[-2.589683,53.657119],[-2.589671,53.657039],[-2.58967,53.657038]]}},{"type":"Feature","properties":{"pressure":"HPN","kind":"main","spec":"36 ST","material":"ST","surveyed":"20201014"},"geometry":{"type":"LineString","coordinates":[[-2.590714,53.661527],[-2.590692,53.661436]]}},{"type":"Feature","properties":{"pressure":"HPN","kind":"main","spec":"36 ST","material":"ST","surveyed":"20201014"},"geometry":{"type":"LineString","coordinates":[[-2.596578,53.683864],[-2.596517,53.68396],[-2.596512,53.683969]]}},{"type":"Feature","properties":{"pressure":"HPN","kind":"main","spec":"36 ST","material":"ST","surveyed":"20201014"},"geometry":{"type":"LineString","coordinates":[[-2.597558,53.679469],[-2.598358,53.679861],[-2.598765,53.680061],[-2.598818,53.680149],[-2.598797,53.680181],[-2.598594,53.680514],[-2.598388,53.680847],[-2.598186,53.681182],[-2.597974,53.681513],[-2.59776,53.681843],[-2.597556,53.682179],[-2.597458,53.682349],[-2.597363,53.682518],[-2.597164,53.682852],[-2.596973,53.683192],[-2.596777,53.683528],[-2.596578,53.683864]]}},{"type":"Feature","properties":{"pressure":"HPN","kind":"main","spec":"36 ST","material":"ST","surveyed":"20201014"},"geometry":{"type":"LineString","coordinates":[[-2.597396,53.67939],[-2.596924,53.679125],[-2.596914,53.67909],[-2.596954,53.679052],[-2.597027,53.679018],[-2.59711,53.678974],[-2.597292,53.678887],[-2.597642,53.678722],[-2.597726,53.678617],[-2.597916,53.678393],[-2.59787,53.678077],[-2.597822,53.677762],[-2.597804,53.6776],[-2.597784,53.677434],[-2.597708,53.67695],[-2.598047,53.676691],[-2.598373,53.67644],[-2.598251,53.676096],[-2.59813,53.675752],[-2.598076,53.67557],[-2.597961,53.675222],[-2.59783,53.675047],[-2.597787,53.674974]]}},{"type":"Feature","properties":{"pressure":"HPN","kind":"main","spec":"36 ST","material":"ST","surveyed":"20201014"},"geometry":{"type":"LineString","coordinates":[[-2.597396,53.67939],[-2.597558,53.679469]]}},{"type":"Feature","properties":{"pressure":"HPN","kind":"main","spec":"36 ST","material":"ST","surveyed":"20251218"},"geometry":{"type":"LineString","coordinates":[[-2.599512,53.692193],[-2.599255,53.69193],[-2.598993,53.691674],[-2.59882,53.691551],[-2.598478,53.691314],[-2.598156,53.691032],[-2.597995,53.690892],[-2.597539,53.690532],[-2.597394,53.690413],[-2.597256,53.690298],[-2.59712,53.690186],[-2.596688,53.689842],[-2.59662,53.689496],[-2.596547,53.689142],[-2.596508,53.688973],[-2.596433,53.688631],[-2.596398,53.688463]]}},{"type":"Feature","properties":{"pressure":"HPN","kind":"main","spec":"36 ST","material":"ST","surveyed":"20251218"},"geometry":{"type":"LineString","coordinates":[[-2.599658,53.692328],[-2.59965,53.69232],[-2.599512,53.692193]]}},{"type":"Feature","properties":{"pressure":"HPN","kind":"main","spec":"36 ST","material":"ST","surveyed":"20260117"},"geometry":{"type":"LineString","coordinates":[[-2.600306,53.692938],[-2.600199,53.692832]]}},{"type":"Feature","properties":{"pressure":"HPN","kind":"main","spec":"36 ST","material":"ST","surveyed":"20260117"},"geometry":{"type":"LineString","coordinates":[[-2.600199,53.692832],[-2.599927,53.692578],[-2.599785,53.692446],[-2.599658,53.692328]]}},{"type":"Feature","properties":{"pressure":"HPN","kind":"main","spec":"36 ST","material":"ST","surveyed":"20210216"},"geometry":{"type":"LineString","coordinates":[[-2.596512,53.683969],[-2.596416,53.684126],[-2.59621,53.684457],[-2.596107,53.684623],[-2.595904,53.684953],[-2.595853,53.685311],[-2.595773,53.685848],[-2.595847,53.686181],[-2.595924,53.686513],[-2.596001,53.686841],[-2.596277,53.688001],[-2.596307,53.688136],[-2.596388,53.688415]]}},{"type":"Feature","properties":{"pressure":"HPN","kind":"main","spec":"36 ST","material":"ST","surveyed":"20210216"},"geometry":{"type":"LineString","coordinates":[[-2.596398,53.688463],[-2.596398,53.688461],[-2.596388,53.688415]]}},{"type":"Feature","properties":{"pressure":"HPN","kind":"main","spec":"600 ST","material":"ST","surveyed":"20150606"},"geometry":{"type":"LineString","coordinates":[[-3.052253,53.239025],[-3.052363,53.239049],[-3.053007,53.239546],[-3.054454,53.239745],[-3.05521,53.239286],[-3.055485,53.239304]]}},{"type":"Feature","properties":{"pressure":"HPN","kind":"main","spec":"750 ST","material":"ST","surveyed":"20150606"},"geometry":{"type":"LineString","coordinates":[[-3.052253,53.239025],[-3.052091,53.239412],[-3.051935,53.239542],[-3.051532,53.23965],[-3.050407,53.239863],[-3.050324,53.239871]]}},{"type":"Feature","properties":{"pressure":"HPN","kind":"main","spec":"750 ST","material":"ST","surveyed":"20150606"},"geometry":{"type":"LineString","coordinates":[[-3.054018,53.237324],[-3.054215,53.237325],[-3.054222,53.237693],[-3.053945,53.238254],[-3.05394,53.238257],[-3.052342,53.238823],[-3.052253,53.239025]]}},{"type":"Feature","properties":{"pressure":"HPN","kind":"main","spec":"750 ST","material":"ST","surveyed":"20120319"},"geometry":{"type":"LineString","coordinates":[[-3.050324,53.239871],[-3.048656,53.240032],[-3.047551,53.240141],[-3.044791,53.240412]]}},{"type":"Feature","properties":{"pressure":"HPN","kind":"main","spec":"750 ST","material":"ST","surveyed":"20120319"},"geometry":{"type":"LineString","coordinates":[[-3.044791,53.240412],[-3.044501,53.240443]]}},{"type":"Feature","properties":{"pressure":"HPN","kind":"main","spec":"750 ST","material":"ST","surveyed":"20120320"},"geometry":{"type":"LineString","coordinates":[[-3.04285,53.240602],[-3.04217,53.240666],[-3.038674,53.240883],[-3.038225,53.240887],[-3.036842,53.240811],[-3.036005,53.240813],[-3.035368,53.240929],[-3.035366,53.24093]]}},{"type":"Feature","properties":{"pressure":"HPN","kind":"main","spec":"750 ST","material":"ST","surveyed":"20120319"},"geometry":{"type":"LineString","coordinates":[[-3.044501,53.240443],[-3.044456,53.240448],[-3.044179,53.240475],[-3.042854,53.240601],[-3.04285,53.240602]]}},{"type":"Feature","properties":{"pressure":"HPN","kind":"main","spec":"750 ST","material":"ST","surveyed":"20120320"},"geometry":{"type":"LineString","coordinates":[[-3.027863,53.240503],[-3.027862,53.240503],[-3.02762,53.240445]]}},{"type":"Feature","properties":{"pressure":"HPN","kind":"main","spec":"750 ST","material":"ST","surveyed":"20120320"},"geometry":{"type":"LineString","coordinates":[[-3.020675,53.238787],[-3.020328,53.238712]]}},{"type":"Feature","properties":{"pressure":"HPN","kind":"main","spec":"750 ST","material":"ST","surveyed":"20120320"},"geometry":{"type":"LineString","coordinates":[[-3.02762,53.240445],[-3.026827,53.240245],[-3.025407,53.239915],[-3.023924,53.239565],[-3.022285,53.239172],[-3.020675,53.238787]]}},{"type":"Feature","properties":{"pressure":"HPN","kind":"main","spec":"750 ST","material":"ST","surveyed":"20120320"},"geometry":{"type":"LineString","coordinates":[[-3.02819,53.240585],[-3.027863,53.240503]]}},{"type":"Feature","properties":{"pressure":"HPN","kind":"main","spec":"750 ST","material":"ST","surveyed":"20120320"},"geometry":{"type":"LineString","coordinates":[[-3.032273,53.240827],[-3.03209,53.24088],[-3.031664,53.241419],[-3.030598,53.241165],[-3.028198,53.240586],[-3.02819,53.240585]]}},{"type":"Feature","properties":{"pressure":"HPN","kind":"main","spec":"750 ST","material":"ST","surveyed":"20120320"},"geometry":{"type":"LineString","coordinates":[[-3.035366,53.24093],[-3.034734,53.241043],[-3.034157,53.241046],[-3.032273,53.240827]]}},{"type":"Feature","properties":{"pressure":"HPN","kind":"main","spec":"750 ST","material":"ST","surveyed":"20120320"},"geometry":{"type":"LineString","coordinates":[[-3.012794,53.236939],[-3.012446,53.236859],[-3.011641,53.236699],[-3.011477,53.236688],[-3.011374,53.236728],[-3.007824,53.239323],[-3.00707,53.239852],[-3.006964,53.23994],[-3.006809,53.240037],[-3.00669,53.240084]]}},{"type":"Feature","properties":{"pressure":"HPN","kind":"main","spec":"750MM ST","diameter_mm":750,"material":"ST","surveyed":"20120320"},"geometry":{"type":"LineString","coordinates":[[-3.00669,53.240085],[-3.005384,53.240375],[-3.005383,53.240375]]}},{"type":"Feature","properties":{"pressure":"HPN","kind":"main","spec":"750 ST","material":"ST","surveyed":"20120320"},"geometry":{"type":"LineString","coordinates":[[-3.013062,53.237],[-3.012794,53.236939]]}},{"type":"Feature","properties":{"pressure":"HPN","kind":"main","spec":"750 ST","material":"ST","surveyed":"20120320"},"geometry":{"type":"LineString","coordinates":[[-3.020328,53.238712],[-3.020112,53.238664]]}},{"type":"Feature","properties":{"pressure":"HPN","kind":"main","spec":"750 ST","material":"ST","surveyed":"20120320"},"geometry":{"type":"LineString","coordinates":[[-3.020112,53.238664],[-3.015162,53.237501],[-3.013062,53.237]]}},{"type":"Feature","properties":{"pressure":"HPN","kind":"main","spec":"750MM ST","diameter_mm":750,"material":"ST","surveyed":"20120320"},"geometry":{"type":"LineString","coordinates":[[-3.005383,53.240375],[-3.004629,53.240543],[-3.004398,53.24061],[-3.004122,53.240787],[-3.004118,53.24079]]}},{"type":"Feature","properties":{"pressure":"HPN","kind":"main","spec":"750 ST","material":"ST","surveyed":"20120319"},"geometry":{"type":"LineString","coordinates":[[-2.997962,53.245336],[-2.997961,53.245337],[-2.996962,53.246077],[-2.995749,53.246271],[-2.994864,53.246894],[-2.992323,53.246528],[-2.99154,53.246592],[-2.990549,53.246859]]}},{"type":"Feature","properties":{"pressure":"HPN","kind":"main","spec":"750 ST","material":"ST","surveyed":"20120319"},"geometry":{"type":"LineString","coordinates":[[-2.998006,53.245303],[-2.997962,53.245336]]}},{"type":"Feature","properties":{"pressure":"HPN","kind":"main","spec":"750 ST","material":"ST","surveyed":"20120319"},"geometry":{"type":"LineString","coordinates":[[-2.998203,53.245157],[-2.998006,53.245303]]}},{"type":"Feature","properties":{"pressure":"HPN","kind":"main","spec":"750MM ST","diameter_mm":750,"material":"ST","surveyed":"20120319"},"geometry":{"type":"LineString","coordinates":[[-3.004118,53.24079],[-3.003825,53.240979],[-3.003673,53.241058],[-3.003486,53.241127],[-3.003299,53.241169],[-3.003261,53.241176],[-3.003079,53.241191],[-3.002846,53.241222],[-3.002687,53.241276],[-3.002547,53.241353],[-3.000696,53.242857],[-2.998903,53.244172],[-2.998809,53.244249],[-2.998747,53.244336],[-2.998309,53.245029],[-2.998251,53.245115],[-2.998203,53.245159]]}},{"type":"Feature","properties":{"pressure":"HPN","kind":"main","spec":"750 ST","material":"ST","surveyed":"20120319"},"geometry":{"type":"LineString","coordinates":[[-2.98308,53.247921],[-2.980245,53.248295],[-2.979839,53.248602],[-2.979362,53.248632],[-2.977389,53.247639],[-2.975569,53.247168]]}},{"type":"Feature","properties":{"pressure":"HPN","kind":"main","spec":"750 ST","material":"ST","surveyed":"20120319"},"geometry":{"type":"LineString","coordinates":[[-2.990549,53.246859],[-2.99025,53.246942]]}},{"type":"Feature","properties":{"pressure":"HPN","kind":"main","spec":"750 ST","material":"ST","surveyed":"20120319"},"geometry":{"type":"LineString","coordinates":[[-2.99025,53.246942],[-2.989204,53.247102],[-2.988596,53.247043],[-2.985869,53.247363],[-2.984738,53.248015],[-2.98438,53.247966],[-2.984199,53.247943]]}},{"type":"Feature","properties":{"pressure":"HPN","kind":"main","spec":"750 ST","material":"ST","surveyed":"20120319"},"geometry":{"type":"LineString","coordinates":[[-2.984199,53.247943],[-2.983545,53.24786],[-2.98308,53.247921]]}},{"type":"Feature","properties":{"pressure":"HPN","kind":"main","spec":"200 ST","material":"ST","surveyed":"20120319"},"geometry":{"type":"LineString","coordinates":[[-2.984199,53.247943],[-2.984083,53.248209],[-2.983726,53.248661],[-2.983815,53.248689]]}},{"type":"Feature","properties":{"pressure":"HPN","kind":"main","spec":"750 ST","material":"ST","surveyed":"20120319"},"geometry":{"type":"LineString","coordinates":[[-2.971289,53.247103],[-2.970205,53.246463],[-2.968044,53.245757]]}},{"type":"Feature","properties":{"pressure":"HPN","kind":"main","spec":"750 ST","material":"ST","surveyed":"20120319"},"geometry":{"type":"LineString","coordinates":[[-2.975569,53.247168],[-2.975307,53.247102],[-2.972206,53.247604],[-2.971289,53.247103]]}},{"type":"Feature","properties":{"pressure":"HPN","kind":"main","spec":"750 ST","material":"ST","surveyed":"20201018"},"geometry":{"type":"LineString","coordinates":[[-2.967532,53.245587],[-2.965453,53.244889],[-2.961701,53.245162],[-2.961073,53.24528]]}},{"type":"Feature","properties":{"pressure":"HPN","kind":"main","spec":"750 ST","material":"ST","surveyed":"20201018"},"geometry":{"type":"LineString","coordinates":[[-2.961073,53.24528],[-2.960542,53.245375]]}},{"type":"Feature","properties":{"pressure":"HPN","kind":"main","spec":"750 ST","material":"ST","surveyed":"20201018"},"geometry":{"type":"LineString","coordinates":[[-2.959097,53.245655],[-2.958896,53.245716],[-2.958083,53.245946],[-2.957772,53.24594],[-2.957624,53.245921],[-2.956747,53.245674]]}},{"type":"Feature","properties":{"pressure":"HPN","kind":"main","spec":"750 ST","material":"ST","surveyed":"20201018"},"geometry":{"type":"LineString","coordinates":[[-2.953037,53.244813],[-2.952167,53.244827]]}},{"type":"Feature","properties":{"pressure":"HPN","kind":"main","spec":"750 ST","material":"ST","surveyed":"20201018"},"geometry":{"type":"LineString","coordinates":[[-2.952167,53.244827],[-2.950101,53.245239],[-2.947634,53.245178],[-2.945541,53.244576],[-2.945539,53.244576]]}},{"type":"Feature","properties":{"pressure":"HPN","kind":"main","spec":"750 ST","material":"ST","surveyed":"20201018"},"geometry":{"type":"LineString","coordinates":[[-2.956747,53.245674],[-2.953733,53.244826],[-2.953455,53.244807],[-2.953042,53.244812],[-2.953037,53.244813]]}},{"type":"Feature","properties":{"pressure":"HPN","kind":"main","spec":"750 ST","material":"ST","surveyed":"20201018"},"geometry":{"type":"LineString","coordinates":[[-2.95941,53.24556],[-2.959099,53.245655],[-2.959097,53.245655]]}},{"type":"Feature","properties":{"pressure":"HPN","kind":"main","spec":"750 ST","material":"ST","surveyed":"20201018"},"geometry":{"type":"LineString","coordinates":[[-2.960542,53.245375],[-2.960541,53.245376],[-2.95941,53.24556]]}},{"type":"Feature","properties":{"pressure":"HPN","kind":"main","spec":"750 ST","material":"ST","surveyed":"20201018"},"geometry":{"type":"LineString","coordinates":[[-2.930878,53.243008],[-2.930519,53.243017]]}},{"type":"Feature","properties":{"pressure":"HPN","kind":"main","spec":"750 ST","material":"ST","surveyed":"20201018"},"geometry":{"type":"LineString","coordinates":[[-2.93801,53.242936],[-2.93727,53.242919],[-2.936623,53.242904],[-2.935792,53.242942],[-2.933603,53.24303],[-2.93238,53.243082],[-2.931453,53.24301],[-2.931218,53.243],[-2.930878,53.243008]]}},{"type":"Feature","properties":{"pressure":"HPN","kind":"main","spec":"750 ST","material":"ST","surveyed":"20201018"},"geometry":{"type":"LineString","coordinates":[[-2.939296,53.242976],[-2.941405,53.242527],[-2.943864,53.244251]]}},{"type":"Feature","properties":{"pressure":"HPN","kind":"main","spec":"750 ST","material":"ST","surveyed":"20201018"},"geometry":{"type":"LineString","coordinates":[[-2.939296,53.242976],[-2.938156,53.24294]]}},{"type":"Feature","properties":{"pressure":"HPN","kind":"main","spec":"750 ST","material":"ST","surveyed":"20201018"},"geometry":{"type":"LineString","coordinates":[[-2.938156,53.24294],[-2.93801,53.242936]]}},{"type":"Feature","properties":{"pressure":"HPN","kind":"main","spec":"750 ST","material":"ST","surveyed":"20201018"},"geometry":{"type":"LineString","coordinates":[[-2.945539,53.244576],[-2.944799,53.244367],[-2.944516,53.244345]]}},{"type":"Feature","properties":{"pressure":"HPN","kind":"main","spec":"750 ST","material":"ST","surveyed":"20201018"},"geometry":{"type":"LineString","coordinates":[[-2.944516,53.244345],[-2.943864,53.244251]]}},{"type":"Feature","properties":{"pressure":"HPN","kind":"main","spec":"750 ST","material":"ST","surveyed":"20201018"},"geometry":{"type":"LineString","coordinates":[[-2.923044,53.243822],[-2.919444,53.244608],[-2.919265,53.244637],[-2.915919,53.245044],[-2.915772,53.245097],[-2.91559,53.245188],[-2.91558,53.245193]]}},{"type":"Feature","properties":{"pressure":"HPN","kind":"main","spec":"750 ST","material":"ST","surveyed":"20250628"},"geometry":{"type":"LineString","coordinates":[[-2.930519,53.243017],[-2.92972,53.243034],[-2.928216,53.243066],[-2.925366,53.243115],[-2.92513,53.243172],[-2.923939,53.2436],[-2.923797,53.243645]]}},{"type":"Feature","properties":{"pressure":"HPN","kind":"main","spec":"750 ST","material":"ST","surveyed":"20250628"},"geometry":{"type":"LineString","coordinates":[[-2.923797,53.243645],[-2.923607,53.2437],[-2.923044,53.243822]]}},{"type":"Feature","properties":{"pressure":"HPN","kind":"main","spec":"750 ST","material":"ST","surveyed":"20250920"},"geometry":{"type":"LineString","coordinates":[[-2.90787,53.246056],[-2.906758,53.246253],[-2.903434,53.24635],[-2.902141,53.246221],[-2.901838,53.246102]]}},{"type":"Feature","properties":{"pressure":"HPN","kind":"main","spec":"750 ST","material":"ST","surveyed":"20210517"},"geometry":{"type":"LineString","coordinates":[[-2.910835,53.246034],[-2.910787,53.246045],[-2.910537,53.246099],[-2.910025,53.246044],[-2.909995,53.24604]]}},{"type":"Feature","properties":{"pressure":"HPN","kind":"main","spec":"750 ST","material":"ST","surveyed":"20260603"},"geometry":{"type":"LineString","coordinates":[[-2.901838,53.246102],[-2.901837,53.246102],[-2.900603,53.24562]]}},{"type":"Feature","properties":{"pressure":"HPN","kind":"main","spec":"750 ST","material":"ST","surveyed":"20260603"},"geometry":{"type":"LineString","coordinates":[[-2.908105,53.246015],[-2.908082,53.246019],[-2.907884,53.246054],[-2.90787,53.246056]]}},{"type":"Feature","properties":{"pressure":"HPN","kind":"main","spec":"750 ST","material":"ST","surveyed":"20201018"},"geometry":{"type":"LineString","coordinates":[[-2.91558,53.245193],[-2.915467,53.245251]]}},{"type":"Feature","properties":{"pressure":"HPN","kind":"main","spec":"750 ST","material":"ST","surveyed":"20201018"},"geometry":{"type":"LineString","coordinates":[[-2.909995,53.24604],[-2.908769,53.245901],[-2.908105,53.246015]]}},{"type":"Feature","properties":{"pressure":"HPN","kind":"main","spec":"750 ST","material":"ST","surveyed":"20201018"},"geometry":{"type":"LineString","coordinates":[[-2.915467,53.245251],[-2.915118,53.245404],[-2.914091,53.245874],[-2.911478,53.245887],[-2.910835,53.246034]]}},{"type":"Feature","properties":{"pressure":"HPN","kind":"main","spec":"18 ST","material":"ST","surveyed":"20201018"},"geometry":{"type":"LineString","coordinates":[[-2.864827,53.140906],[-2.864237,53.141685],[-2.86326,53.143012],[-2.863259,53.143013]]}},{"type":"Feature","properties":{"pressure":"HPN","kind":"main","spec":"18 ST","material":"ST","surveyed":"20201018"},"geometry":{"type":"LineString","coordinates":[[-2.865833,53.138499],[-2.865775,53.13884],[-2.865686,53.139484],[-2.865527,53.139923],[-2.865049,53.140585],[-2.864827,53.140906]]}},{"type":"Feature","properties":{"pressure":"HPN","kind":"main","spec":"18 ST","material":"ST","surveyed":"20241127"},"geometry":{"type":"LineString","coordinates":[[-2.866205,53.136486],[-2.866291,53.135993],[-2.865983,53.135547],[-2.865958,53.135183],[-2.86588,53.134482],[-2.865837,53.134005]]}},{"type":"Feature","properties":{"pressure":"HPN","kind":"main","spec":"18 ST","material":"ST","surveyed":"20241127"},"geometry":{"type":"LineString","coordinates":[[-2.866205,53.136486],[-2.866119,53.136986],[-2.86596,53.137828],[-2.865847,53.138412],[-2.865836,53.138486],[-2.865833,53.138499]]}},{"type":"Feature","properties":{"pressure":"HPN","kind":"main","spec":"18 ST","material":"ST","surveyed":"20201018"},"geometry":{"type":"LineString","coordinates":[[-2.860488,53.147527],[-2.86049,53.14759],[-2.86051,53.148499],[-2.861196,53.1489],[-2.861197,53.148901]]}},{"type":"Feature","properties":{"pressure":"HPN","kind":"main","spec":"18 ST","material":"ST","surveyed":"20201018"},"geometry":{"type":"LineString","coordinates":[[-2.861211,53.149605],[-2.86043,53.150304],[-2.859613,53.151111],[-2.858708,53.151959],[-2.858625,53.152035]]}},{"type":"Feature","properties":{"pressure":"HPN","kind":"main","spec":"18 ST","material":"ST","surveyed":"20201018"},"geometry":{"type":"LineString","coordinates":[[-2.861089,53.144646],[-2.860434,53.144979],[-2.860456,53.145736],[-2.860478,53.146524],[-2.860488,53.14752],[-2.860488,53.147527]]}},{"type":"Feature","properties":{"pressure":"HPN","kind":"main","spec":"18 ST","material":"ST","surveyed":"20201018"},"geometry":{"type":"LineString","coordinates":[[-2.861111,53.144635],[-2.861089,53.144646]]}},{"type":"Feature","properties":{"pressure":"HPN","kind":"main","spec":"18 ST","material":"ST","surveyed":"20201018"},"geometry":{"type":"LineString","coordinates":[[-2.863259,53.143013],[-2.862621,53.143891],[-2.862513,53.14396],[-2.861112,53.144635],[-2.861111,53.144635]]}},{"type":"Feature","properties":{"pressure":"HPN","kind":"main","spec":"18 ST","material":"ST","surveyed":"20201018"},"geometry":{"type":"LineString","coordinates":[[-2.854975,53.15731],[-2.854171,53.158517],[-2.854081,53.158652],[-2.854052,53.158696],[-2.853995,53.158752],[-2.853918,53.158827]]}},{"type":"Feature","properties":{"pressure":"HPN","kind":"main","spec":"18 ST","material":"ST","surveyed":"20201018"},"geometry":{"type":"LineString","coordinates":[[-2.855455,53.156553],[-2.854975,53.15731]]}},{"type":"Feature","properties":{"pressure":"HPN","kind":"main","spec":"18 ST","material":"ST","surveyed":"20201018"},"geometry":{"type":"LineString","coordinates":[[-2.858625,53.152035],[-2.858624,53.152037],[-2.858541,53.152114],[-2.858259,53.152388],[-2.857735,53.15289],[-2.857279,53.153606],[-2.856859,53.154289],[-2.856292,53.155199],[-2.855576,53.156349],[-2.855456,53.156553],[-2.855455,53.156553]]}},{"type":"Feature","properties":{"pressure":"HPN","kind":"main","spec":"18 ST","material":"ST","surveyed":"20201018"},"geometry":{"type":"LineString","coordinates":[[-2.852117,53.160961],[-2.852066,53.161072]]}},{"type":"Feature","properties":{"pressure":"HPN","kind":"main","spec":"18 ST","material":"ST","surveyed":"20201018"},"geometry":{"type":"LineString","coordinates":[[-2.853918,53.158827],[-2.853913,53.158831],[-2.853783,53.158962],[-2.852827,53.159952],[-2.852688,53.160095],[-2.852642,53.160152],[-2.852586,53.160241],[-2.85235,53.160612],[-2.852117,53.160961]]}},{"type":"Feature","properties":{"pressure":"HPN","kind":"main","spec":"18 ST","material":"ST","surveyed":"20201018"},"geometry":{"type":"LineString","coordinates":[[-2.846612,53.167566],[-2.846611,53.167563],[-2.846506,53.166739]]}},{"type":"Feature","properties":{"pressure":"HPN","kind":"main","spec":"18 ST","material":"ST","surveyed":"20201018"},"geometry":{"type":"LineString","coordinates":[[-2.846506,53.166739],[-2.846427,53.166054],[-2.846579,53.165922]]}},{"type":"Feature","properties":{"pressure":"HPN","kind":"main","spec":"18 ST","material":"ST","surveyed":"20201018"},"geometry":{"type":"LineString","coordinates":[[-2.846923,53.169997],[-2.846612,53.167566]]}},{"type":"Feature","properties":{"pressure":"HPN","kind":"main","spec":"18 ST","material":"ST","surveyed":"20201018"},"geometry":{"type":"LineString","coordinates":[[-2.846923,53.169997],[-2.846931,53.170097],[-2.846931,53.170098]]}},{"type":"Feature","properties":{"pressure":"HPN","kind":"main","spec":"18 ST","material":"ST","surveyed":"20201018"},"geometry":{"type":"LineString","coordinates":[[-2.846579,53.165922],[-2.846944,53.165603]]}},{"type":"Feature","properties":{"pressure":"HPN","kind":"main","spec":"18 ST","material":"ST","surveyed":"20201018"},"geometry":{"type":"LineString","coordinates":[[-2.852066,53.161072],[-2.85205,53.161107]]}},{"type":"Feature","properties":{"pressure":"HPN","kind":"main","spec":"18 ST","material":"ST","surveyed":"20201018"},"geometry":{"type":"LineString","coordinates":[[-2.85205,53.161107],[-2.851247,53.162328],[-2.849631,53.163251],[-2.849378,53.163458]]}},{"type":"Feature","properties":{"pressure":"HPN","kind":"main","spec":"18 ST","material":"ST","surveyed":"20201018"},"geometry":{"type":"LineString","coordinates":[[-2.846944,53.165603],[-2.846947,53.1656],[-2.849378,53.163458]]}},{"type":"Feature","properties":{"pressure":"HPN","kind":"main","spec":"18 ST","material":"ST","surveyed":"20201018"},"geometry":{"type":"LineString","coordinates":[[-2.847398,53.179024],[-2.847402,53.179083]]}},{"type":"Feature","properties":{"pressure":"HPN","kind":"main","spec":"18 ST","material":"ST","surveyed":"20201018"},"geometry":{"type":"LineString","coordinates":[[-2.847393,53.174589],[-2.847393,53.174596],[-2.847389,53.175665],[-2.847405,53.176349],[-2.847413,53.176439],[-2.847406,53.176532],[-2.847383,53.176856],[-2.847288,53.178168],[-2.847283,53.17828],[-2.847322,53.178554],[-2.847398,53.179024]]}},{"type":"Feature","properties":{"pressure":"HPN","kind":"main","spec":"18 ST","material":"ST","surveyed":"20201018"},"geometry":{"type":"LineString","coordinates":[[-2.846931,53.170098],[-2.846945,53.170249],[-2.846681,53.170392],[-2.846679,53.170393],[-2.846681,53.170398],[-2.847127,53.171549],[-2.847362,53.172086],[-2.847406,53.174221],[-2.847393,53.174589]]}},{"type":"Feature","properties":{"pressure":"HPN","kind":"main","spec":"18 ST","material":"ST","surveyed":"20251218"},"geometry":{"type":"LineString","coordinates":[[-2.845742,53.188084],[-2.8457,53.187869],[-2.845498,53.186809],[-2.84614,53.186458],[-2.846152,53.186205],[-2.846154,53.186102],[-2.846137,53.186015],[-2.84611,53.18579],[-2.846951,53.184772]]}},{"type":"Feature","properties":{"pressure":"HPN","kind":"main","spec":"18 ST","material":"ST","surveyed":"20260130"},"geometry":{"type":"LineString","coordinates":[[-2.846951,53.184772],[-2.847132,53.184553]]}},{"type":"Feature","properties":{"pressure":"HPN","kind":"main","spec":"18 ST","material":"ST","surveyed":"20260130"},"geometry":{"type":"LineString","coordinates":[[-2.847132,53.184553],[-2.847943,53.183598],[-2.847939,53.183574]]}},{"type":"Feature","properties":{"pressure":"HPN","kind":"main","spec":"18 ST","material":"ST","surveyed":"20201018"},"geometry":{"type":"LineString","coordinates":[[-2.847402,53.179083],[-2.847402,53.179125]]}},{"type":"Feature","properties":{"pressure":"HPN","kind":"main","spec":"18 ST","material":"ST","surveyed":"20201018"},"geometry":{"type":"LineString","coordinates":[[-2.847939,53.183574],[-2.8478,53.182589],[-2.847885,53.182358],[-2.847872,53.182244],[-2.847728,53.181337],[-2.847569,53.180285],[-2.847402,53.179125]]}},{"type":"Feature","properties":{"pressure":"HPN","kind":"main","spec":"18 ST","material":"ST","surveyed":"20251218"},"geometry":{"type":"LineString","coordinates":[[-2.847138,53.197011],[-2.84719,53.196925]]}},{"type":"Feature","properties":{"pressure":"HPN","kind":"main","spec":"18 ST","material":"ST","surveyed":"20251218"},"geometry":{"type":"LineString","coordinates":[[-2.847158,53.195271],[-2.847049,53.195168],[-2.847036,53.195152],[-2.847009,53.195125],[-2.846585,53.194411],[-2.846457,53.194184],[-2.846377,53.193452],[-2.846298,53.192783],[-2.846435,53.192574]]}},{"type":"Feature","properties":{"pressure":"HPN","kind":"main","spec":"18 ST","material":"ST","surveyed":"20251218"},"geometry":{"type":"LineString","coordinates":[[-2.847138,53.197011],[-2.847105,53.197064]]}},{"type":"Feature","properties":{"pressure":"HPN","kind":"main","spec":"18 ST","material":"ST","surveyed":"20251220"},"geometry":{"type":"LineString","coordinates":[[-2.84719,53.196925],[-2.847344,53.196673],[-2.847389,53.19659],[-2.847452,53.19652],[-2.847681,53.196306],[-2.847221,53.19533],[-2.847167,53.19528],[-2.847158,53.195271]]}},{"type":"Feature","properties":{"pressure":"HPN","kind":"main","spec":"18 ST","material":"ST","surveyed":"20201018"},"geometry":{"type":"LineString","coordinates":[[-2.845759,53.188169],[-2.845742,53.188084]]}},{"type":"Feature","properties":{"pressure":"HPN","kind":"main","spec":"18 ST","material":"ST","surveyed":"20201018"},"geometry":{"type":"LineString","coordinates":[[-2.846435,53.192574],[-2.846438,53.192567],[-2.846375,53.192035],[-2.846329,53.191669],[-2.846327,53.19156],[-2.846297,53.191091],[-2.846287,53.190855],[-2.846272,53.190785],[-2.846243,53.19062],[-2.846069,53.189698],[-2.845759,53.188169]]}},{"type":"Feature","properties":{"pressure":"HPN","kind":"main","spec":"18 ST","material":"ST","surveyed":"20211006"},"geometry":{"type":"LineString","coordinates":[[-2.844456,53.201577],[-2.844458,53.201751],[-2.844315,53.201825],[-2.844278,53.201846],[-2.844228,53.201853],[-2.843004,53.201779],[-2.842829,53.201782],[-2.842752,53.201787],[-2.842599,53.201807],[-2.8425,53.201839],[-2.84238,53.201887],[-2.842259,53.20193],[-2.842177,53.201973],[-2.842091,53.202035],[-2.842011,53.2021],[-2.841929,53.202217],[-2.841905,53.202258],[-2.84186,53.202353],[-2.841823,53.202459],[-2.841803,53.202533],[-2.841782,53.202736],[-2.841772,53.20277],[-2.841664,53.203116],[-2.841667,53.203821],[-2.841161,53.204424],[-2.839915,53.204622],[-2.839864,53.204773],[-2.839859,53.204786]]}},{"type":"Feature","properties":{"pressure":"HPN","kind":"main","spec":"18 ST","material":"ST","surveyed":"20260603"},"geometry":{"type":"LineString","coordinates":[[-2.847065,53.197129],[-2.84681,53.197517],[-2.84683,53.197563],[-2.846825,53.197592],[-2.846818,53.197676],[-2.846818,53.197945],[-2.846119,53.198727],[-2.845377,53.199566],[-2.845031,53.19994],[-2.844449,53.20056],[-2.844456,53.201577]]}},{"type":"Feature","properties":{"pressure":"HPN","kind":"main","spec":"18 ST","material":"ST","surveyed":"20260603"},"geometry":{"type":"LineString","coordinates":[[-2.847105,53.197064],[-2.847065,53.197129]]}},{"type":"Feature","properties":{"pressure":"HPN","kind":"main","spec":"18 ST","material":"ST","surveyed":"20251230"},"geometry":{"type":"LineString","coordinates":[[-2.839859,53.204786],[-2.8396,53.205548],[-2.839535,53.205702],[-2.839415,53.206011]]}},{"type":"Feature","properties":{"pressure":"HPN","kind":"main","spec":"18 ST","material":"ST","surveyed":"20251230"},"geometry":{"type":"LineString","coordinates":[[-2.839415,53.206011],[-2.839391,53.206108]]}},{"type":"Feature","properties":{"pressure":"HPN","kind":"main","spec":"18 ST","material":"ST","surveyed":"20251211"},"geometry":{"type":"LineString","coordinates":[[-2.83251,53.211843],[-2.832493,53.211847],[-2.826021,53.213231],[-2.825174,53.214992]]}},{"type":"Feature","properties":{"pressure":"HPN","kind":"main","spec":"18 ST","material":"ST","surveyed":"20251211"},"geometry":{"type":"LineString","coordinates":[[-2.825174,53.214992],[-2.825087,53.215168]]}},{"type":"Feature","properties":{"pressure":"HPN","kind":"main","spec":"18 ST","material":"ST","surveyed":"20201018"},"geometry":{"type":"LineString","coordinates":[[-2.836149,53.21075],[-2.835371,53.211224],[-2.833664,53.211595],[-2.83251,53.211843]]}},{"type":"Feature","properties":{"pressure":"HPN","kind":"main","spec":"18 ST","material":"ST","surveyed":"20201018"},"geometry":{"type":"LineString","coordinates":[[-2.836213,53.210624],[-2.83621,53.210631],[-2.836149,53.21075]]}},{"type":"Feature","properties":{"pressure":"HPN","kind":"main","spec":"18 ST","material":"ST","surveyed":"20260603"},"geometry":{"type":"LineString","coordinates":[[-2.839391,53.206108],[-2.839389,53.206115],[-2.839155,53.207162],[-2.838927,53.207347],[-2.838439,53.209027],[-2.838304,53.209529],[-2.837302,53.209995],[-2.837209,53.210041],[-2.836974,53.210174],[-2.836231,53.210589],[-2.836213,53.210624]]}},{"type":"Feature","properties":{"pressure":"HPN","kind":"main","spec":"36 ST","material":"ST","surveyed":"20201018"},"geometry":{"type":"LineString","coordinates":[[-2.811914,53.197309],[-2.811114,53.195948],[-2.811084,53.19589],[-2.811045,53.195842],[-2.810991,53.195784],[-2.81094,53.195733],[-2.810883,53.195686],[-2.810805,53.195629],[-2.810714,53.195578],[-2.810612,53.195532],[-2.810283,53.19539],[-2.809734,53.195162]]}},{"type":"Feature","properties":{"pressure":"HPN","kind":"main","spec":"18 ST","material":"ST","surveyed":"20201018"},"geometry":{"type":"LineString","coordinates":[[-2.813822,53.206285],[-2.813848,53.206186],[-2.813856,53.20613],[-2.813843,53.206033],[-2.813538,53.204957],[-2.811643,53.2034],[-2.809968,53.202489],[-2.809876,53.202377],[-2.80987,53.202371]]}},{"type":"Feature","properties":{"pressure":"HPN","kind":"main","spec":"36 ST","material":"ST","surveyed":"20201018"},"geometry":{"type":"LineString","coordinates":[[-2.815166,53.206276],[-2.81519,53.20463],[-2.815196,53.204584],[-2.815182,53.204533],[-2.815158,53.204474],[-2.815129,53.204422],[-2.814607,53.20348],[-2.81458,53.203431],[-2.814561,53.203392],[-2.814541,53.203347],[-2.814521,53.2033],[-2.814507,53.203244],[-2.814498,53.20317],[-2.814495,53.203085],[-2.814441,53.201786]]}},{"type":"Feature","properties":{"pressure":"HPN","kind":"main","spec":"36 ST","material":"ST","surveyed":"20201018"},"geometry":{"type":"LineString","coordinates":[[-2.814441,53.201786],[-2.814441,53.201785],[-2.814411,53.200532],[-2.814411,53.200492],[-2.8144,53.200451],[-2.814383,53.200414],[-2.814353,53.200369],[-2.814305,53.200328],[-2.812804,53.199094],[-2.812756,53.199057],[-2.812716,53.199022],[-2.812686,53.198983],[-2.812655,53.19893],[-2.81219,53.198079],[-2.81217,53.198052],[-2.812158,53.198019],[-2.812149,53.197978],[-2.812141,53.197747],[-2.812135,53.197717],[-2.812129,53.197691],[-2.812122,53.197663],[-2.811914,53.197309]]}},{"type":"Feature","properties":{"pressure":"HPN","kind":"main","spec":"450 ST","material":"ST","surveyed":"20260603"},"geometry":{"type":"LineString","coordinates":[[-2.814091,53.215272],[-2.813949,53.215152]]}},{"type":"Feature","properties":{"pressure":"HPN","kind":"main","spec":"18 ST","material":"ST","surveyed":"20260603"},"geometry":{"type":"LineString","coordinates":[[-2.812712,53.210787],[-2.812682,53.210912]]}},{"type":"Feature","properties":{"pressure":"HPN","kind":"main","spec":"36 ST","material":"ST","surveyed":"20260603"},"geometry":{"type":"LineString","coordinates":[[-2.812458,53.211703],[-2.810992,53.21261],[-2.810968,53.212627],[-2.810963,53.21265],[-2.810961,53.21267],[-2.811019,53.21395],[-2.811025,53.214],[-2.811039,53.214027],[-2.811058,53.21405],[-2.81109,53.214076],[-2.812573,53.215283]]}},{"type":"Feature","properties":{"pressure":"HPN","kind":"main","spec":"36 ST","material":"ST","surveyed":"20260603"},"geometry":{"type":"LineString","coordinates":[[-2.813513,53.210782],[-2.813513,53.210793],[-2.81351,53.210833],[-2.813506,53.21087],[-2.81348,53.210941],[-2.813447,53.21101],[-2.813413,53.211069],[-2.813356,53.21113],[-2.813301,53.211178],[-2.813214,53.211235],[-2.812458,53.211703]]}},{"type":"Feature","properties":{"pressure":"HPN","kind":"main","spec":"450 ST","material":"ST","surveyed":"20260603"},"geometry":{"type":"LineString","coordinates":[[-2.812458,53.211703],[-2.812387,53.211953],[-2.811937,53.213497],[-2.812554,53.214001],[-2.813949,53.215152]]}},{"type":"Feature","properties":{"pressure":"HPN","kind":"main","spec":"450 ST","material":"ST","surveyed":"20260603"},"geometry":{"type":"LineString","coordinates":[[-2.812682,53.210912],[-2.812458,53.211703]]}},{"type":"Feature","properties":{"pressure":"HPN","kind":"main","spec":"18 ST","material":"ST","surveyed":"20260603"},"geometry":{"type":"LineString","coordinates":[[-2.825087,53.215168],[-2.825086,53.215171],[-2.825075,53.215196],[-2.825075,53.215197]]}},{"type":"Feature","properties":{"pressure":"HPN","kind":"main","spec":"18 ST","material":"ST","surveyed":"20201018"},"geometry":{"type":"LineString","coordinates":[[-2.813009,53.209571],[-2.813764,53.206515],[-2.813815,53.206313],[-2.813822,53.206285]]}},{"type":"Feature","properties":{"pressure":"HPN","kind":"main","spec":"36 ST","material":"ST","surveyed":"20201018"},"geometry":{"type":"LineString","coordinates":[[-2.813625,53.210278],[-2.813895,53.209889],[-2.814106,53.209539],[-2.814128,53.2095],[-2.814142,53.209459],[-2.814167,53.209384],[-2.814829,53.207671],[-2.815155,53.206806],[-2.815163,53.206768],[-2.815174,53.206733],[-2.815177,53.206704],[-2.815176,53.206647],[-2.815167,53.206349]]}},{"type":"Feature","properties":{"pressure":"HPN","kind":"main","spec":"36 ST","material":"ST","surveyed":"20201018"},"geometry":{"type":"LineString","coordinates":[[-2.815167,53.206349],[-2.815166,53.206276]]}},{"type":"Feature","properties":{"pressure":"HPN","kind":"main","spec":"18 ST","material":"ST","surveyed":"20201018"},"geometry":{"type":"LineString","coordinates":[[-2.813009,53.209571],[-2.812712,53.210787]]}},{"type":"Feature","properties":{"pressure":"HPN","kind":"main","spec":"36 ST","material":"ST","surveyed":"20201018"},"geometry":{"type":"LineString","coordinates":[[-2.813625,53.210278],[-2.813584,53.210366],[-2.813538,53.210493],[-2.813526,53.210605],[-2.813518,53.210724],[-2.813513,53.210782]]}},{"type":"Feature","properties":{"pressure":"HPN","kind":"main","spec":"18 ST","material":"ST","surveyed":"20260603"},"geometry":{"type":"LineString","coordinates":[[-2.821907,53.223881],[-2.821886,53.224208]]}},{"type":"Feature","properties":{"pressure":"HPN","kind":"main","spec":"750 DI","material":"DI","surveyed":"20260603"},"geometry":{"type":"LineString","coordinates":[[-2.822183,53.224206],[-2.822159,53.224156]]}},{"type":"Feature","properties":{"pressure":"HPN","kind":"main","spec":"450 ST","material":"ST","surveyed":"20260603"},"geometry":{"type":"LineString","coordinates":[[-2.821634,53.223503],[-2.821611,53.223368],[-2.821617,53.223331]]}},{"type":"Feature","properties":{"pressure":"HPN","kind":"main","spec":"450 ST","material":"ST","surveyed":"20260603"},"geometry":{"type":"LineString","coordinates":[[-2.821617,53.223331],[-2.821655,53.223099],[-2.820944,53.221723],[-2.820724,53.221262],[-2.820476,53.220729],[-2.820344,53.220592],[-2.819961,53.220323],[-2.819178,53.22005],[-2.818712,53.219899],[-2.818604,53.21974],[-2.818602,53.219736]]}},{"type":"Feature","properties":{"pressure":"HPN","kind":"main","spec":"18 ST","material":"ST","surveyed":"20260603"},"geometry":{"type":"LineString","coordinates":[[-2.822779,53.219707],[-2.822775,53.219714],[-2.821894,53.221241],[-2.82245,53.222225],[-2.822255,53.223124],[-2.821907,53.223881]]}},{"type":"Feature","properties":{"pressure":"HPN","kind":"main","spec":"36 ST","material":"ST","surveyed":"20260603"},"geometry":{"type":"LineString","coordinates":[[-2.821617,53.223331],[-2.821084,53.223471]]}},{"type":"Feature","properties":{"pressure":"HPN","kind":"main","spec":"36 ST","material":"ST","surveyed":"20260603"},"geometry":{"type":"LineString","coordinates":[[-2.82038,53.219724],[-2.820382,53.219724],[-2.820943,53.219862],[-2.820956,53.219879],[-2.821447,53.220755],[-2.821469,53.220807],[-2.821482,53.220852],[-2.821477,53.220895],[-2.821399,53.221917],[-2.821416,53.221968],[-2.821439,53.222005],[-2.821985,53.223001],[-2.821976,53.223036],[-2.821798,53.223279],[-2.821763,53.223292],[-2.821617,53.223331]]}},{"type":"Feature","properties":{"pressure":"HPN","kind":"main","spec":"450 ST","material":"ST","surveyed":"20260603"},"geometry":{"type":"LineString","coordinates":[[-2.81766,53.218334],[-2.817472,53.218058],[-2.816606,53.217342],[-2.816002,53.216858],[-2.814937,53.215983],[-2.814275,53.215428],[-2.814093,53.215274],[-2.814091,53.215272]]}},{"type":"Feature","properties":{"pressure":"HPN","kind":"main","spec":"36 ST","material":"ST","surveyed":"20260603"},"geometry":{"type":"LineString","coordinates":[[-2.812573,53.215283],[-2.812574,53.215283],[-2.8135,53.216034],[-2.813574,53.216085],[-2.813652,53.216132],[-2.813727,53.216173],[-2.813805,53.21621],[-2.814602,53.216512],[-2.814681,53.216551],[-2.814724,53.216588],[-2.817184,53.21876],[-2.817261,53.21882],[-2.817332,53.218869],[-2.817423,53.21892],[-2.817503,53.218963],[-2.817613,53.21901],[-2.817673,53.219033]]}},{"type":"Feature","properties":{"pressure":"HPN","kind":"main","spec":"450 ST","material":"ST","surveyed":"20201018"},"geometry":{"type":"LineString","coordinates":[[-2.817994,53.218845],[-2.81767,53.218348],[-2.81766,53.218334]]}},{"type":"Feature","properties":{"pressure":"HPN","kind":"main","spec":"450 ST","material":"ST","surveyed":"20201018"},"geometry":{"type":"LineString","coordinates":[[-2.818602,53.219736],[-2.818224,53.219181]]}},{"type":"Feature","properties":{"pressure":"HPN","kind":"main","spec":"450 ST","material":"ST","surveyed":"20201018"},"geometry":{"type":"LineString","coordinates":[[-2.818224,53.219181],[-2.817994,53.218845]]}},{"type":"Feature","properties":{"pressure":"HPN","kind":"main","spec":"18 ST","material":"ST","surveyed":"20201018"},"geometry":{"type":"LineString","coordinates":[[-2.824831,53.215736],[-2.823804,53.217786],[-2.822831,53.219616],[-2.822779,53.219707]]}},{"type":"Feature","properties":{"pressure":"HPN","kind":"main","spec":"36 ST","material":"ST","surveyed":"20201018"},"geometry":{"type":"LineString","coordinates":[[-2.818224,53.219181],[-2.82038,53.219724]]}},{"type":"Feature","properties":{"pressure":"HPN","kind":"main","spec":"36 ST","material":"ST","surveyed":"20201018"},"geometry":{"type":"LineString","coordinates":[[-2.817673,53.219033],[-2.817692,53.219041],[-2.817694,53.219042],[-2.817773,53.219068],[-2.818224,53.219181]]}},{"type":"Feature","properties":{"pressure":"HPN","kind":"main","spec":"18 ST","material":"ST","surveyed":"20201018"},"geometry":{"type":"LineString","coordinates":[[-2.825075,53.215197],[-2.824831,53.215736]]}},{"type":"Feature","properties":{"pressure":"HPN","kind":"main","spec":"18 ST","material":"ST","surveyed":"20120319"},"geometry":{"type":"LineString","coordinates":[[-2.796194,53.188426],[-2.796192,53.188425],[-2.794619,53.187186],[-2.794619,53.187185]]}},{"type":"Feature","properties":{"pressure":"HPN","kind":"main","spec":"36 ST","material":"ST","surveyed":"20201018"},"geometry":{"type":"LineString","coordinates":[[-2.809734,53.195162],[-2.807747,53.194327]]}},{"type":"Feature","properties":{"pressure":"HPN","kind":"main","spec":"36 ST","material":"ST","surveyed":"20201018"},"geometry":{"type":"LineString","coordinates":[[-2.807747,53.194327],[-2.804986,53.192861]]}},{"type":"Feature","properties":{"pressure":"HPN","kind":"main","spec":"18 ST","material":"ST","surveyed":"20201018"},"geometry":{"type":"LineString","coordinates":[[-2.805811,53.19706],[-2.805247,53.196545],[-2.804973,53.196306],[-2.804802,53.19599],[-2.804627,53.19567],[-2.804454,53.195347],[-2.804201,53.194869],[-2.804038,53.194534]]}},{"type":"Feature","properties":{"pressure":"HPN","kind":"main","spec":"18 ST","material":"ST","surveyed":"20201018"},"geometry":{"type":"LineString","coordinates":[[-2.804038,53.194534],[-2.803772,53.19402],[-2.80372,53.193968],[-2.803671,53.193921],[-2.802252,53.192897],[-2.802228,53.19288]]}},{"type":"Feature","properties":{"pressure":"HPN","kind":"main","spec":"18 ST","material":"ST","surveyed":"20201018"},"geometry":{"type":"LineString","coordinates":[[-2.806097,53.197348],[-2.806095,53.197347],[-2.805811,53.19706]]}},{"type":"Feature","properties":{"pressure":"HPN","kind":"main","spec":"36 ST","material":"ST","surveyed":"20201018"},"geometry":{"type":"LineString","coordinates":[[-2.801128,53.192086],[-2.801066,53.192108],[-2.800997,53.192121],[-2.800929,53.192134],[-2.800854,53.192132],[-2.800386,53.192156],[-2.799922,53.192183],[-2.798346,53.191778],[-2.797828,53.191634],[-2.796252,53.191229],[-2.795757,53.191086],[-2.794686,53.190811]]}},{"type":"Feature","properties":{"pressure":"HPN","kind":"main","spec":"36 ST","material":"ST","surveyed":"20201018"},"geometry":{"type":"LineString","coordinates":[[-2.801553,53.191866],[-2.801157,53.192071],[-2.801128,53.192086]]}},{"type":"Feature","properties":{"pressure":"HPN","kind":"main","spec":"36 ST","material":"ST","surveyed":"20201018"},"geometry":{"type":"LineString","coordinates":[[-2.802189,53.191898],[-2.801553,53.191866]]}},{"type":"Feature","properties":{"pressure":"HPN","kind":"main","spec":"18 ST","material":"ST","surveyed":"20201018"},"geometry":{"type":"LineString","coordinates":[[-2.802207,53.192865],[-2.801128,53.192086]]}},{"type":"Feature","properties":{"pressure":"HPN","kind":"main","spec":"18 ST","material":"ST","surveyed":"20201018"},"geometry":{"type":"LineString","coordinates":[[-2.801128,53.192086],[-2.797791,53.189675],[-2.797509,53.189461],[-2.797374,53.189349],[-2.796194,53.188426]]}},{"type":"Feature","properties":{"pressure":"HPN","kind":"main","spec":"36 ST","material":"ST","surveyed":"20201018"},"geometry":{"type":"LineString","coordinates":[[-2.804986,53.192861],[-2.804981,53.192859],[-2.803472,53.192118],[-2.803352,53.192061],[-2.803242,53.192021],[-2.803154,53.191993],[-2.803056,53.191969],[-2.802956,53.19195],[-2.802859,53.191935],[-2.802765,53.191926],[-2.802196,53.191898],[-2.802189,53.191898]]}},{"type":"Feature","properties":{"pressure":"HPN","kind":"main","spec":"18 ST","material":"ST","surveyed":"20201018"},"geometry":{"type":"LineString","coordinates":[[-2.802228,53.19288],[-2.802208,53.192866],[-2.802207,53.192865]]}},{"type":"Feature","properties":{"pressure":"HPN","kind":"main","spec":"18 ST","material":"ST","surveyed":"20201018"},"geometry":{"type":"LineString","coordinates":[[-2.80987,53.202371],[-2.809424,53.201827],[-2.809419,53.20182]]}},{"type":"Feature","properties":{"pressure":"HPN","kind":"main","spec":"18 ST","material":"ST","surveyed":"20201018"},"geometry":{"type":"LineString","coordinates":[[-2.809419,53.20182],[-2.808966,53.20127],[-2.808859,53.201215],[-2.808788,53.201161],[-2.807663,53.19882],[-2.807642,53.198787],[-2.806247,53.197497]]}},{"type":"Feature","properties":{"pressure":"HPN","kind":"main","spec":"18 ST","material":"ST","surveyed":"20201018"},"geometry":{"type":"LineString","coordinates":[[-2.806247,53.197497],[-2.806097,53.197348]]}},{"type":"Feature","properties":{"pressure":"HPN","kind":"main","spec":"18 ST","material":"ST","surveyed":"20120319"},"geometry":{"type":"LineString","coordinates":[[-2.78475,53.178751],[-2.780332,53.176869],[-2.780126,53.176798],[-2.779466,53.176632],[-2.779462,53.176631]]}},{"type":"Feature","properties":{"pressure":"HPN","kind":"main","spec":"18 ST","material":"ST","surveyed":"20120319"},"geometry":{"type":"LineString","coordinates":[[-2.786598,53.179501],[-2.78475,53.178751]]}},{"type":"Feature","properties":{"pressure":"HPN","kind":"main","spec":"36 ST","material":"ST","surveyed":"20120319"},"geometry":{"type":"LineString","coordinates":[[-2.783093,53.179524],[-2.780013,53.177881],[-2.779484,53.177689],[-2.779481,53.177688]]}},{"type":"Feature","properties":{"pressure":"HPN","kind":"main","spec":"36 ST","material":"ST","surveyed":"20201018"},"geometry":{"type":"LineString","coordinates":[[-2.787093,53.184867],[-2.78707,53.184826],[-2.786599,53.184],[-2.786596,53.183995]]}},{"type":"Feature","properties":{"pressure":"HPN","kind":"main","spec":"36 ST","material":"ST","surveyed":"20201018"},"geometry":{"type":"LineString","coordinates":[[-2.791197,53.188459],[-2.790686,53.188053],[-2.790316,53.187763],[-2.789946,53.187473],[-2.787821,53.185783],[-2.787456,53.185502]]}},{"type":"Feature","properties":{"pressure":"HPN","kind":"main","spec":"18 ST","material":"ST","surveyed":"20201018"},"geometry":{"type":"LineString","coordinates":[[-2.794619,53.187185],[-2.792268,53.18535],[-2.792118,53.185236],[-2.791103,53.184296],[-2.791021,53.184198],[-2.79104,53.183966]]}},{"type":"Feature","properties":{"pressure":"HPN","kind":"main","spec":"36 ST","material":"ST","surveyed":"20201018"},"geometry":{"type":"LineString","coordinates":[[-2.787456,53.185502],[-2.787434,53.185461],[-2.7874,53.18541],[-2.787373,53.185354],[-2.787093,53.184867]]}},{"type":"Feature","properties":{"pressure":"HPN","kind":"main","spec":"36 ST","material":"ST","surveyed":"20201018"},"geometry":{"type":"LineString","coordinates":[[-2.786596,53.183995],[-2.785417,53.181924],[-2.78348,53.179783]]}},{"type":"Feature","properties":{"pressure":"HPN","kind":"main","spec":"18 ST","material":"ST","surveyed":"20201018"},"geometry":{"type":"LineString","coordinates":[[-2.786998,53.179652],[-2.786966,53.179639],[-2.786603,53.179503],[-2.786598,53.179501]]}},{"type":"Feature","properties":{"pressure":"HPN","kind":"main","spec":"36 ST","material":"ST","surveyed":"20201018"},"geometry":{"type":"LineString","coordinates":[[-2.78348,53.179783],[-2.783404,53.179711],[-2.78336,53.179671],[-2.783286,53.179627],[-2.783134,53.179545],[-2.783096,53.179525],[-2.783093,53.179524]]}},{"type":"Feature","properties":{"pressure":"HPN","kind":"main","spec":"36 ST","material":"ST","surveyed":"20201018"},"geometry":{"type":"LineString","coordinates":[[-2.794686,53.190811],[-2.794087,53.190657],[-2.794023,53.190642],[-2.793978,53.190628],[-2.793937,53.190608],[-2.793884,53.190575],[-2.793806,53.190515],[-2.793629,53.190377],[-2.793462,53.19024],[-2.793145,53.189959],[-2.792108,53.189135],[-2.791735,53.188888],[-2.791197,53.188459]]}},{"type":"Feature","properties":{"pressure":"HPN","kind":"main","spec":"18 ST","material":"ST","surveyed":"20201018"},"geometry":{"type":"LineString","coordinates":[[-2.779462,53.176631],[-2.777586,53.176174],[-2.777421,53.176137],[-2.7753,53.17508]]}},{"type":"Feature","properties":{"pressure":"HPN","kind":"main","spec":"36 ST","material":"ST","surveyed":"20201018"},"geometry":{"type":"LineString","coordinates":[[-2.779481,53.177688],[-2.777615,53.177019],[-2.774051,53.175157],[-2.773967,53.175115],[-2.773912,53.175089]]}},{"type":"Feature","properties":{"pressure":"HPN","kind":"main","spec":"18 ST","material":"ST","surveyed":"20120319"},"geometry":{"type":"LineString","coordinates":[[-2.765687,53.172267],[-2.764413,53.171669],[-2.764411,53.171668]]}},{"type":"Feature","properties":{"pressure":"HPN","kind":"main","spec":"18 ST","material":"ST","surveyed":"20120319"},"geometry":{"type":"LineString","coordinates":[[-2.771935,53.17409],[-2.769483,53.172913],[-2.766512,53.172596],[-2.766371,53.17258],[-2.766215,53.172541],[-2.765687,53.172267]]}},{"type":"Feature","properties":{"pressure":"HPN","kind":"main","spec":"36 ST","material":"ST","surveyed":"20120319"},"geometry":{"type":"LineString","coordinates":[[-2.771949,53.174888],[-2.771947,53.174887],[-2.767753,53.173309],[-2.766404,53.172954],[-2.76635,53.172936],[-2.766261,53.172893],[-2.765631,53.17256],[-2.765585,53.172534],[-2.765521,53.17251],[-2.765372,53.172462]]}},{"type":"Feature","properties":{"pressure":"HPN","kind":"main","spec":"36 ST","material":"ST","surveyed":"20120319"},"geometry":{"type":"LineString","coordinates":[[-2.765372,53.172462],[-2.764425,53.172194],[-2.764421,53.172193]]}},{"type":"Feature","properties":{"pressure":"HPN","kind":"main","spec":"18 ST","material":"ST","surveyed":"20120319"},"geometry":{"type":"LineString","coordinates":[[-2.7753,53.17508],[-2.775266,53.175063],[-2.773851,53.174359],[-2.773707,53.174303],[-2.773598,53.174259],[-2.77204,53.174141],[-2.771936,53.17409],[-2.771935,53.17409]]}},{"type":"Feature","properties":{"pressure":"HPN","kind":"main","spec":"36 ST","material":"ST","surveyed":"20120319"},"geometry":{"type":"LineString","coordinates":[[-2.773912,53.175089],[-2.773893,53.17508],[-2.773846,53.175067],[-2.77382,53.17506],[-2.773728,53.175044],[-2.773608,53.175036],[-2.772289,53.175006],[-2.771949,53.174888]]}},{"type":"Feature","properties":{"pressure":"HPN","kind":"main","spec":"18 ST","material":"ST","surveyed":"20120319"},"geometry":{"type":"LineString","coordinates":[[-2.756879,53.168705],[-2.756062,53.168335],[-2.755617,53.168027],[-2.754506,53.167736],[-2.752014,53.167643],[-2.749376,53.167341]]}},{"type":"Feature","properties":{"pressure":"HPN","kind":"main","spec":"36 ST","material":"ST","surveyed":"20120319"},"geometry":{"type":"LineString","coordinates":[[-2.756904,53.170091],[-2.756902,53.170091],[-2.755097,53.169829],[-2.753713,53.169444],[-2.749408,53.169203]]}},{"type":"Feature","properties":{"pressure":"HPN","kind":"main","spec":"18 ST","material":"ST","surveyed":"20120319"},"geometry":{"type":"LineString","coordinates":[[-2.76202,53.170671],[-2.762004,53.170666],[-2.758765,53.16956],[-2.75688,53.168705],[-2.756879,53.168705]]}},{"type":"Feature","properties":{"pressure":"HPN","kind":"main","spec":"36 ST","material":"ST","surveyed":"20120319"},"geometry":{"type":"LineString","coordinates":[[-2.759431,53.170688],[-2.758122,53.170282],[-2.75805,53.17026],[-2.757951,53.170242],[-2.756904,53.170091]]}},{"type":"Feature","properties":{"pressure":"HPN","kind":"main","spec":"18 ST","material":"ST","surveyed":"20120319"},"geometry":{"type":"LineString","coordinates":[[-2.764411,53.171668],[-2.764338,53.171635]]}},{"type":"Feature","properties":{"pressure":"HPN","kind":"main","spec":"18 ST","material":"ST","surveyed":"20120319"},"geometry":{"type":"LineString","coordinates":[[-2.764338,53.171635],[-2.762969,53.17098],[-2.762882,53.170949],[-2.76202,53.170671]]}},{"type":"Feature","properties":{"pressure":"HPN","kind":"main","spec":"36 ST","material":"ST","surveyed":"20120319"},"geometry":{"type":"LineString","coordinates":[[-2.764421,53.172193],[-2.761828,53.171413],[-2.759431,53.170688]]}},{"type":"Feature","properties":{"pressure":"HPN","kind":"main","spec":"750 ST","material":"ST","surveyed":"20241223"},"geometry":{"type":"LineString","coordinates":[[-2.891847,53.243593],[-2.890089,53.243563],[-2.889037,53.243483],[-2.888078,53.243441],[-2.886406,53.243301],[-2.885569,53.243228],[-2.885568,53.243228]]}},{"type":"Feature","properties":{"pressure":"HPN","kind":"main","spec":"750 ST","material":"ST","surveyed":"20241223"},"geometry":{"type":"LineString","coordinates":[[-2.893068,53.243612],[-2.893066,53.243612],[-2.891847,53.243593]]}},{"type":"Feature","properties":{"pressure":"HPN","kind":"main","spec":"750 ST","material":"ST","surveyed":"20251224"},"geometry":{"type":"LineString","coordinates":[[-2.900603,53.24562],[-2.900597,53.245618],[-2.900521,53.245587]]}},{"type":"Feature","properties":{"pressure":"HPN","kind":"main","spec":"750 ST","material":"ST","surveyed":"20251224"},"geometry":{"type":"LineString","coordinates":[[-2.900521,53.245587],[-2.898277,53.244687],[-2.895566,53.243655],[-2.893068,53.243612]]}},{"type":"Feature","properties":{"pressure":"HPN","kind":"main","spec":"750 ST","material":"ST","surveyed":"20120319"},"geometry":{"type":"LineString","coordinates":[[-2.870579,53.239423],[-2.870505,53.239399]]}},{"type":"Feature","properties":{"pressure":"HPN","kind":"main","spec":"750 ST","material":"ST","surveyed":"20120319"},"geometry":{"type":"LineString","coordinates":[[-2.876,53.2418],[-2.875915,53.24177],[-2.875434,53.240801],[-2.875243,53.240619],[-2.872418,53.240068],[-2.870579,53.239423]]}},{"type":"Feature","properties":{"pressure":"HPN","kind":"main","spec":"750 ST","material":"ST","surveyed":"20201018"},"geometry":{"type":"LineString","coordinates":[[-2.87806,53.242483],[-2.878026,53.242487],[-2.87789,53.242453],[-2.876468,53.241973],[-2.876243,53.241889]]}},{"type":"Feature","properties":{"pressure":"HPN","kind":"main","spec":"750 ST","material":"ST","surveyed":"20201018"},"geometry":{"type":"LineString","coordinates":[[-2.876243,53.241889],[-2.876,53.2418]]}},{"type":"Feature","properties":{"pressure":"HPN","kind":"main","spec":"750 ST","material":"ST","surveyed":"20201018"},"geometry":{"type":"LineString","coordinates":[[-2.885467,53.243218],[-2.883701,53.243062],[-2.882467,53.243068],[-2.881132,53.242771],[-2.880582,53.242909],[-2.878631,53.242411],[-2.878076,53.242481],[-2.87806,53.242483]]}},{"type":"Feature","properties":{"pressure":"HPN","kind":"main","spec":"750 ST","material":"ST","surveyed":"20201018"},"geometry":{"type":"LineString","coordinates":[[-2.885568,53.243228],[-2.885467,53.243218]]}},{"type":"Feature","properties":{"pressure":"HPN","kind":"main","spec":"750 ST","material":"ST","surveyed":"20201018"},"geometry":{"type":"LineString","coordinates":[[-2.86508,53.237609],[-2.864246,53.237392]]}},{"type":"Feature","properties":{"pressure":"HPN","kind":"main","spec":"750 ST","material":"ST","surveyed":"20201018"},"geometry":{"type":"LineString","coordinates":[[-2.870505,53.239399],[-2.870489,53.239394],[-2.869897,53.23919],[-2.868297,53.23862],[-2.867302,53.237686],[-2.86508,53.237609]]}},{"type":"Feature","properties":{"pressure":"HPN","kind":"main","spec":"750 ST","material":"ST","surveyed":"20201018"},"geometry":{"type":"LineString","coordinates":[[-2.862965,53.237034],[-2.862946,53.237028],[-2.860778,53.237132],[-2.857124,53.234425],[-2.856575,53.234014],[-2.855405,53.233566]]}},{"type":"Feature","properties":{"pressure":"HPN","kind":"main","spec":"750 ST","material":"ST","surveyed":"20120319"},"geometry":{"type":"LineString","coordinates":[[-2.864246,53.237392],[-2.862987,53.237039],[-2.862965,53.237034]]}},{"type":"Feature","properties":{"pressure":"HPN","kind":"main","spec":"750 ST","material":"ST","surveyed":"20201018"},"geometry":{"type":"LineString","coordinates":[[-2.847863,53.230995],[-2.84671,53.230656],[-2.846525,53.230592],[-2.845184,53.230267],[-2.843717,53.229897],[-2.842324,53.229559],[-2.840984,53.229216]]}},{"type":"Feature","properties":{"pressure":"HPN","kind":"main","spec":"750 ST","material":"ST","surveyed":"20201018"},"geometry":{"type":"LineString","coordinates":[[-2.840984,53.229216],[-2.840334,53.229055]]}},{"type":"Feature","properties":{"pressure":"HPN","kind":"main","spec":"750 ST","material":"ST","surveyed":"20201018"},"geometry":{"type":"LineString","coordinates":[[-2.853885,53.232972],[-2.851327,53.232006],[-2.847883,53.231],[-2.847863,53.230995]]}},{"type":"Feature","properties":{"pressure":"HPN","kind":"main","spec":"750 ST","material":"ST","surveyed":"20201018"},"geometry":{"type":"LineString","coordinates":[[-2.855405,53.233566],[-2.855197,53.233487],[-2.853892,53.232975],[-2.853885,53.232972]]}},{"type":"Feature","properties":{"pressure":"HPN","kind":"main","spec":"750 ST","material":"ST","surveyed":"20230924"},"geometry":{"type":"LineString","coordinates":[[-2.840173,53.229014],[-2.83849,53.228603],[-2.838423,53.228587]]}},{"type":"Feature","properties":{"pressure":"HPN","kind":"main","spec":"750 ST","material":"ST","surveyed":"20230924"},"geometry":{"type":"LineString","coordinates":[[-2.837422,53.228594],[-2.837376,53.228606],[-2.836911,53.228723],[-2.836507,53.22862],[-2.836438,53.228601]]}},{"type":"Feature","properties":{"pressure":"HPN","kind":"main","spec":"750 ST","material":"ST","surveyed":"20230924"},"geometry":{"type":"LineString","coordinates":[[-2.840334,53.229055],[-2.840173,53.229014]]}},{"type":"Feature","properties":{"pressure":"HPN","kind":"main","spec":"750 ST","material":"ST","surveyed":"20251220"},"geometry":{"type":"LineString","coordinates":[[-2.832817,53.227655],[-2.832809,53.227653],[-2.830233,53.226792],[-2.82908,53.227261],[-2.825302,53.226333]]}},{"type":"Feature","properties":{"pressure":"HPN","kind":"main","spec":"750 ST","material":"ST","surveyed":"20230924"},"geometry":{"type":"LineString","coordinates":[[-2.836438,53.228601],[-2.834001,53.227929],[-2.833653,53.227933],[-2.832817,53.227655]]}},{"type":"Feature","properties":{"pressure":"HPN","kind":"main","spec":"750 ST","material":"ST","surveyed":"20230924"},"geometry":{"type":"LineString","coordinates":[[-2.838423,53.228587],[-2.83792,53.228468],[-2.837422,53.228594]]}},{"type":"Feature","properties":{"pressure":"HPN","kind":"main","spec":"18 ST","material":"ST","surveyed":"20201018"},"geometry":{"type":"LineString","coordinates":[[-2.817871,53.229442],[-2.815946,53.230449],[-2.81583,53.23054],[-2.815578,53.230773],[-2.814659,53.231606],[-2.813749,53.232443],[-2.813481,53.232701],[-2.812928,53.233258]]}},{"type":"Feature","properties":{"pressure":"HPN","kind":"main","spec":"18 ST","material":"ST","surveyed":"20201018"},"geometry":{"type":"LineString","coordinates":[[-2.818838,53.228723],[-2.818679,53.228878],[-2.818379,53.229184],[-2.817971,53.22939],[-2.81788,53.229438],[-2.817871,53.229442]]}},{"type":"Feature","properties":{"pressure":"HPN","kind":"main","spec":"18 ST","material":"ST","surveyed":"20260603"},"geometry":{"type":"LineString","coordinates":[[-2.821886,53.224208],[-2.821875,53.224301]]}},{"type":"Feature","properties":{"pressure":"HPN","kind":"main","spec":"750 ST","material":"ST","surveyed":"20260603"},"geometry":{"type":"LineString","coordinates":[[-2.825302,53.226333],[-2.825292,53.22633],[-2.824372,53.226087],[-2.823921,53.22531],[-2.822612,53.224863],[-2.822243,53.224335]]}},{"type":"Feature","properties":{"pressure":"HPN","kind":"main","spec":"750 DI","material":"DI","surveyed":"20260603"},"geometry":{"type":"LineString","coordinates":[[-2.822243,53.224335],[-2.822183,53.224206]]}},{"type":"Feature","properties":{"pressure":"HPN","kind":"main","spec":"18 ST","material":"ST","surveyed":"20260603"},"geometry":{"type":"LineString","coordinates":[[-2.821875,53.224301],[-2.821685,53.22549],[-2.821613,53.22605],[-2.821069,53.226574],[-2.819951,53.227629],[-2.818838,53.228723]]}},{"type":"Feature","properties":{"pressure":"HPN","kind":"main","spec":"18 ST","material":"ST","surveyed":"20201018"},"geometry":{"type":"LineString","coordinates":[[-2.812791,53.233396],[-2.810524,53.235462],[-2.810496,53.235488]]}},{"type":"Feature","properties":{"pressure":"HPN","kind":"main","spec":"18 ST","material":"ST","surveyed":"20201018"},"geometry":{"type":"LineString","coordinates":[[-2.812928,53.233258],[-2.812791,53.233396]]}},{"type":"Feature","properties":{"pressure":"HPN","kind":"main","spec":"18 ST","material":"ST","surveyed":"20201018"},"geometry":{"type":"LineString","coordinates":[[-2.808158,53.237785],[-2.80726,53.238788]]}},{"type":"Feature","properties":{"pressure":"HPN","kind":"main","spec":"18 ST","material":"ST","surveyed":"20201018"},"geometry":{"type":"LineString","coordinates":[[-2.80726,53.238788],[-2.80625,53.2399],[-2.806829,53.240278],[-2.804693,53.242303]]}},{"type":"Feature","properties":{"pressure":"HPN","kind":"main","spec":"18 ST","material":"ST","surveyed":"20120320"},"geometry":{"type":"LineString","coordinates":[[-2.810496,53.235488],[-2.809548,53.236365],[-2.808755,53.237128]]}},{"type":"Feature","properties":{"pressure":"HPN","kind":"main","spec":"18 ST","material":"ST","surveyed":"20120320"},"geometry":{"type":"LineString","coordinates":[[-2.808755,53.237128],[-2.808158,53.237785]]}},{"type":"Feature","properties":{"pressure":"HPN","kind":"main","spec":"18 ST","material":"ST","surveyed":"20201018"},"geometry":{"type":"LineString","coordinates":[[-2.795797,53.250818],[-2.797311,53.251237],[-2.797314,53.251342]]}},{"type":"Feature","properties":{"pressure":"HPN","kind":"main","spec":"18 ST","material":"ST","surveyed":"20201018"},"geometry":{"type":"LineString","coordinates":[[-2.796864,53.249609],[-2.7958,53.25057],[-2.795793,53.250577]]}},{"type":"Feature","properties":{"pressure":"HPN","kind":"main","spec":"18 ST","material":"ST","surveyed":"20201018"},"geometry":{"type":"LineString","coordinates":[[-2.799876,53.24683],[-2.79922,53.247433],[-2.79796,53.248595],[-2.796864,53.249609]]}},{"type":"Feature","properties":{"pressure":"HPN","kind":"main","spec":"18 ST","material":"ST","surveyed":"20201018"},"geometry":{"type":"LineString","coordinates":[[-2.803159,53.243753],[-2.803155,53.243757],[-2.802536,53.244343],[-2.801465,53.24536],[-2.80038,53.246366]]}},{"type":"Feature","properties":{"pressure":"HPN","kind":"main","spec":"18 ST","material":"ST","surveyed":"20201018"},"geometry":{"type":"LineString","coordinates":[[-2.80038,53.246366],[-2.799888,53.246819],[-2.799876,53.24683]]}},{"type":"Feature","properties":{"pressure":"HPN","kind":"main","spec":"18 ST","material":"ST","surveyed":"20201018"},"geometry":{"type":"LineString","coordinates":[[-2.80442,53.242553],[-2.803336,53.243585],[-2.803159,53.243753]]}},{"type":"Feature","properties":{"pressure":"HPN","kind":"main","spec":"18 ST","material":"ST","surveyed":"20201018"},"geometry":{"type":"LineString","coordinates":[[-2.804693,53.242303],[-2.804687,53.24231],[-2.80442,53.242553]]}},{"type":"Feature","properties":{"pressure":"HPN","kind":"main","spec":"18 ST","material":"ST","surveyed":"20201018"},"geometry":{"type":"LineString","coordinates":[[-2.797314,53.251342],[-2.797315,53.251346],[-2.796017,53.252603],[-2.795834,53.252766]]}},{"type":"Feature","properties":{"pressure":"HPN","kind":"main","spec":"18 ST","material":"ST","surveyed":"20201018"},"geometry":{"type":"LineString","coordinates":[[-2.795793,53.250577],[-2.795645,53.250711],[-2.795646,53.250774],[-2.795795,53.250816],[-2.795797,53.250818]]}},{"type":"Feature","properties":{"pressure":"HPN","kind":"main","spec":"18 ST","material":"ST","surveyed":"20260220"},"geometry":{"type":"LineString","coordinates":[[-2.788474,53.260071],[-2.788468,53.260076],[-2.78806,53.260392]]}},{"type":"Feature","properties":{"pressure":"HPN","kind":"main","spec":"18 ST","material":"ST","surveyed":"20201018"},"geometry":{"type":"LineString","coordinates":[[-2.791193,53.257549],[-2.789881,53.258778],[-2.788815,53.259798],[-2.788474,53.260071]]}},{"type":"Feature","properties":{"pressure":"HPN","kind":"main","spec":"18 ST","material":"ST","surveyed":"20201018"},"geometry":{"type":"LineString","coordinates":[[-2.792385,53.255869],[-2.791946,53.256272],[-2.791924,53.256314],[-2.791799,53.256979],[-2.791193,53.257549]]}},{"type":"Feature","properties":{"pressure":"HPN","kind":"main","spec":"18 ST","material":"ST","surveyed":"20251214"},"geometry":{"type":"LineString","coordinates":[[-2.795834,53.252766],[-2.795821,53.252777],[-2.79486,53.253684]]}},{"type":"Feature","properties":{"pressure":"HPN","kind":"main","spec":"18 ST","material":"ST","surveyed":"20251214"},"geometry":{"type":"LineString","coordinates":[[-2.79486,53.253684],[-2.793706,53.254639],[-2.792418,53.255839],[-2.792385,53.255869]]}},{"type":"Feature","properties":{"pressure":"HPN","kind":"main","spec":"18 ST","material":"ST","surveyed":"20201018"},"geometry":{"type":"LineString","coordinates":[[-2.782816,53.265027],[-2.782211,53.265602],[-2.781587,53.26622],[-2.781548,53.266416],[-2.781266,53.266688],[-2.781102,53.266844]]}},{"type":"Feature","properties":{"pressure":"HPN","kind":"main","spec":"18 ST","material":"ST","surveyed":"20201018"},"geometry":{"type":"LineString","coordinates":[[-2.782929,53.264921],[-2.782816,53.265027]]}},{"type":"Feature","properties":{"pressure":"HPN","kind":"main","spec":"18 ST","material":"ST","surveyed":"20260220"},"geometry":{"type":"LineString","coordinates":[[-2.78806,53.260392],[-2.787921,53.260501],[-2.787707,53.260667],[-2.786982,53.261262]]}},{"type":"Feature","properties":{"pressure":"HPN","kind":"main","spec":"18 ST","material":"ST","surveyed":"20260220"},"geometry":{"type":"LineString","coordinates":[[-2.786982,53.261262],[-2.786754,53.261437],[-2.786351,53.261743],[-2.786037,53.261988],[-2.785762,53.262249],[-2.784493,53.263436],[-2.784339,53.263581],[-2.784188,53.263726],[-2.783564,53.264316],[-2.783269,53.264601],[-2.783113,53.264748],[-2.782953,53.264897],[-2.782929,53.264921]]}},{"type":"Feature","properties":{"pressure":"HPN","kind":"main","spec":"12 ST","material":"ST","surveyed":"20120320"},"geometry":{"type":"LineString","coordinates":[[-2.786455,53.280637],[-2.783073,53.281143],[-2.781647,53.281344],[-2.781361,53.281072]]}},{"type":"Feature","properties":{"pressure":"HPN","kind":"main","spec":"12 ST","material":"ST","surveyed":"20120320"},"geometry":{"type":"LineString","coordinates":[[-2.788846,53.280274],[-2.788838,53.280276],[-2.786455,53.280637]]}},{"type":"Feature","properties":{"pressure":"HPN","kind":"main","spec":"12 ST","material":"ST","surveyed":"20170818"},"geometry":{"type":"LineString","coordinates":[[-2.791847,53.280785],[-2.79187,53.280711],[-2.791812,53.280602],[-2.789739,53.280144],[-2.788846,53.280274]]}},{"type":"Feature","properties":{"pressure":"HPN","kind":"main","spec":"18 ST","material":"ST","surveyed":"20260114"},"geometry":{"type":"LineString","coordinates":[[-2.781102,53.266844],[-2.78097,53.266971],[-2.780643,53.267275],[-2.780335,53.267559],[-2.78018,53.267702],[-2.780029,53.267843],[-2.779725,53.268126],[-2.779411,53.268402],[-2.779104,53.268682],[-2.778782,53.268956]]}},{"type":"Feature","properties":{"pressure":"HPN","kind":"main","spec":"18 ST","material":"ST","surveyed":"20260114"},"geometry":{"type":"LineString","coordinates":[[-2.778782,53.268956],[-2.778549,53.26915],[-2.778468,53.269443],[-2.778468,53.269445]]}},{"type":"Feature","properties":{"pressure":"HPN","kind":"main","spec":"18 ST","material":"ST","surveyed":"20260101"},"geometry":{"type":"LineString","coordinates":[[-2.772559,53.277055],[-2.771416,53.277897],[-2.769999,53.278471],[-2.769955,53.278489]]}},{"type":"Feature","properties":{"pressure":"HPN","kind":"main","spec":"18 ST","material":"ST","surveyed":"20260101"},"geometry":{"type":"LineString","coordinates":[[-2.773766,53.275754],[-2.773735,53.275819],[-2.773532,53.276257],[-2.773426,53.2764],[-2.772559,53.277055]]}},{"type":"Feature","properties":{"pressure":"HPN","kind":"main","spec":"18 ST","material":"ST","surveyed":"20201018"},"geometry":{"type":"LineString","coordinates":[[-2.774401,53.274868],[-2.774168,53.274914],[-2.773766,53.275754]]}},{"type":"Feature","properties":{"pressure":"HPN","kind":"main","spec":"18 ST","material":"ST","surveyed":"20201018"},"geometry":{"type":"LineString","coordinates":[[-2.774721,53.273963],[-2.774732,53.274752],[-2.774516,53.274826],[-2.774401,53.274868]]}},{"type":"Feature","properties":{"pressure":"HPN","kind":"main","spec":"12 ST","material":"ST","surveyed":"20201018"},"geometry":{"type":"LineString","coordinates":[[-2.77858,53.278433],[-2.778566,53.278422],[-2.777111,53.277254],[-2.776615,53.277162],[-2.774401,53.274868]]}},{"type":"Feature","properties":{"pressure":"HPN","kind":"main","spec":"18 ST","material":"ST","surveyed":"20251211"},"geometry":{"type":"LineString","coordinates":[[-2.778468,53.269445],[-2.778279,53.270206],[-2.778219,53.270288],[-2.776856,53.271546],[-2.776011,53.272336],[-2.775304,53.272985]]}},{"type":"Feature","properties":{"pressure":"HPN","kind":"main","spec":"18 ST","material":"ST","surveyed":"20251211"},"geometry":{"type":"LineString","coordinates":[[-2.775304,53.272985],[-2.774724,53.273496],[-2.774719,53.273797],[-2.774721,53.273963]]}},{"type":"Feature","properties":{"pressure":"HPN","kind":"main","spec":"18 ST","material":"ST","surveyed":"20201018"},"geometry":{"type":"LineString","coordinates":[[-2.769955,53.278489],[-2.767947,53.279302]]}},{"type":"Feature","properties":{"pressure":"HPN","kind":"main","spec":"18 ST","material":"ST","surveyed":"20201018"},"geometry":{"type":"LineString","coordinates":[[-2.767947,53.279302],[-2.766344,53.280037]]}},{"type":"Feature","properties":{"pressure":"HPN","kind":"main","spec":"12 ST","material":"ST","surveyed":"20201018"},"geometry":{"type":"LineString","coordinates":[[-2.781361,53.281072],[-2.78135,53.281062],[-2.778838,53.278643],[-2.778682,53.278515]]}},{"type":"Feature","properties":{"pressure":"HPN","kind":"main","spec":"12 ST","material":"ST","surveyed":"20201018"},"geometry":{"type":"LineString","coordinates":[[-2.778682,53.278515],[-2.77858,53.278433]]}},{"type":"Feature","properties":{"pressure":"HPN","kind":"main","spec":"18 ST","material":"ST","surveyed":"20201018"},"geometry":{"type":"LineString","coordinates":[[-2.754634,53.283359],[-2.753508,53.283797],[-2.752105,53.284403],[-2.751428,53.284707]]}},{"type":"Feature","properties":{"pressure":"HPN","kind":"main","spec":"18 ST","material":"ST","surveyed":"20201018"},"geometry":{"type":"LineString","coordinates":[[-2.755263,53.283077],[-2.754634,53.283359]]}},{"type":"Feature","properties":{"pressure":"HPN","kind":"main","spec":"18 ST","material":"ST","surveyed":"20201018"},"geometry":{"type":"LineString","coordinates":[[-2.758899,53.283072],[-2.758881,53.283064],[-2.758862,53.283054]]}},{"type":"Feature","properties":{"pressure":"HPN","kind":"main","spec":"18 ST","material":"ST","surveyed":"20201018"},"geometry":{"type":"LineString","coordinates":[[-2.759368,53.283051],[-2.759099,53.283169],[-2.758899,53.283072]]}},{"type":"Feature","properties":{"pressure":"HPN","kind":"main","spec":"18 ST","material":"ST","surveyed":"20251127"},"geometry":{"type":"LineString","coordinates":[[-2.758862,53.283054],[-2.758841,53.283044],[-2.758633,53.282942],[-2.757178,53.282238],[-2.755279,53.28307],[-2.755263,53.283077]]}},{"type":"Feature","properties":{"pressure":"HPN","kind":"main","spec":"18 ST","material":"ST","surveyed":"20231211"},"geometry":{"type":"LineString","coordinates":[[-2.766344,53.280037],[-2.76631,53.280053],[-2.766239,53.280084],[-2.765836,53.279919],[-2.760857,53.282418]]}},{"type":"Feature","properties":{"pressure":"HPN","kind":"main","spec":"18 ST","material":"ST","surveyed":"20231211"},"geometry":{"type":"LineString","coordinates":[[-2.760857,53.282418],[-2.759594,53.282952],[-2.759368,53.283051]]}},{"type":"Feature","properties":{"pressure":"HPN","kind":"main","spec":"36 ST","material":"ST","surveyed":"20201018"},"geometry":{"type":"LineString","coordinates":[[-2.741922,53.16882],[-2.741921,53.168819],[-2.740431,53.168342],[-2.739619,53.167968],[-2.739555,53.167939],[-2.739487,53.167912],[-2.739406,53.167883],[-2.739312,53.167849],[-2.739211,53.167824],[-2.739085,53.167804],[-2.736551,53.167355],[-2.736469,53.167343],[-2.736401,53.167331],[-2.736338,53.167326],[-2.736259,53.167321],[-2.736157,53.167316],[-2.736067,53.167318],[-2.736,53.167321],[-2.735905,53.167326],[-2.735833,53.167338],[-2.734925,53.167498],[-2.73477,53.167524],[-2.734665,53.167541],[-2.734582,53.167554],[-2.734515,53.167562],[-2.734451,53.167567],[-2.734421,53.167568]]}},{"type":"Feature","properties":{"pressure":"HPN","kind":"main","spec":"36 ST","material":"ST","surveyed":"20201018"},"geometry":{"type":"LineString","coordinates":[[-2.743857,53.169439],[-2.741922,53.16882]]}},{"type":"Feature","properties":{"pressure":"HPN","kind":"main","spec":"18 ST","material":"ST","surveyed":"20201018"},"geometry":{"type":"LineString","coordinates":[[-2.749376,53.167341],[-2.749364,53.167339],[-2.749122,53.167302],[-2.746203,53.16674],[-2.744569,53.166287]]}},{"type":"Feature","properties":{"pressure":"HPN","kind":"main","spec":"36 ST","material":"ST","surveyed":"20201018"},"geometry":{"type":"LineString","coordinates":[[-2.749408,53.169203],[-2.749407,53.169203],[-2.745233,53.168968],[-2.74412,53.169477],[-2.743857,53.169439]]}},{"type":"Feature","properties":{"pressure":"HPN","kind":"main","spec":"18 ST","material":"ST","surveyed":"20120319"},"geometry":{"type":"LineString","coordinates":[[-2.740968,53.165958],[-2.73438,53.16516]]}},{"type":"Feature","properties":{"pressure":"HPN","kind":"main","spec":"18 ST","material":"ST","surveyed":"20120319"},"geometry":{"type":"LineString","coordinates":[[-2.74187,53.165824],[-2.741868,53.165824],[-2.740968,53.165958]]}},{"type":"Feature","properties":{"pressure":"HPN","kind":"main","spec":"18 ST","material":"ST","surveyed":"20120319"},"geometry":{"type":"LineString","coordinates":[[-2.744569,53.166287],[-2.744556,53.166283],[-2.742547,53.165727],[-2.74187,53.165824]]}},{"type":"Feature","properties":{"pressure":"HPN","kind":"main","spec":"36 ST","material":"ST","surveyed":"20201018"},"geometry":{"type":"LineString","coordinates":[[-2.726928,53.166753],[-2.725552,53.166704],[-2.725456,53.166697],[-2.725344,53.166683],[-2.723448,53.166417]]}},{"type":"Feature","properties":{"pressure":"HPN","kind":"main","spec":"36 ST","material":"ST","surveyed":"20201018"},"geometry":{"type":"LineString","coordinates":[[-2.734421,53.167568],[-2.734407,53.167568],[-2.734392,53.167568],[-2.734348,53.167567],[-2.734275,53.167561],[-2.734171,53.167546],[-2.733913,53.167505],[-2.733384,53.167412],[-2.731889,53.166977],[-2.731834,53.166957],[-2.731793,53.166948],[-2.731735,53.166938],[-2.731675,53.166931],[-2.731607,53.166921],[-2.731327,53.166915]]}},{"type":"Feature","properties":{"pressure":"HPN","kind":"main","spec":"36 ST","material":"ST","surveyed":"20201018"},"geometry":{"type":"LineString","coordinates":[[-2.731327,53.166915],[-2.726938,53.166753],[-2.726928,53.166753]]}},{"type":"Feature","properties":{"pressure":"HPN","kind":"main","spec":"18 ST","material":"ST","surveyed":"20201018"},"geometry":{"type":"LineString","coordinates":[[-2.726892,53.164624],[-2.726891,53.164624],[-2.72355,53.164544],[-2.719389,53.163198]]}},{"type":"Feature","properties":{"pressure":"HPN","kind":"main","spec":"36 ST","material":"ST","surveyed":"20201018"},"geometry":{"type":"LineString","coordinates":[[-2.723448,53.166417],[-2.72344,53.166416],[-2.720583,53.165987],[-2.720521,53.16598],[-2.720476,53.165968],[-2.720444,53.165948],[-2.720417,53.165926],[-2.719964,53.165194],[-2.719917,53.165133],[-2.719863,53.165068],[-2.719809,53.165006],[-2.719738,53.164954],[-2.719675,53.164908],[-2.71961,53.164868],[-2.719489,53.164804],[-2.719421,53.164774],[-2.719416,53.164771]]}},{"type":"Feature","properties":{"pressure":"HPN","kind":"main","spec":"18 ST","material":"ST","surveyed":"20120319"},"geometry":{"type":"LineString","coordinates":[[-2.734149,53.165136],[-2.733579,53.165045],[-2.731572,53.164725],[-2.726892,53.164624]]}},{"type":"Feature","properties":{"pressure":"HPN","kind":"main","spec":"18 ST","material":"ST","surveyed":"20120319"},"geometry":{"type":"LineString","coordinates":[[-2.73438,53.16516],[-2.734372,53.16516],[-2.734149,53.165136]]}},{"type":"Feature","properties":{"pressure":"HPN","kind":"main","spec":"18 ST","material":"ST","surveyed":"20201018"},"geometry":{"type":"LineString","coordinates":[[-2.717078,53.161961],[-2.71573,53.161074],[-2.715573,53.160989],[-2.714734,53.160711]]}},{"type":"Feature","properties":{"pressure":"HPN","kind":"main","spec":"18 ST","material":"ST","surveyed":"20201018"},"geometry":{"type":"LineString","coordinates":[[-2.714734,53.160711],[-2.714331,53.1606],[-2.714006,53.160517],[-2.711855,53.159856]]}},{"type":"Feature","properties":{"pressure":"HPN","kind":"main","spec":"18 ST","material":"ST","surveyed":"20120319"},"geometry":{"type":"LineString","coordinates":[[-2.704499,53.157542],[-2.704494,53.15754],[-2.704429,53.157523]]}},{"type":"Feature","properties":{"pressure":"HPN","kind":"main","spec":"18 ST","material":"ST","surveyed":"20120319"},"geometry":{"type":"LineString","coordinates":[[-2.704429,53.157523],[-2.704339,53.1575]]}},{"type":"Feature","properties":{"pressure":"HPN","kind":"main","spec":"36 ST","material":"ST","surveyed":"20120319"},"geometry":{"type":"LineString","coordinates":[[-2.707424,53.157524],[-2.707403,53.15752],[-2.704334,53.156833],[-2.704328,53.156832]]}},{"type":"Feature","properties":{"pressure":"HPN","kind":"main","spec":"36 ST","material":"ST","surveyed":"20201018"},"geometry":{"type":"LineString","coordinates":[[-2.711892,53.162082],[-2.711749,53.161998],[-2.711742,53.161993]]}},{"type":"Feature","properties":{"pressure":"HPN","kind":"main","spec":"18 ST","material":"ST","surveyed":"20201018"},"geometry":{"type":"LineString","coordinates":[[-2.719389,53.163198],[-2.719361,53.163189],[-2.71858,53.162937],[-2.718466,53.162879],[-2.717078,53.161961]]}},{"type":"Feature","properties":{"pressure":"HPN","kind":"main","spec":"36 ST","material":"ST","surveyed":"20201018"},"geometry":{"type":"LineString","coordinates":[[-2.719416,53.164771],[-2.719331,53.164735],[-2.718723,53.164493],[-2.718642,53.164465],[-2.718559,53.164436],[-2.718475,53.164416],[-2.718392,53.164394],[-2.718314,53.164378],[-2.71811,53.164349],[-2.715679,53.164035],[-2.715536,53.164019],[-2.715417,53.164003],[-2.715319,53.163982],[-2.715195,53.163948],[-2.715082,53.163913],[-2.714977,53.16387],[-2.714898,53.163833],[-2.714706,53.163727]]}},{"type":"Feature","properties":{"pressure":"HPN","kind":"main","spec":"36 ST","material":"ST","surveyed":"20201018"},"geometry":{"type":"LineString","coordinates":[[-2.714706,53.163727],[-2.711911,53.162093],[-2.711892,53.162082]]}},{"type":"Feature","properties":{"pressure":"HPN","kind":"main","spec":"18 ST","material":"ST","surveyed":"20120319"},"geometry":{"type":"LineString","coordinates":[[-2.689795,53.153133],[-2.689327,53.15293],[-2.68931,53.152922]]}},{"type":"Feature","properties":{"pressure":"HPN","kind":"main","spec":"36 ST","material":"ST","surveyed":"20120319"},"geometry":{"type":"LineString","coordinates":[[-2.694202,53.153108],[-2.694201,53.153107],[-2.694011,53.15296],[-2.693975,53.152934],[-2.693933,53.15291],[-2.6939,53.152892],[-2.69384,53.152871],[-2.69374,53.152835],[-2.689286,53.15134],[-2.689285,53.15134]]}},{"type":"Feature","properties":{"pressure":"HPN","kind":"main","spec":"18 ST","material":"ST","surveyed":"20120319"},"geometry":{"type":"LineString","coordinates":[[-2.690328,53.153365],[-2.68987,53.153165],[-2.689795,53.153133]]}},{"type":"Feature","properties":{"pressure":"HPN","kind":"main","spec":"18 ST","material":"ST","surveyed":"20120319"},"geometry":{"type":"LineString","coordinates":[[-2.696828,53.155439],[-2.691616,53.154017]]}},{"type":"Feature","properties":{"pressure":"HPN","kind":"main","spec":"18 ST","material":"ST","surveyed":"20120319"},"geometry":{"type":"LineString","coordinates":[[-2.691616,53.154017],[-2.690328,53.153365]]}},{"type":"Feature","properties":{"pressure":"HPN","kind":"main","spec":"36 ST","material":"ST","surveyed":"20120319"},"geometry":{"type":"LineString","coordinates":[[-2.696806,53.154112],[-2.69457,53.15333],[-2.694436,53.153277],[-2.694378,53.153247],[-2.69433,53.153215],[-2.694282,53.153171],[-2.694202,53.153108]]}},{"type":"Feature","properties":{"pressure":"HPN","kind":"main","spec":"18 ST","material":"ST","surveyed":"20120319"},"geometry":{"type":"LineString","coordinates":[[-2.704159,53.157455],[-2.703715,53.157316],[-2.697881,53.155726],[-2.696828,53.155439]]}},{"type":"Feature","properties":{"pressure":"HPN","kind":"main","spec":"18 ST","material":"ST","surveyed":"20120319"},"geometry":{"type":"LineString","coordinates":[[-2.704339,53.1575],[-2.704159,53.157455]]}},{"type":"Feature","properties":{"pressure":"HPN","kind":"main","spec":"36 ST","material":"ST","surveyed":"20120319"},"geometry":{"type":"LineString","coordinates":[[-2.704328,53.156832],[-2.702754,53.156479],[-2.702606,53.156454],[-2.702519,53.156437],[-2.70242,53.156407],[-2.702318,53.156371],[-2.702197,53.156315],[-2.699644,53.155099],[-2.696807,53.154113],[-2.696806,53.154112]]}},{"type":"Feature","properties":{"pressure":"HPN","kind":"main","spec":"18 ST","material":"ST","surveyed":"20201018"},"geometry":{"type":"LineString","coordinates":[[-2.68178,53.149559],[-2.681779,53.149559],[-2.67982,53.148999],[-2.679554,53.148709],[-2.679544,53.148698]]}},{"type":"Feature","properties":{"pressure":"HPN","kind":"main","spec":"900 ST","material":"ST","surveyed":"20201018"},"geometry":{"type":"LineString","coordinates":[[-2.681778,53.149415],[-2.681777,53.149415],[-2.680016,53.14888],[-2.679936,53.148791],[-2.679628,53.148711],[-2.679576,53.148698]]}},{"type":"Feature","properties":{"pressure":"HPN","kind":"main","spec":"18 ST","material":"ST","surveyed":"20120319"},"geometry":{"type":"LineString","coordinates":[[-2.68931,53.152922],[-2.689152,53.152852],[-2.688909,53.152751],[-2.688597,53.152578],[-2.686839,53.151601],[-2.684787,53.150457],[-2.684659,53.150387],[-2.683413,53.149868],[-2.683225,53.149809],[-2.682363,53.149664],[-2.681856,53.14958],[-2.68178,53.149559]]}},{"type":"Feature","properties":{"pressure":"HPN","kind":"main","spec":"900 ST","material":"ST","surveyed":"20120319"},"geometry":{"type":"LineString","coordinates":[[-2.682389,53.149544],[-2.681988,53.149479],[-2.681778,53.149415]]}},{"type":"Feature","properties":{"pressure":"HPN","kind":"main","spec":"36 ST","material":"ST","surveyed":"20120319"},"geometry":{"type":"LineString","coordinates":[[-2.686684,53.150479],[-2.683724,53.149898],[-2.683325,53.149787],[-2.682748,53.149689]]}},{"type":"Feature","properties":{"pressure":"HPN","kind":"main","spec":"36 ST","material":"ST","surveyed":"20120319"},"geometry":{"type":"LineString","coordinates":[[-2.682748,53.149689],[-2.682599,53.14966]]}},{"type":"Feature","properties":{"pressure":"HPN","kind":"main","spec":"36 ST","material":"ST","surveyed":"20120319"},"geometry":{"type":"LineString","coordinates":[[-2.689285,53.15134],[-2.686684,53.150479]]}},{"type":"Feature","properties":{"pressure":"HPN","kind":"main","spec":"450 ST","material":"ST","surveyed":"20201018"},"geometry":{"type":"LineString","coordinates":[[-2.662248,53.144301],[-2.661571,53.143847],[-2.661328,53.143851],[-2.660892,53.144001],[-2.660296,53.144252],[-2.660123,53.144312]]}},{"type":"Feature","properties":{"pressure":"HPN","kind":"main","spec":"900 ST","material":"ST","surveyed":"20251218"},"geometry":{"type":"LineString","coordinates":[[-2.665522,53.148777],[-2.665495,53.148789],[-2.665068,53.148979],[-2.664577,53.148783],[-2.664575,53.148782]]}},{"type":"Feature","properties":{"pressure":"HPN","kind":"main","spec":"450 ST","material":"ST","surveyed":"20201018"},"geometry":{"type":"LineString","coordinates":[[-2.660123,53.144312],[-2.660102,53.14432],[-2.659426,53.144541]]}},{"type":"Feature","properties":{"pressure":"HPN","kind":"main","spec":"450 ST","material":"ST","surveyed":"20201018"},"geometry":{"type":"LineString","coordinates":[[-2.666135,53.144476],[-2.665663,53.14446],[-2.664167,53.144397],[-2.663004,53.144362],[-2.662297,53.144334],[-2.662249,53.144302],[-2.662248,53.144301]]}},{"type":"Feature","properties":{"pressure":"HPN","kind":"main","spec":"900 ST","material":"ST","surveyed":"20201018"},"geometry":{"type":"LineString","coordinates":[[-2.664575,53.148782],[-2.6618,53.147651]]}},{"type":"Feature","properties":{"pressure":"HPN","kind":"main","spec":"900 ST","material":"ST","surveyed":"20201018"},"geometry":{"type":"LineString","coordinates":[[-2.666813,53.148595],[-2.666801,53.148595],[-2.665913,53.148602],[-2.665522,53.148777]]}},{"type":"Feature","properties":{"pressure":"HPN","kind":"main","spec":"18 ST","material":"ST","surveyed":"20201018"},"geometry":{"type":"LineString","coordinates":[[-2.666751,53.144586],[-2.666135,53.144476]]}},{"type":"Feature","properties":{"pressure":"HPN","kind":"main","spec":"450 ST","material":"ST","surveyed":"20201018"},"geometry":{"type":"LineString","coordinates":[[-2.659426,53.144541],[-2.659275,53.144593]]}},{"type":"Feature","properties":{"pressure":"HPN","kind":"main","spec":"900 ST","material":"ST","surveyed":"20201018"},"geometry":{"type":"LineString","coordinates":[[-2.6618,53.147651],[-2.659314,53.147133]]}},{"type":"Feature","properties":{"pressure":"HPN","kind":"main","spec":"900 ST","material":"ST","surveyed":"20201018"},"geometry":{"type":"LineString","coordinates":[[-2.674286,53.148406],[-2.67428,53.148406],[-2.670212,53.148549],[-2.666813,53.148595]]}},{"type":"Feature","properties":{"pressure":"HPN","kind":"main","spec":"18 ST","material":"ST","surveyed":"20201018"},"geometry":{"type":"LineString","coordinates":[[-2.674042,53.146217],[-2.670298,53.144983],[-2.6673,53.144674]]}},{"type":"Feature","properties":{"pressure":"HPN","kind":"main","spec":"18 ST","material":"ST","surveyed":"20201018"},"geometry":{"type":"LineString","coordinates":[[-2.6673,53.144674],[-2.666751,53.144586]]}},{"type":"Feature","properties":{"pressure":"HPN","kind":"main","spec":"18 ST","material":"ST","surveyed":"20201018"},"geometry":{"type":"LineString","coordinates":[[-2.674253,53.146304],[-2.674236,53.146297],[-2.674042,53.146217]]}},{"type":"Feature","properties":{"pressure":"HPN","kind":"main","spec":"450 ST","material":"ST","surveyed":"20201018"},"geometry":{"type":"LineString","coordinates":[[-2.64629,53.148883],[-2.645047,53.149608],[-2.6449,53.149685],[-2.644746,53.149738],[-2.644403,53.149813]]}},{"type":"Feature","properties":{"pressure":"HPN","kind":"main","spec":"900 ST","material":"ST","surveyed":"20201018"},"geometry":{"type":"LineString","coordinates":[[-2.651871,53.14929],[-2.648819,53.1506],[-2.647864,53.152503],[-2.646063,53.152659],[-2.644751,53.153386]]}},{"type":"Feature","properties":{"pressure":"HPN","kind":"main","spec":"900 ST","material":"ST","surveyed":"20251218"},"geometry":{"type":"LineString","coordinates":[[-2.654628,53.148837],[-2.652511,53.149028],[-2.651874,53.149288],[-2.651871,53.14929]]}},{"type":"Feature","properties":{"pressure":"HPN","kind":"main","spec":"450 ST","material":"ST","surveyed":"20201018"},"geometry":{"type":"LineString","coordinates":[[-2.651834,53.146806],[-2.650879,53.147152],[-2.648659,53.14755],[-2.648614,53.147553],[-2.648486,53.147606],[-2.646423,53.148805]]}},{"type":"Feature","properties":{"pressure":"HPN","kind":"main","spec":"450 ST","material":"ST","surveyed":"20201018"},"geometry":{"type":"LineString","coordinates":[[-2.646423,53.148805],[-2.64629,53.148883]]}},{"type":"Feature","properties":{"pressure":"HPN","kind":"main","spec":"450 ST","material":"ST","surveyed":"20201018"},"geometry":{"type":"LineString","coordinates":[[-2.652794,53.146462],[-2.652158,53.146688],[-2.651834,53.146806]]}},{"type":"Feature","properties":{"pressure":"HPN","kind":"main","spec":"450 ST","material":"ST","surveyed":"20201018"},"geometry":{"type":"LineString","coordinates":[[-2.659275,53.144593],[-2.659258,53.144599],[-2.65911,53.14465],[-2.658783,53.144764],[-2.657705,53.145013],[-2.656478,53.145318],[-2.655197,53.145625],[-2.654422,53.145817],[-2.653826,53.146051],[-2.653229,53.146295],[-2.652794,53.146462]]}},{"type":"Feature","properties":{"pressure":"HPN","kind":"main","spec":"900 ST","material":"ST","surveyed":"20201018"},"geometry":{"type":"LineString","coordinates":[[-2.659314,53.147133],[-2.659289,53.147128],[-2.658497,53.146964],[-2.658162,53.147055],[-2.657903,53.14847],[-2.65764,53.14859],[-2.654639,53.148836],[-2.654628,53.148837]]}},{"type":"Feature","properties":{"pressure":"HPN","kind":"main","spec":"900 ST","material":"ST","surveyed":"20251218"},"geometry":{"type":"LineString","coordinates":[[-2.644751,53.153386],[-2.644736,53.153395],[-2.644459,53.153548]]}},{"type":"Feature","properties":{"pressure":"HPN","kind":"main","spec":"18 ST","material":"ST","surveyed":"20120319"},"geometry":{"type":"LineString","coordinates":[[-2.636933,53.15022],[-2.634875,53.150027],[-2.63112,53.148964]]}},{"type":"Feature","properties":{"pressure":"HPN","kind":"main","spec":"18 ST","material":"ST","surveyed":"20201018"},"geometry":{"type":"LineString","coordinates":[[-2.637221,53.150248],[-2.636965,53.150223],[-2.636933,53.15022]]}},{"type":"Feature","properties":{"pressure":"HPN","kind":"main","spec":"450 ST","material":"ST","surveyed":"20201018"},"geometry":{"type":"LineString","coordinates":[[-2.639027,53.150428],[-2.637746,53.150298],[-2.637221,53.150248]]}},{"type":"Feature","properties":{"pressure":"HPN","kind":"main","spec":"450 ST","material":"ST","surveyed":"20201018"},"geometry":{"type":"LineString","coordinates":[[-2.644403,53.149813],[-2.643399,53.150033],[-2.641417,53.150465],[-2.641048,53.150544],[-2.640911,53.150562],[-2.640607,53.150545],[-2.639027,53.150428]]}},{"type":"Feature","properties":{"pressure":"HPN","kind":"main","spec":"18 ST","material":"ST","surveyed":"20120319"},"geometry":{"type":"LineString","coordinates":[[-2.63112,53.148964],[-2.631087,53.148955],[-2.629436,53.148497],[-2.629431,53.148495]]}},{"type":"Feature","properties":{"pressure":"HPN","kind":"main","spec":"900 ST","material":"ST","surveyed":"20120319"},"geometry":{"type":"LineString","coordinates":[[-2.630832,53.157955],[-2.630832,53.157956],[-2.630572,53.160113],[-2.629607,53.16048]]}},{"type":"Feature","properties":{"pressure":"HPN","kind":"main","spec":"900 ST","material":"ST","surveyed":"20120319"},"geometry":{"type":"LineString","coordinates":[[-2.637016,53.155842],[-2.630856,53.157778],[-2.630832,53.157955]]}},{"type":"Feature","properties":{"pressure":"HPN","kind":"main","spec":"900 ST","material":"ST","surveyed":"20201018"},"geometry":{"type":"LineString","coordinates":[[-2.643619,53.154016],[-2.640648,53.1547],[-2.637019,53.15584],[-2.637016,53.155842]]}},{"type":"Feature","properties":{"pressure":"HPN","kind":"main","spec":"900 ST","material":"ST","surveyed":"20201018"},"geometry":{"type":"LineString","coordinates":[[-2.644459,53.153548],[-2.644437,53.15356],[-2.643619,53.154016]]}},{"type":"Feature","properties":{"pressure":"HPN","kind":"main","spec":"18 ST","material":"ST","surveyed":"20120319"},"geometry":{"type":"LineString","coordinates":[[-2.621945,53.147769],[-2.621938,53.147768],[-2.621889,53.147762],[-2.621781,53.147737],[-2.614617,53.145586]]}},{"type":"Feature","properties":{"pressure":"HPN","kind":"main","spec":"18 ST","material":"ST","surveyed":"20120319"},"geometry":{"type":"LineString","coordinates":[[-2.614617,53.145586],[-2.614437,53.145525]]}},{"type":"Feature","properties":{"pressure":"HPN","kind":"main","spec":"18 ST","material":"ST","surveyed":"20120319"},"geometry":{"type":"LineString","coordinates":[[-2.629431,53.148495],[-2.627693,53.148009],[-2.626225,53.148084],[-2.622034,53.14778],[-2.621945,53.147769]]}},{"type":"Feature","properties":{"pressure":"HPN","kind":"main","spec":"900 ST","material":"ST","surveyed":"20120319"},"geometry":{"type":"LineString","coordinates":[[-2.624849,53.161982],[-2.623765,53.162486],[-2.623764,53.162487]]}},{"type":"Feature","properties":{"pressure":"HPN","kind":"main","spec":"900 ST","material":"ST","surveyed":"20120319"},"geometry":{"type":"LineString","coordinates":[[-2.629607,53.16048],[-2.629588,53.160487],[-2.625808,53.161967],[-2.624849,53.161982]]}},{"type":"Feature","properties":{"pressure":"HPN","kind":"main","spec":"900 ST","material":"ST","surveyed":"20120319"},"geometry":{"type":"LineString","coordinates":[[-2.616676,53.165762],[-2.614734,53.166333]]}},{"type":"Feature","properties":{"pressure":"HPN","kind":"main","spec":"900 ST","material":"ST","surveyed":"20120319"},"geometry":{"type":"LineString","coordinates":[[-2.622168,53.163225],[-2.621107,53.163737],[-2.619819,53.164169],[-2.619482,53.164649],[-2.616676,53.165762]]}},{"type":"Feature","properties":{"pressure":"HPN","kind":"main","spec":"900 ST","material":"ST","surveyed":"20120319"},"geometry":{"type":"LineString","coordinates":[[-2.623764,53.162487],[-2.622194,53.163213],[-2.622168,53.163225]]}},{"type":"Feature","properties":{"pressure":"HPN","kind":"main","spec":"18 ST","material":"ST","surveyed":"20120319"},"geometry":{"type":"LineString","coordinates":[[-2.606926,53.142989],[-2.601072,53.142132],[-2.600622,53.142064],[-2.599943,53.141986],[-2.599436,53.141929]]}},{"type":"Feature","properties":{"pressure":"HPN","kind":"main","spec":"18 ST","material":"ST","surveyed":"20120319"},"geometry":{"type":"LineString","coordinates":[[-2.614437,53.145525],[-2.614423,53.145521],[-2.611601,53.144572]]}},{"type":"Feature","properties":{"pressure":"HPN","kind":"main","spec":"900 ST","material":"ST","surveyed":"20120319"},"geometry":{"type":"LineString","coordinates":[[-2.607273,53.167598],[-2.607249,53.1676],[-2.600748,53.167948]]}},{"type":"Feature","properties":{"pressure":"HPN","kind":"main","spec":"900 ST","material":"ST","surveyed":"20120319"},"geometry":{"type":"LineString","coordinates":[[-2.600748,53.167948],[-2.599799,53.167998]]}},{"type":"Feature","properties":{"pressure":"HPN","kind":"main","spec":"900 ST","material":"ST","surveyed":"20120319"},"geometry":{"type":"LineString","coordinates":[[-2.612424,53.16704],[-2.612408,53.167045],[-2.611444,53.167345],[-2.611161,53.167767],[-2.608437,53.167534],[-2.607273,53.167598]]}},{"type":"Feature","properties":{"pressure":"HPN","kind":"main","spec":"900 ST","material":"ST","surveyed":"20120319"},"geometry":{"type":"LineString","coordinates":[[-2.614734,53.166333],[-2.614733,53.166334],[-2.613858,53.166595],[-2.612424,53.16704]]}},{"type":"Feature","properties":{"pressure":"HPN","kind":"main","spec":"18 ST","material":"ST","surveyed":"20260123"},"geometry":{"type":"LineString","coordinates":[[-2.751428,53.284707],[-2.751422,53.284709],[-2.750679,53.285048],[-2.749642,53.285517],[-2.748925,53.286029],[-2.748649,53.286259]]}},{"type":"Feature","properties":{"pressure":"HPN","kind":"main","spec":"18 ST","material":"ST","surveyed":"20260123"},"geometry":{"type":"LineString","coordinates":[[-2.748649,53.286259],[-2.746639,53.287626]]}},{"type":"Feature","properties":{"pressure":"HPN","kind":"main","spec":"18 ST","material":"ST","surveyed":"20201018"},"geometry":{"type":"LineString","coordinates":[[-2.73661,53.295237],[-2.73776,53.296058],[-2.737749,53.296091],[-2.736632,53.296511]]}},{"type":"Feature","properties":{"pressure":"HPN","kind":"main","spec":"18 ST","material":"ST","surveyed":"20201018"},"geometry":{"type":"LineString","coordinates":[[-2.74255,53.288409],[-2.742031,53.288622],[-2.740059,53.289427],[-2.739568,53.289626],[-2.739095,53.289817],[-2.738155,53.290206],[-2.737687,53.290401],[-2.737217,53.290595],[-2.736984,53.290688],[-2.736535,53.290872]]}},{"type":"Feature","properties":{"pressure":"HPN","kind":"main","spec":"18 ST","material":"ST","surveyed":"20201018"},"geometry":{"type":"LineString","coordinates":[[-2.743984,53.287879],[-2.743953,53.287879],[-2.743851,53.287881],[-2.74255,53.288409]]}},{"type":"Feature","properties":{"pressure":"HPN","kind":"main","spec":"18 ST","material":"ST","surveyed":"20260123"},"geometry":{"type":"LineString","coordinates":[[-2.746639,53.287626],[-2.746618,53.28764],[-2.746332,53.287838],[-2.743984,53.287879]]}},{"type":"Feature","properties":{"pressure":"HPN","kind":"main","spec":"18 ST","material":"ST","surveyed":"20251218"},"geometry":{"type":"LineString","coordinates":[[-2.736632,53.296511],[-2.736627,53.296513],[-2.736169,53.29668]]}},{"type":"Feature","properties":{"pressure":"HPN","kind":"main","spec":"18 ST","material":"ST","surveyed":"20251218"},"geometry":{"type":"LineString","coordinates":[[-2.735507,53.294309],[-2.735565,53.294359],[-2.735539,53.294473],[-2.736028,53.294837],[-2.736056,53.294842],[-2.73661,53.295237]]}},{"type":"Feature","properties":{"pressure":"HPN","kind":"main","spec":"18 ST","material":"ST","surveyed":"20251218"},"geometry":{"type":"LineString","coordinates":[[-2.733809,53.2922],[-2.733804,53.292202],[-2.733444,53.292365],[-2.733095,53.29252],[-2.733083,53.292603],[-2.734183,53.293389],[-2.734577,53.293653],[-2.735128,53.294046],[-2.735507,53.294309]]}},{"type":"Feature","properties":{"pressure":"HPN","kind":"main","spec":"18 ST","material":"ST","surveyed":"20260113"},"geometry":{"type":"LineString","coordinates":[[-2.736535,53.290872],[-2.736514,53.290881],[-2.736201,53.29101]]}},{"type":"Feature","properties":{"pressure":"HPN","kind":"main","spec":"18 ST","material":"ST","surveyed":"20260113"},"geometry":{"type":"LineString","coordinates":[[-2.736201,53.29101],[-2.735359,53.291389],[-2.734923,53.29158],[-2.734498,53.291768],[-2.734366,53.291832],[-2.734092,53.292069],[-2.733809,53.2922]]}},{"type":"Feature","properties":{"pressure":"HPN","kind":"main","spec":"18 ST","material":"ST","surveyed":"20201018"},"geometry":{"type":"LineString","coordinates":[[-2.7267,53.301233],[-2.726653,53.301255],[-2.725662,53.301724],[-2.725016,53.303854]]}},{"type":"Feature","properties":{"pressure":"HPN","kind":"main","spec":"18 ST","material":"ST","surveyed":"20201018"},"geometry":{"type":"LineString","coordinates":[[-2.725016,53.303854],[-2.724438,53.305741]]}},{"type":"Feature","properties":{"pressure":"HPN","kind":"main","spec":"18 ST","material":"ST","surveyed":"20260110"},"geometry":{"type":"LineString","coordinates":[[-2.728732,53.300254],[-2.7267,53.301233]]}},{"type":"Feature","properties":{"pressure":"HPN","kind":"main","spec":"18 ST","material":"ST","surveyed":"20260110"},"geometry":{"type":"LineString","coordinates":[[-2.72919,53.300036],[-2.729182,53.30004],[-2.728732,53.300254]]}},{"type":"Feature","properties":{"pressure":"HPN","kind":"main","spec":"18 ST","material":"ST","surveyed":"20201018"},"geometry":{"type":"LineString","coordinates":[[-2.734596,53.297442],[-2.72919,53.300036]]}},{"type":"Feature","properties":{"pressure":"HPN","kind":"main","spec":"18 ST","material":"ST","surveyed":"20201018"},"geometry":{"type":"LineString","coordinates":[[-2.736169,53.29668],[-2.736164,53.296682],[-2.735125,53.297078],[-2.734986,53.297258],[-2.734596,53.297442]]}},{"type":"Feature","properties":{"pressure":"HPN","kind":"main","spec":"18 ST","material":"ST","surveyed":"20201018"},"geometry":{"type":"LineString","coordinates":[[-2.723096,53.310243],[-2.723087,53.310273],[-2.722962,53.310615],[-2.722132,53.311952],[-2.721892,53.312136]]}},{"type":"Feature","properties":{"pressure":"HPN","kind":"main","spec":"18 ST","material":"ST","surveyed":"20201018"},"geometry":{"type":"LineString","coordinates":[[-2.724438,53.305741],[-2.724166,53.306632],[-2.723659,53.308367]]}},{"type":"Feature","properties":{"pressure":"HPN","kind":"main","spec":"18 ST","material":"ST","surveyed":"20201018"},"geometry":{"type":"LineString","coordinates":[[-2.723659,53.308367],[-2.723096,53.310243]]}},{"type":"Feature","properties":{"pressure":"HPN","kind":"main","spec":"18 ST","material":"ST","surveyed":"20250613"},"geometry":{"type":"LineString","coordinates":[[-2.721124,53.312274],[-2.720913,53.312736],[-2.71655,53.312054],[-2.716398,53.312284],[-2.716703,53.313515],[-2.717252,53.314072],[-2.717433,53.314104],[-2.717412,53.314416],[-2.717404,53.314568],[-2.717118,53.314568]]}},{"type":"Feature","properties":{"pressure":"HPN","kind":"main","spec":"18 ST","material":"ST","surveyed":"20250613"},"geometry":{"type":"LineString","coordinates":[[-2.721892,53.312136],[-2.721615,53.31235],[-2.721124,53.312274]]}},{"type":"Feature","properties":{"pressure":"HPN","kind":"main","spec":"18 ST","material":"ST","surveyed":"20120319"},"geometry":{"type":"LineString","coordinates":[[-2.591949,53.141089],[-2.587957,53.140641],[-2.58682,53.140514],[-2.58544,53.140209]]}},{"type":"Feature","properties":{"pressure":"HPN","kind":"main","spec":"18 ST","material":"ST","surveyed":"20120319"},"geometry":{"type":"LineString","coordinates":[[-2.599436,53.141929],[-2.591949,53.141089]]}},{"type":"Feature","properties":{"pressure":"HPN","kind":"main","spec":"450 ST","material":"ST","surveyed":"20120319"},"geometry":{"type":"LineString","coordinates":[[-2.585048,53.140122],[-2.58446,53.139993]]}},{"type":"Feature","properties":{"pressure":"HPN","kind":"main","spec":"18 ST","material":"ST","surveyed":"20120319"},"geometry":{"type":"LineString","coordinates":[[-2.58544,53.140209],[-2.585048,53.140122]]}},{"type":"Feature","properties":{"pressure":"HPN","kind":"main","spec":"900 ST","material":"ST","surveyed":"20120319"},"geometry":{"type":"LineString","coordinates":[[-2.58692,53.169251],[-2.585074,53.169356],[-2.584859,53.16937]]}},{"type":"Feature","properties":{"pressure":"HPN","kind":"main","spec":"900 ST","material":"ST","surveyed":"20120319"},"geometry":{"type":"LineString","coordinates":[[-2.592327,53.168549],[-2.58692,53.169251]]}},{"type":"Feature","properties":{"pressure":"HPN","kind":"main","spec":"900 ST","material":"ST","surveyed":"20120319"},"geometry":{"type":"LineString","coordinates":[[-2.599799,53.167998],[-2.59404,53.168322],[-2.592336,53.168547],[-2.592327,53.168549]]}},{"type":"Feature","properties":{"pressure":"HPN","kind":"main","spec":"450 ST","material":"ST","surveyed":"20120319"},"geometry":{"type":"LineString","coordinates":[[-2.576992,53.140454],[-2.576529,53.140257],[-2.576518,53.140252]]}},{"type":"Feature","properties":{"pressure":"HPN","kind":"main","spec":"450 ST","material":"ST","surveyed":"20120319"},"geometry":{"type":"LineString","coordinates":[[-2.578686,53.140242],[-2.578664,53.140249],[-2.578593,53.140272],[-2.578439,53.140308],[-2.577835,53.140415],[-2.577332,53.140492]]}},{"type":"Feature","properties":{"pressure":"HPN","kind":"main","spec":"450 ST","material":"ST","surveyed":"20120319"},"geometry":{"type":"LineString","coordinates":[[-2.577332,53.140492],[-2.577162,53.140513],[-2.577074,53.14049],[-2.576993,53.140455],[-2.576992,53.140454]]}},{"type":"Feature","properties":{"pressure":"HPN","kind":"main","spec":"450 ST","material":"ST","surveyed":"20120319"},"geometry":{"type":"LineString","coordinates":[[-2.57072,53.138287],[-2.570422,53.138198],[-2.570184,53.138108],[-2.569835,53.137961],[-2.569482,53.137817]]}},{"type":"Feature","properties":{"pressure":"HPN","kind":"main","spec":"450 ST","material":"ST","surveyed":"20120319"},"geometry":{"type":"LineString","coordinates":[[-2.576518,53.140252],[-2.575611,53.139866],[-2.574111,53.139231],[-2.573975,53.139189],[-2.572513,53.138785],[-2.571348,53.138462],[-2.57072,53.138287]]}},{"type":"Feature","properties":{"pressure":"HPN","kind":"main","spec":"450 ST","material":"ST","surveyed":"20120319"},"geometry":{"type":"LineString","coordinates":[[-2.58446,53.139993],[-2.584459,53.139992],[-2.584349,53.139968],[-2.583171,53.139716],[-2.582186,53.139484],[-2.582015,53.139453],[-2.581102,53.139505],[-2.58101,53.139517],[-2.580904,53.139542],[-2.580658,53.139621],[-2.579885,53.139869],[-2.579128,53.140101],[-2.578761,53.140217],[-2.578686,53.140242]]}},{"type":"Feature","properties":{"pressure":"HPN","kind":"main","spec":"900 ST","material":"ST","surveyed":"20120319"},"geometry":{"type":"LineString","coordinates":[[-2.577385,53.169817],[-2.569912,53.170304]]}},{"type":"Feature","properties":{"pressure":"HPN","kind":"main","spec":"900 ST","material":"ST","surveyed":"20120319"},"geometry":{"type":"LineString","coordinates":[[-2.584859,53.16937],[-2.584858,53.16937],[-2.581981,53.169561],[-2.577393,53.169817],[-2.577385,53.169817]]}},{"type":"Feature","properties":{"pressure":"HPN","kind":"main","spec":"450 ST","material":"ST","surveyed":"20120319"},"geometry":{"type":"LineString","coordinates":[[-2.569482,53.137817],[-2.56947,53.137812],[-2.568037,53.137235],[-2.566581,53.136647],[-2.565731,53.136293],[-2.565589,53.136222],[-2.565033,53.135816],[-2.565029,53.135813]]}},{"type":"Feature","properties":{"pressure":"HPN","kind":"main","spec":"900 ST","material":"ST","surveyed":"20120319"},"geometry":{"type":"LineString","coordinates":[[-2.569045,53.170359],[-2.562434,53.170423]]}},{"type":"Feature","properties":{"pressure":"HPN","kind":"main","spec":"900 ST","material":"ST","surveyed":"20120319"},"geometry":{"type":"LineString","coordinates":[[-2.569912,53.170304],[-2.569905,53.170305],[-2.569045,53.170359]]}},{"type":"Feature","properties":{"pressure":"HPN","kind":"main","spec":"900 ST","material":"ST","surveyed":"20201018"},"geometry":{"type":"LineString","coordinates":[[-2.554958,53.170703],[-2.554945,53.170704],[-2.552534,53.170809],[-2.547924,53.171761],[-2.547655,53.17185]]}},{"type":"Feature","properties":{"pressure":"HPN","kind":"main","spec":"900 ST","material":"ST","surveyed":"20201018"},"geometry":{"type":"LineString","coordinates":[[-2.547493,53.171907],[-2.547489,53.171908],[-2.542513,53.173495]]}},{"type":"Feature","properties":{"pressure":"HPN","kind":"main","spec":"900 ST","material":"ST","surveyed":"20201018"},"geometry":{"type":"LineString","coordinates":[[-2.542513,53.173495],[-2.54002,53.172404]]}},{"type":"Feature","properties":{"pressure":"HPN","kind":"main","spec":"900 ST","material":"ST","surveyed":"20201018"},"geometry":{"type":"LineString","coordinates":[[-2.547655,53.17185],[-2.547633,53.171858],[-2.547493,53.171907]]}},{"type":"Feature","properties":{"pressure":"HPN","kind":"main","spec":"900 ST","material":"ST","surveyed":"20201018"},"geometry":{"type":"LineString","coordinates":[[-2.532493,53.16861],[-2.531012,53.167859],[-2.529314,53.167439]]}},{"type":"Feature","properties":{"pressure":"HPN","kind":"main","spec":"900 ST","material":"ST","surveyed":"20201018"},"geometry":{"type":"LineString","coordinates":[[-2.538844,53.17189],[-2.537972,53.171509],[-2.536082,53.170431]]}},{"type":"Feature","properties":{"pressure":"HPN","kind":"main","spec":"900 ST","material":"ST","surveyed":"20201018"},"geometry":{"type":"LineString","coordinates":[[-2.536082,53.170431],[-2.532493,53.16861]]}},{"type":"Feature","properties":{"pressure":"HPN","kind":"main","spec":"900 ST","material":"ST","surveyed":"20201018"},"geometry":{"type":"LineString","coordinates":[[-2.529314,53.167439],[-2.529254,53.167424],[-2.528656,53.167276],[-2.526864,53.166368],[-2.525751,53.165786],[-2.524998,53.165874],[-2.52498,53.165877]]}},{"type":"Feature","properties":{"pressure":"HPN","kind":"main","spec":"900 ST","material":"ST","surveyed":"20260604"},"geometry":{"type":"LineString","coordinates":[[-2.54002,53.172404],[-2.540018,53.172403],[-2.538852,53.171894],[-2.538844,53.17189]]}},{"type":"Feature","properties":{"pressure":"HPN","kind":"main","spec":"900 ST","material":"ST","surveyed":"20201018"},"geometry":{"type":"LineString","coordinates":[[-2.514714,53.167503],[-2.514707,53.167504],[-2.510052,53.168406]]}},{"type":"Feature","properties":{"pressure":"HPN","kind":"main","spec":"900 ST","material":"ST","surveyed":"20201018"},"geometry":{"type":"LineString","coordinates":[[-2.516898,53.167085],[-2.514714,53.167503]]}},{"type":"Feature","properties":{"pressure":"HPN","kind":"main","spec":"900 ST","material":"ST","surveyed":"20201018"},"geometry":{"type":"LineString","coordinates":[[-2.517514,53.166994],[-2.516898,53.167085]]}},{"type":"Feature","properties":{"pressure":"HPN","kind":"main","spec":"900 ST","material":"ST","surveyed":"20201018"},"geometry":{"type":"LineString","coordinates":[[-2.523979,53.166],[-2.517517,53.166994],[-2.517514,53.166994]]}},{"type":"Feature","properties":{"pressure":"HPN","kind":"main","spec":"900 ST","material":"ST","surveyed":"20201018"},"geometry":{"type":"LineString","coordinates":[[-2.52498,53.165877],[-2.523979,53.166]]}},{"type":"Feature","properties":{"pressure":"HPN","kind":"main","spec":"900 ST","material":"ST","surveyed":"20120319"},"geometry":{"type":"LineString","coordinates":[[-2.502589,53.16981],[-2.495098,53.168131],[-2.49509,53.168129]]}},{"type":"Feature","properties":{"pressure":"HPN","kind":"main","spec":"900 ST","material":"ST","surveyed":"20201018"},"geometry":{"type":"LineString","coordinates":[[-2.510052,53.168406],[-2.510042,53.168408],[-2.502674,53.169829],[-2.50259,53.169811],[-2.502589,53.16981]]}},{"type":"Feature","properties":{"pressure":"HPN","kind":"main","spec":"900 ST","material":"ST","surveyed":"20120319"},"geometry":{"type":"LineString","coordinates":[[-2.49509,53.168129],[-2.492811,53.167613],[-2.492731,53.167596]]}},{"type":"Feature","properties":{"pressure":"HPN","kind":"main","spec":"900 ST","material":"ST","surveyed":"20120319"},"geometry":{"type":"LineString","coordinates":[[-2.4876,53.167173],[-2.48136,53.167061],[-2.48012,53.167143]]}},{"type":"Feature","properties":{"pressure":"HPN","kind":"main","spec":"900 ST","material":"ST","surveyed":"20120319"},"geometry":{"type":"LineString","coordinates":[[-2.492731,53.167596],[-2.491085,53.167236]]}},{"type":"Feature","properties":{"pressure":"HPN","kind":"main","spec":"900 ST","material":"ST","surveyed":"20120319"},"geometry":{"type":"LineString","coordinates":[[-2.491085,53.167236],[-2.487602,53.167173],[-2.4876,53.167173]]}},{"type":"Feature","properties":{"pressure":"HPN","kind":"main","spec":"18 ST","material":"ST","surveyed":"20120319"},"geometry":{"type":"LineString","coordinates":[[-2.465263,53.136396],[-2.464829,53.136387]]}},{"type":"Feature","properties":{"pressure":"HPN","kind":"main","spec":"18 ST","material":"ST","surveyed":"20120319"},"geometry":{"type":"LineString","coordinates":[[-2.468719,53.136231],[-2.468666,53.136251],[-2.468338,53.136379],[-2.465263,53.136396]]}},{"type":"Feature","properties":{"pressure":"HPN","kind":"main","spec":"900 ST","material":"ST","surveyed":"20260123"},"geometry":{"type":"LineString","coordinates":[[-2.475707,53.167665],[-2.473433,53.167965],[-2.47299,53.167708],[-2.472938,53.167676]]}},{"type":"Feature","properties":{"pressure":"HPN","kind":"main","spec":"900 ST","material":"ST","surveyed":"20260123"},"geometry":{"type":"LineString","coordinates":[[-2.472645,53.167494],[-2.472612,53.167473],[-2.471101,53.166522],[-2.46819,53.166907],[-2.466202,53.166757],[-2.465267,53.16685],[-2.465158,53.16685]]}},{"type":"Feature","properties":{"pressure":"HPN","kind":"main","spec":"900 ST","material":"ST","surveyed":"20120319"},"geometry":{"type":"LineString","coordinates":[[-2.472938,53.167676],[-2.472645,53.167494]]}},{"type":"Feature","properties":{"pressure":"HPN","kind":"main","spec":"900 ST","material":"ST","surveyed":"20120319"},"geometry":{"type":"LineString","coordinates":[[-2.47812,53.167277],[-2.477128,53.167493],[-2.475731,53.167662],[-2.475707,53.167665]]}},{"type":"Feature","properties":{"pressure":"HPN","kind":"main","spec":"900 ST","material":"ST","surveyed":"20120319"},"geometry":{"type":"LineString","coordinates":[[-2.48012,53.167143],[-2.480117,53.167143],[-2.47812,53.167277]]}},{"type":"Feature","properties":{"pressure":"HPN","kind":"main","spec":"900 ST","material":"ST","surveyed":"20120319"},"geometry":{"type":"LineString","coordinates":[[-2.45573,53.137339],[-2.455617,53.137334],[-2.455591,53.137324],[-2.455583,53.137307],[-2.455592,53.137226]]}},{"type":"Feature","properties":{"pressure":"HPN","kind":"main","spec":"900 ST","material":"ST","surveyed":"20120319"},"geometry":{"type":"LineString","coordinates":[[-2.455592,53.137226],[-2.455594,53.137215],[-2.455599,53.137175],[-2.455599,53.137166],[-2.455597,53.137153],[-2.455587,53.137145],[-2.455529,53.137105],[-2.455472,53.137065],[-2.455246,53.136907],[-2.455221,53.136887],[-2.455118,53.136815],[-2.455007,53.136736],[-2.454952,53.136697],[-2.454837,53.136619],[-2.454823,53.136611],[-2.454803,53.136608],[-2.454727,53.136605],[-2.454462,53.136612],[-2.454272,53.136618],[-2.453922,53.13663],[-2.453664,53.136638],[-2.453493,53.136644],[-2.453318,53.13665],[-2.453143,53.136656],[-2.453054,53.13666],[-2.452983,53.136664],[-2.452817,53.136669],[-2.452649,53.136675],[-2.452476,53.136681],[-2.451966,53.1367],[-2.451612,53.136713],[-2.45144,53.136719],[-2.450353,53.136758],[-2.449886,53.136775]]}},{"type":"Feature","properties":{"pressure":"HPN","kind":"main","spec":"18 ST","material":"ST","surveyed":"20120319"},"geometry":{"type":"LineString","coordinates":[[-2.450496,53.137569],[-2.449895,53.137716]]}},{"type":"Feature","properties":{"pressure":"HPN","kind":"main","spec":"18 ST","material":"ST","surveyed":"20120319"},"geometry":{"type":"LineString","coordinates":[[-2.455592,53.137226],[-2.453062,53.137106],[-2.452907,53.137127],[-2.450496,53.137569]]}},{"type":"Feature","properties":{"pressure":"HPN","kind":"main","spec":"18 ST","material":"ST","surveyed":"20120319"},"geometry":{"type":"LineString","coordinates":[[-2.457365,53.137255],[-2.457357,53.137257],[-2.457137,53.137299],[-2.455592,53.137226]]}},{"type":"Feature","properties":{"pressure":"HPN","kind":"main","spec":"18 ST","material":"ST","surveyed":"20120319"},"geometry":{"type":"LineString","coordinates":[[-2.464782,53.136386],[-2.461891,53.136386],[-2.461822,53.136382],[-2.461669,53.136392],[-2.457365,53.137255]]}},{"type":"Feature","properties":{"pressure":"HPN","kind":"main","spec":"18 ST","material":"ST","surveyed":"20120319"},"geometry":{"type":"LineString","coordinates":[[-2.464829,53.136387],[-2.464782,53.136386]]}},{"type":"Feature","properties":{"pressure":"HPN","kind":"main","spec":"900 ST","material":"ST","surveyed":"20260123"},"geometry":{"type":"LineString","coordinates":[[-2.457652,53.164312],[-2.454246,53.16443],[-2.450193,53.165461],[-2.450186,53.165462]]}},{"type":"Feature","properties":{"pressure":"HPN","kind":"main","spec":"900 ST","material":"ST","surveyed":"20260123"},"geometry":{"type":"LineString","coordinates":[[-2.465158,53.16685],[-2.465151,53.16685],[-2.462946,53.166836]]}},{"type":"Feature","properties":{"pressure":"HPN","kind":"main","spec":"900 ST","material":"ST","surveyed":"20260123"},"geometry":{"type":"LineString","coordinates":[[-2.462946,53.166836],[-2.460653,53.164222],[-2.457653,53.164312],[-2.457652,53.164312]]}},{"type":"Feature","properties":{"pressure":"HPN","kind":"main","spec":"36 ST","material":"ST","surveyed":"20240412"},"geometry":{"type":"LineString","coordinates":[[-2.457517,53.224527],[-2.455842,53.222437],[-2.455753,53.222325],[-2.455696,53.22227],[-2.455608,53.222193],[-2.454738,53.22169],[-2.454722,53.22168]]}},{"type":"Feature","properties":{"pressure":"HPN","kind":"main","spec":"36 ST","material":"ST","surveyed":"20240412"},"geometry":{"type":"LineString","coordinates":[[-2.458305,53.225538],[-2.457517,53.224527]]}},{"type":"Feature","properties":{"pressure":"HPN","kind":"main","spec":"36 ST","material":"ST","surveyed":"20250424"},"geometry":{"type":"LineString","coordinates":[[-2.458757,53.226159],[-2.458754,53.226152],[-2.458713,53.226061],[-2.458324,53.225562],[-2.458305,53.225538]]}},{"type":"Feature","properties":{"pressure":"HPN","kind":"main","spec":"36 ST","material":"ST","surveyed":"20260114"},"geometry":{"type":"LineString","coordinates":[[-2.454722,53.22168],[-2.453305,53.220853]]}},{"type":"Feature","properties":{"pressure":"HPN","kind":"main","spec":"36 ST","material":"ST","surveyed":"20260114"},"geometry":{"type":"LineString","coordinates":[[-2.453305,53.220853],[-2.450751,53.219366]]}},{"type":"Feature","properties":{"pressure":"HPN","kind":"main","spec":"36 ST","material":"ST","surveyed":"20241115"},"geometry":{"type":"LineString","coordinates":[[-2.468439,53.2441],[-2.468226,53.243719],[-2.467342,53.242111]]}},{"type":"Feature","properties":{"pressure":"HPN","kind":"main","spec":"36 ST","material":"ST","surveyed":"20241115"},"geometry":{"type":"LineString","coordinates":[[-2.467342,53.242111],[-2.466494,53.240573],[-2.466091,53.239853],[-2.465969,53.239616],[-2.465968,53.239615]]}},{"type":"Feature","properties":{"pressure":"HPN","kind":"main","spec":"36 ST","material":"ST","surveyed":"20240904"},"geometry":{"type":"LineString","coordinates":[[-2.465968,53.239615],[-2.465965,53.23961],[-2.465948,53.239581],[-2.465947,53.239579]]}},{"type":"Feature","properties":{"pressure":"HPN","kind":"main","spec":"36 ST","material":"ST","surveyed":"20251224"},"geometry":{"type":"LineString","coordinates":[[-2.470694,53.248585],[-2.470692,53.248588],[-2.47063,53.248698],[-2.470547,53.2488],[-2.470445,53.248889],[-2.47019,53.249047],[-2.468012,53.250353]]}},{"type":"Feature","properties":{"pressure":"HPN","kind":"main","spec":"36 ST","material":"ST","surveyed":"20251224"},"geometry":{"type":"LineString","coordinates":[[-2.468012,53.250353],[-2.467543,53.250642],[-2.46728,53.2508],[-2.467126,53.250885],[-2.466079,53.25123],[-2.466074,53.251232]]}},{"type":"Feature","properties":{"pressure":"HPN","kind":"main","spec":"36 ST","material":"ST","surveyed":"20241122"},"geometry":{"type":"LineString","coordinates":[[-2.469743,53.2465],[-2.468439,53.2441]]}},{"type":"Feature","properties":{"pressure":"HPN","kind":"main","spec":"36 ST","material":"ST","surveyed":"20241122"},"geometry":{"type":"LineString","coordinates":[[-2.469743,53.2465],[-2.470801,53.248393],[-2.470694,53.248585]]}},{"type":"Feature","properties":{"pressure":"HPN","kind":"main","spec":"36 ST","material":"ST","surveyed":"20210204"},"geometry":{"type":"LineString","coordinates":[[-2.462219,53.235135],[-2.462218,53.235129],[-2.462193,53.235001],[-2.461923,53.233025]]}},{"type":"Feature","properties":{"pressure":"HPN","kind":"main","spec":"36 ST","material":"ST","surveyed":"20210204"},"geometry":{"type":"LineString","coordinates":[[-2.461923,53.233025],[-2.461776,53.232077],[-2.461754,53.231933],[-2.461738,53.231844],[-2.461675,53.231718],[-2.461594,53.231621],[-2.460813,53.230646]]}},{"type":"Feature","properties":{"pressure":"HPN","kind":"main","spec":"36 ST","material":"ST","surveyed":"20201018"},"geometry":{"type":"LineString","coordinates":[[-2.45949,53.228784],[-2.459458,53.228152],[-2.459435,53.227673],[-2.458757,53.226159]]}},{"type":"Feature","properties":{"pressure":"HPN","kind":"main","spec":"36 ST","material":"ST","surveyed":"20201018"},"geometry":{"type":"LineString","coordinates":[[-2.460813,53.230646],[-2.460811,53.230644],[-2.459677,53.229213],[-2.459625,53.229146],[-2.459552,53.229019],[-2.459519,53.228922],[-2.459493,53.228852],[-2.45949,53.228784]]}},{"type":"Feature","properties":{"pressure":"HPN","kind":"main","spec":"36 ST","material":"ST","surveyed":"20201018"},"geometry":{"type":"LineString","coordinates":[[-2.465947,53.239579],[-2.46578,53.239301],[-2.465639,53.239063],[-2.465036,53.237795]]}},{"type":"Feature","properties":{"pressure":"HPN","kind":"main","spec":"36 ST","material":"ST","surveyed":"20201018"},"geometry":{"type":"LineString","coordinates":[[-2.465036,53.237795],[-2.464869,53.237488],[-2.463881,53.236375],[-2.463827,53.236326],[-2.463753,53.236239],[-2.463673,53.236168],[-2.463547,53.236112],[-2.46337,53.23602],[-2.462812,53.235669],[-2.462592,53.235541],[-2.462467,53.235462],[-2.462376,53.235382],[-2.462279,53.23527],[-2.462223,53.235165],[-2.462219,53.235135]]}},{"type":"Feature","properties":{"pressure":"HPN","kind":"main","spec":"36 ST","material":"ST","surveyed":"20231101"},"geometry":{"type":"LineString","coordinates":[[-2.461888,53.253062],[-2.461743,53.253115]]}},{"type":"Feature","properties":{"pressure":"HPN","kind":"main","spec":"36 ST","material":"ST","surveyed":"20231101"},"geometry":{"type":"LineString","coordinates":[[-2.466074,53.251232],[-2.46568,53.251362],[-2.46403,53.251945],[-2.463819,53.252035],[-2.46369,53.252119],[-2.462787,53.25265],[-2.462612,53.252758],[-2.461888,53.253062]]}},{"type":"Feature","properties":{"pressure":"HPN","kind":"main","spec":"36 ST","material":"ST","surveyed":"20240621"},"geometry":{"type":"LineString","coordinates":[[-2.455329,53.257634],[-2.45533,53.257635],[-2.455414,53.257736],[-2.455924,53.258469]]}},{"type":"Feature","properties":{"pressure":"HPN","kind":"main","spec":"36 ST","material":"ST","surveyed":"20240621"},"geometry":{"type":"LineString","coordinates":[[-2.458684,53.260914],[-2.45868,53.260913],[-2.458441,53.260811],[-2.458275,53.260684],[-2.456101,53.258732],[-2.455924,53.258469]]}},{"type":"Feature","properties":{"pressure":"HPN","kind":"main","spec":"36 ST","material":"ST","surveyed":"20251214"},"geometry":{"type":"LineString","coordinates":[[-2.458739,53.262115],[-2.458743,53.26211],[-2.458948,53.261824],[-2.459158,53.261539],[-2.459179,53.261444],[-2.459116,53.261095],[-2.458684,53.260914]]}},{"type":"Feature","properties":{"pressure":"HPN","kind":"main","spec":"36 ST","material":"ST","surveyed":"20251218"},"geometry":{"type":"LineString","coordinates":[[-2.455137,53.255103],[-2.45473,53.255223],[-2.453949,53.255284],[-2.453674,53.255334],[-2.453469,53.255601],[-2.453776,53.256459],[-2.45381,53.256517],[-2.453945,53.256664],[-2.455291,53.25759],[-2.455329,53.257634]]}},{"type":"Feature","properties":{"pressure":"HPN","kind":"main","spec":"36 ST","material":"ST","surveyed":"20251218"},"geometry":{"type":"LineString","coordinates":[[-2.458611,53.254161],[-2.45774,53.254437],[-2.455137,53.255103]]}},{"type":"Feature","properties":{"pressure":"HPN","kind":"main","spec":"36 ST","material":"ST","surveyed":"20251214"},"geometry":{"type":"LineString","coordinates":[[-2.461743,53.253115],[-2.461741,53.253115],[-2.460304,53.253617],[-2.458617,53.254159],[-2.458611,53.254161]]}},{"type":"Feature","properties":{"pressure":"HPN","kind":"main","spec":"36 ST","material":"ST","surveyed":"20250320"},"geometry":{"type":"LineString","coordinates":[[-2.452608,53.269716],[-2.451796,53.270511],[-2.451291,53.270666]]}},{"type":"Feature","properties":{"pressure":"HPN","kind":"main","spec":"36 ST","material":"ST","surveyed":"20250320"},"geometry":{"type":"LineString","coordinates":[[-2.454379,53.266626],[-2.453769,53.26697],[-2.453326,53.267498],[-2.453699,53.268049],[-2.453794,53.268768],[-2.453649,53.2689],[-2.453427,53.268998],[-2.452608,53.269716]]}},{"type":"Feature","properties":{"pressure":"HPN","kind":"main","spec":"36 ST","material":"ST","surveyed":"20241106"},"geometry":{"type":"LineString","coordinates":[[-2.458538,53.2624],[-2.45867,53.262213],[-2.458697,53.262175]]}},{"type":"Feature","properties":{"pressure":"HPN","kind":"main","spec":"36 ST","material":"ST","surveyed":"20241106"},"geometry":{"type":"LineString","coordinates":[[-2.455135,53.266065],[-2.454868,53.266351],[-2.454386,53.266623],[-2.454379,53.266626]]}},{"type":"Feature","properties":{"pressure":"HPN","kind":"main","spec":"36 ST","material":"ST","surveyed":"20241106"},"geometry":{"type":"LineString","coordinates":[[-2.458538,53.2624],[-2.457019,53.264621],[-2.456483,53.265504],[-2.456418,53.265596],[-2.456317,53.265636],[-2.455573,53.265637],[-2.455526,53.265645],[-2.455135,53.266065]]}},{"type":"Feature","properties":{"pressure":"HPN","kind":"main","spec":"36 ST","material":"ST","surveyed":"20241105"},"geometry":{"type":"LineString","coordinates":[[-2.458697,53.262175],[-2.458739,53.262115]]}},{"type":"Feature","properties":{"pressure":"HPN","kind":"main","spec":"1050 ST","material":"ST","surveyed":"20201018"},"geometry":{"type":"LineString","coordinates":[[-2.474944,53.404689],[-2.474573,53.404689],[-2.472465,53.404193],[-2.472019,53.40364],[-2.472602,53.402545],[-2.473033,53.402041],[-2.473249,53.40172],[-2.473417,53.401469]]}},{"type":"Feature","properties":{"pressure":"HPN","kind":"main","spec":"1050 ST","material":"ST","surveyed":"20201018"},"geometry":{"type":"LineString","coordinates":[[-2.473417,53.401469],[-2.473465,53.401398]]}},{"type":"Feature","properties":{"pressure":"HPN","kind":"main","spec":"1050 ST","material":"ST","surveyed":"20201018"},"geometry":{"type":"LineString","coordinates":[[-2.473465,53.401398],[-2.473474,53.401384],[-2.473475,53.401383]]}},{"type":"Feature","properties":{"pressure":"HPN","kind":"main","spec":"42 ST","material":"ST","surveyed":"20201018"},"geometry":{"type":"LineString","coordinates":[[-2.474872,53.401826],[-2.474283,53.401721],[-2.473417,53.401469]]}},{"type":"Feature","properties":{"pressure":"HPN","kind":"main","spec":"42 ST","material":"ST","surveyed":"20201018"},"geometry":{"type":"LineString","coordinates":[[-2.473417,53.401469],[-2.473127,53.401385],[-2.473125,53.401384]]}},{"type":"Feature","properties":{"pressure":"HPN","kind":"main","spec":"1050 ST","material":"ST","surveyed":"20201018"},"geometry":{"type":"LineString","coordinates":[[-2.47527,53.404613],[-2.47527,53.404614],[-2.475129,53.404687],[-2.474944,53.404689]]}},{"type":"Feature","properties":{"pressure":"HPN","kind":"main","spec":"42 ST","material":"ST","surveyed":"20201018"},"geometry":{"type":"LineString","coordinates":[[-2.475239,53.401822],[-2.475238,53.401822],[-2.474872,53.401826]]}},{"type":"Feature","properties":{"pressure":"HPN","kind":"main","spec":"1050 ST","material":"ST","surveyed":"20201018"},"geometry":{"type":"LineString","coordinates":[[-2.480451,53.401896],[-2.480419,53.4019],[-2.480002,53.402118],[-2.47813,53.403101],[-2.47527,53.404613]]}},{"type":"Feature","properties":{"pressure":"HPN","kind":"main","spec":"1050 ST","material":"ST","surveyed":"20201018"},"geometry":{"type":"LineString","coordinates":[[-2.48276,53.401848],[-2.482759,53.401848],[-2.480451,53.401896]]}},{"type":"Feature","properties":{"pressure":"HPN","kind":"main","spec":"42 ST","material":"ST","surveyed":"20201018"},"geometry":{"type":"LineString","coordinates":[[-2.482385,53.40161],[-2.479142,53.401698],[-2.475437,53.401819],[-2.475239,53.401822]]}},{"type":"Feature","properties":{"pressure":"HPN","kind":"main","spec":"42 ST","material":"ST","surveyed":"20201018"},"geometry":{"type":"LineString","coordinates":[[-2.482757,53.401613],[-2.482751,53.401613],[-2.482385,53.40161]]}},{"type":"Feature","properties":{"pressure":"HPN","kind":"main","spec":"1050 ST","material":"ST","surveyed":"20260120"},"geometry":{"type":"LineString","coordinates":[[-2.473475,53.401383],[-2.473509,53.401332],[-2.473463,53.401235],[-2.472533,53.40091],[-2.471414,53.400639],[-2.467695,53.399698]]}},{"type":"Feature","properties":{"pressure":"HPN","kind":"main","spec":"42 ST","material":"ST","surveyed":"20260120"},"geometry":{"type":"LineString","coordinates":[[-2.473125,53.401384],[-2.471252,53.400835],[-2.469524,53.400396],[-2.468028,53.400029]]}},{"type":"Feature","properties":{"pressure":"HPN","kind":"main","spec":"42 ST","material":"ST","surveyed":"20260120"},"geometry":{"type":"LineString","coordinates":[[-2.468028,53.400029],[-2.467699,53.399947],[-2.467698,53.399947]]}},{"type":"Feature","properties":{"pressure":"HPN","kind":"main","spec":"1050 ST","material":"ST","surveyed":"20260120"},"geometry":{"type":"LineString","coordinates":[[-2.459652,53.398652],[-2.457105,53.398688],[-2.456944,53.398661],[-2.453891,53.398229],[-2.453344,53.398148],[-2.452638,53.39802]]}},{"type":"Feature","properties":{"pressure":"HPN","kind":"main","spec":"42 ST","material":"ST","surveyed":"20260120"},"geometry":{"type":"LineString","coordinates":[[-2.460166,53.398865],[-2.45673,53.398933],[-2.453885,53.398493],[-2.453322,53.398403]]}},{"type":"Feature","properties":{"pressure":"HPN","kind":"main","spec":"42 ST","material":"ST","surveyed":"20260120"},"geometry":{"type":"LineString","coordinates":[[-2.453322,53.398403],[-2.452642,53.398312],[-2.452641,53.398312]]}},{"type":"Feature","properties":{"pressure":"HPN","kind":"main","spec":"1050 ST","material":"ST","surveyed":"20260120"},"geometry":{"type":"LineString","coordinates":[[-2.460164,53.398648],[-2.459652,53.398652]]}},{"type":"Feature","properties":{"pressure":"HPN","kind":"main","spec":"1050 ST","material":"ST","surveyed":"20260120"},"geometry":{"type":"LineString","coordinates":[[-2.467695,53.399698],[-2.467692,53.399697],[-2.467119,53.399551]]}},{"type":"Feature","properties":{"pressure":"HPN","kind":"main","spec":"42 ST","material":"ST","surveyed":"20260120"},"geometry":{"type":"LineString","coordinates":[[-2.460807,53.398854],[-2.460166,53.398865]]}},{"type":"Feature","properties":{"pressure":"HPN","kind":"main","spec":"1050 ST","material":"ST","surveyed":"20260120"},"geometry":{"type":"LineString","coordinates":[[-2.467119,53.399551],[-2.466254,53.399333],[-2.464936,53.399004],[-2.463459,53.398632],[-2.461708,53.398637],[-2.460906,53.398641],[-2.460165,53.398648],[-2.460164,53.398648]]}},{"type":"Feature","properties":{"pressure":"HPN","kind":"main","spec":"42 ST","material":"ST","surveyed":"20260120"},"geometry":{"type":"LineString","coordinates":[[-2.467698,53.399947],[-2.463263,53.398813],[-2.460807,53.398854]]}},{"type":"Feature","properties":{"pressure":"HPN","kind":"main","spec":"42 ST","material":"ST","surveyed":"20251220"},"geometry":{"type":"LineString","coordinates":[[-2.594893,53.494226],[-2.592578,53.494244],[-2.589307,53.493155]]}},{"type":"Feature","properties":{"pressure":"HPN","kind":"main","spec":"42 ST","material":"ST","surveyed":"20251220"},"geometry":{"type":"LineString","coordinates":[[-2.596865,53.494684],[-2.596859,53.494683],[-2.594893,53.494226]]}},{"type":"Feature","properties":{"pressure":"HPN","kind":"main","spec":"42 ST","material":"ST","surveyed":"20201018"},"geometry":{"type":"LineString","coordinates":[[-2.60078,53.495191],[-2.59893,53.494479],[-2.597137,53.494747],[-2.596865,53.494684]]}},{"type":"Feature","properties":{"pressure":"HPN","kind":"main","spec":"42 ST","material":"ST","surveyed":"20201018"},"geometry":{"type":"LineString","coordinates":[[-2.589307,53.493155],[-2.589303,53.493154],[-2.589288,53.493149],[-2.588306,53.492479]]}},{"type":"Feature","properties":{"pressure":"HPN","kind":"main","spec":"42 ST","material":"ST","surveyed":"20201018"},"geometry":{"type":"LineString","coordinates":[[-2.588306,53.492479],[-2.586925,53.491571],[-2.584597,53.490777]]}},{"type":"Feature","properties":{"pressure":"HPN","kind":"main","spec":"42 ST","material":"ST","surveyed":"20201018"},"geometry":{"type":"LineString","coordinates":[[-2.575315,53.488294],[-2.574159,53.487602]]}},{"type":"Feature","properties":{"pressure":"HPN","kind":"main","spec":"42 ST","material":"ST","surveyed":"20201018"},"geometry":{"type":"LineString","coordinates":[[-2.581724,53.489781],[-2.581715,53.489778],[-2.580177,53.48924],[-2.575992,53.488698],[-2.575315,53.488294]]}},{"type":"Feature","properties":{"pressure":"HPN","kind":"main","spec":"42 ST","material":"ST","surveyed":"20201018"},"geometry":{"type":"LineString","coordinates":[[-2.584597,53.490777],[-2.584594,53.490776],[-2.582109,53.489914]]}},{"type":"Feature","properties":{"pressure":"HPN","kind":"main","spec":"42 ST","material":"ST","surveyed":"20201018"},"geometry":{"type":"LineString","coordinates":[[-2.582109,53.489914],[-2.581724,53.489781]]}},{"type":"Feature","properties":{"pressure":"HPN","kind":"main","spec":"42 ST","material":"ST","surveyed":"20210326"},"geometry":{"type":"LineString","coordinates":[[-2.565136,53.483169],[-2.563527,53.483254],[-2.56099,53.482302],[-2.559017,53.482216]]}},{"type":"Feature","properties":{"pressure":"HPN","kind":"main","spec":"42 ST","material":"ST","surveyed":"20210326"},"geometry":{"type":"LineString","coordinates":[[-2.566564,53.483185],[-2.565442,53.483155],[-2.565136,53.483169]]}},{"type":"Feature","properties":{"pressure":"HPN","kind":"main","spec":"42 ST","material":"ST","surveyed":"20201018"},"geometry":{"type":"LineString","coordinates":[[-2.572369,53.486342],[-2.572146,53.486047],[-2.571905,53.485743],[-2.571675,53.485438],[-2.571448,53.485132],[-2.571226,53.484822],[-2.571189,53.48461]]}},{"type":"Feature","properties":{"pressure":"HPN","kind":"main","spec":"42 ST","material":"ST","surveyed":"20201018"},"geometry":{"type":"LineString","coordinates":[[-2.571189,53.48461],[-2.571054,53.483859],[-2.569057,53.483244],[-2.566564,53.483185]]}},{"type":"Feature","properties":{"pressure":"HPN","kind":"main","spec":"42 ST","material":"ST","surveyed":"20201018"},"geometry":{"type":"LineString","coordinates":[[-2.574159,53.487602],[-2.574156,53.487601],[-2.57261,53.486658],[-2.572376,53.48635],[-2.572369,53.486342]]}},{"type":"Feature","properties":{"pressure":"HPN","kind":"main","spec":"42 ST","material":"ST","surveyed":"20260604"},"geometry":{"type":"LineString","coordinates":[[-2.557994,53.482237],[-2.556231,53.482335],[-2.555304,53.482501],[-2.554031,53.482374],[-2.552839,53.481939]]}},{"type":"Feature","properties":{"pressure":"HPN","kind":"main","spec":"42 ST","material":"ST","surveyed":"20260604"},"geometry":{"type":"LineString","coordinates":[[-2.559017,53.482216],[-2.558668,53.482201],[-2.557994,53.482237]]}},{"type":"Feature","properties":{"pressure":"HPN","kind":"main","spec":"42 ST","material":"ST","surveyed":"20260604"},"geometry":{"type":"LineString","coordinates":[[-2.551472,53.481441],[-2.551423,53.481423],[-2.55095,53.481429]]}},{"type":"Feature","properties":{"pressure":"HPN","kind":"main","spec":"42 ST","material":"ST","surveyed":"20260604"},"geometry":{"type":"LineString","coordinates":[[-2.55095,53.481429],[-2.545104,53.481462],[-2.543935,53.481231]]}},{"type":"Feature","properties":{"pressure":"HPN","kind":"main","spec":"42 ST","material":"ST","surveyed":"20251205"},"geometry":{"type":"LineString","coordinates":[[-2.552839,53.481939],[-2.551472,53.481441]]}},{"type":"Feature","properties":{"pressure":"HPN","kind":"main","spec":"42 ST","material":"ST","surveyed":"20251217"},"geometry":{"type":"LineString","coordinates":[[-2.536422,53.482916],[-2.536319,53.482937],[-2.535409,53.482019]]}},{"type":"Feature","properties":{"pressure":"HPN","kind":"main","spec":"42 ST","material":"ST","surveyed":"20210326"},"geometry":{"type":"LineString","coordinates":[[-2.540532,53.481996],[-2.538805,53.482436],[-2.536644,53.482873]]}},{"type":"Feature","properties":{"pressure":"HPN","kind":"main","spec":"42 ST","material":"ST","surveyed":"20210326"},"geometry":{"type":"LineString","coordinates":[[-2.536644,53.482873],[-2.536422,53.482916]]}},{"type":"Feature","properties":{"pressure":"HPN","kind":"main","spec":"42 ST","material":"ST","surveyed":"20250529"},"geometry":{"type":"LineString","coordinates":[[-2.535409,53.482019],[-2.534901,53.481506],[-2.53122,53.480061]]}},{"type":"Feature","properties":{"pressure":"HPN","kind":"main","spec":"42 ST","material":"ST","surveyed":"20250529"},"geometry":{"type":"LineString","coordinates":[[-2.53122,53.480061],[-2.528841,53.47916]]}},{"type":"Feature","properties":{"pressure":"HPN","kind":"main","spec":"42 ST","material":"ST","surveyed":"20251218"},"geometry":{"type":"LineString","coordinates":[[-2.543446,53.481134],[-2.543216,53.481089],[-2.542867,53.481209],[-2.54253,53.481487],[-2.540532,53.481996]]}},{"type":"Feature","properties":{"pressure":"HPN","kind":"main","spec":"42 ST","material":"ST","surveyed":"20251218"},"geometry":{"type":"LineString","coordinates":[[-2.543935,53.481231],[-2.543446,53.481134]]}},{"type":"Feature","properties":{"pressure":"HPN","kind":"main","spec":"42 ST","material":"ST","surveyed":"20201018"},"geometry":{"type":"LineString","coordinates":[[-2.521275,53.476579],[-2.519614,53.476249],[-2.519101,53.475575],[-2.518543,53.475388]]}},{"type":"Feature","properties":{"pressure":"HPN","kind":"main","spec":"42 ST","material":"ST","surveyed":"20201018"},"geometry":{"type":"LineString","coordinates":[[-2.518543,53.475388],[-2.516011,53.474471],[-2.515348,53.473124],[-2.515345,53.473118]]}},{"type":"Feature","properties":{"pressure":"HPN","kind":"main","spec":"42 ST","material":"ST","surveyed":"20250228"},"geometry":{"type":"LineString","coordinates":[[-2.524806,53.477482],[-2.523421,53.477018],[-2.521275,53.476579]]}},{"type":"Feature","properties":{"pressure":"HPN","kind":"main","spec":"42 ST","material":"ST","surveyed":"20250228"},"geometry":{"type":"LineString","coordinates":[[-2.525066,53.47757],[-2.524806,53.477482]]}},{"type":"Feature","properties":{"pressure":"HPN","kind":"main","spec":"42 ST","material":"ST","surveyed":"20201018"},"geometry":{"type":"LineString","coordinates":[[-2.514759,53.471864],[-2.513657,53.469555]]}},{"type":"Feature","properties":{"pressure":"HPN","kind":"main","spec":"42 ST","material":"ST","surveyed":"20201018"},"geometry":{"type":"LineString","coordinates":[[-2.515345,53.473118],[-2.514759,53.471864]]}},{"type":"Feature","properties":{"pressure":"HPN","kind":"main","spec":"42 ST","material":"ST","surveyed":"20251215"},"geometry":{"type":"LineString","coordinates":[[-2.528841,53.47916],[-2.527581,53.478684],[-2.525746,53.477804],[-2.525066,53.47757]]}},{"type":"Feature","properties":{"pressure":"HPN","kind":"main","spec":"42 ST","material":"ST","surveyed":"20201018"},"geometry":{"type":"LineString","coordinates":[[-2.499283,53.44661],[-2.498919,53.446222]]}},{"type":"Feature","properties":{"pressure":"HPN","kind":"main","spec":"42 ST","material":"ST","surveyed":"20201018"},"geometry":{"type":"LineString","coordinates":[[-2.502492,53.450702],[-2.499283,53.44661]]}},{"type":"Feature","properties":{"pressure":"HPN","kind":"main","spec":"42 ST","material":"ST","surveyed":"20201018"},"geometry":{"type":"LineString","coordinates":[[-2.498919,53.446222],[-2.498311,53.445578]]}},{"type":"Feature","properties":{"pressure":"HPN","kind":"main","spec":"42 ST","material":"ST","surveyed":"20201018"},"geometry":{"type":"LineString","coordinates":[[-2.498301,53.444693],[-2.498355,53.443091],[-2.49828,53.442916]]}},{"type":"Feature","properties":{"pressure":"HPN","kind":"main","spec":"42 ST","material":"ST","surveyed":"20251214"},"geometry":{"type":"LineString","coordinates":[[-2.505657,53.455183],[-2.505657,53.455184],[-2.505441,53.456047],[-2.505967,53.456419],[-2.505968,53.45642]]}},{"type":"Feature","properties":{"pressure":"HPN","kind":"main","spec":"42 ST","material":"ST","surveyed":"20250605"},"geometry":{"type":"LineString","coordinates":[[-2.505968,53.45642],[-2.506269,53.456631],[-2.507379,53.458865]]}},{"type":"Feature","properties":{"pressure":"HPN","kind":"main","spec":"42 ST","material":"ST","surveyed":"20250605"},"geometry":{"type":"LineString","coordinates":[[-2.507792,53.459668],[-2.507791,53.459666],[-2.507721,53.459526],[-2.507379,53.458865]]}},{"type":"Feature","properties":{"pressure":"HPN","kind":"main","spec":"42 ST","material":"ST","surveyed":"20201018"},"geometry":{"type":"LineString","coordinates":[[-2.505751,53.454802],[-2.502534,53.450755]]}},{"type":"Feature","properties":{"pressure":"HPN","kind":"main","spec":"42 ST","material":"ST","surveyed":"20201018"},"geometry":{"type":"LineString","coordinates":[[-2.505751,53.454802],[-2.505657,53.455183]]}},{"type":"Feature","properties":{"pressure":"HPN","kind":"main","spec":"42 ST","material":"ST","surveyed":"20201018"},"geometry":{"type":"LineString","coordinates":[[-2.502534,53.450755],[-2.502492,53.450702]]}},{"type":"Feature","properties":{"pressure":"HPN","kind":"main","spec":"42 ST","material":"ST","surveyed":"20201018"},"geometry":{"type":"LineString","coordinates":[[-2.512257,53.467471],[-2.511848,53.466925],[-2.511691,53.466051],[-2.510757,53.46508],[-2.510062,53.464153]]}},{"type":"Feature","properties":{"pressure":"HPN","kind":"main","spec":"42 ST","material":"ST","surveyed":"20201018"},"geometry":{"type":"LineString","coordinates":[[-2.513115,53.468634],[-2.513115,53.468633],[-2.512257,53.467471]]}},{"type":"Feature","properties":{"pressure":"HPN","kind":"main","spec":"42 ST","material":"ST","surveyed":"20201018"},"geometry":{"type":"LineString","coordinates":[[-2.510062,53.464153],[-2.510055,53.464143],[-2.509885,53.463907],[-2.509498,53.463077]]}},{"type":"Feature","properties":{"pressure":"HPN","kind":"main","spec":"42 ST","material":"ST","surveyed":"20201018"},"geometry":{"type":"LineString","coordinates":[[-2.509498,53.463077],[-2.508516,53.461116],[-2.507792,53.459668]]}},{"type":"Feature","properties":{"pressure":"HPN","kind":"main","spec":"42 ST","material":"ST","surveyed":"20201018"},"geometry":{"type":"LineString","coordinates":[[-2.513657,53.469555],[-2.513652,53.469544],[-2.513374,53.468994],[-2.513115,53.468634]]}},{"type":"Feature","properties":{"pressure":"HPN","kind":"main","spec":"42 ST","material":"ST","surveyed":"20201018"},"geometry":{"type":"LineString","coordinates":[[-2.485417,53.41451],[-2.485596,53.412862],[-2.483441,53.41165],[-2.482863,53.410734],[-2.48286,53.410729]]}},{"type":"Feature","properties":{"pressure":"HPN","kind":"main","spec":"42 ST","material":"ST","surveyed":"20201018"},"geometry":{"type":"LineString","coordinates":[[-2.485417,53.41451],[-2.485378,53.414709],[-2.485454,53.414818]]}},{"type":"Feature","properties":{"pressure":"HPN","kind":"main","spec":"42 ST","material":"ST","surveyed":"20201018"},"geometry":{"type":"LineString","coordinates":[[-2.482834,53.408436],[-2.482835,53.408431],[-2.48285,53.408344],[-2.482833,53.408277],[-2.482832,53.408276]]}},{"type":"Feature","properties":{"pressure":"HPN","kind":"main","spec":"42 ST","material":"ST","surveyed":"20201018"},"geometry":{"type":"LineString","coordinates":[[-2.483011,53.405839],[-2.48301,53.405841],[-2.482807,53.406075]]}},{"type":"Feature","properties":{"pressure":"HPN","kind":"main","spec":"1050 ST","material":"ST","surveyed":"20201018"},"geometry":{"type":"LineString","coordinates":[[-2.482866,53.40584],[-2.482865,53.405841],[-2.482806,53.405911]]}},{"type":"Feature","properties":{"pressure":"HPN","kind":"main","spec":"42 ST","material":"ST","surveyed":"20250410"},"geometry":{"type":"LineString","coordinates":[[-2.48865,53.423793],[-2.489093,53.422456]]}},{"type":"Feature","properties":{"pressure":"HPN","kind":"main","spec":"42 ST","material":"ST","surveyed":"20250410"},"geometry":{"type":"LineString","coordinates":[[-2.489093,53.422456],[-2.489208,53.422127],[-2.489324,53.421794],[-2.489158,53.421495],[-2.489076,53.421346],[-2.488913,53.421048],[-2.488995,53.420699],[-2.489074,53.420349],[-2.489229,53.419651],[-2.489268,53.419477],[-2.489308,53.419296]]}},{"type":"Feature","properties":{"pressure":"HPN","kind":"main","spec":"42 ST","material":"ST","surveyed":"20250424"},"geometry":{"type":"LineString","coordinates":[[-2.485454,53.414818],[-2.485456,53.414821],[-2.485912,53.41542],[-2.48788,53.416911],[-2.488821,53.418172]]}},{"type":"Feature","properties":{"pressure":"HPN","kind":"main","spec":"42 ST","material":"ST","surveyed":"20250424"},"geometry":{"type":"LineString","coordinates":[[-2.489308,53.419296],[-2.48934,53.419156],[-2.489405,53.418866],[-2.489173,53.418584],[-2.489061,53.418459],[-2.488821,53.418172]]}},{"type":"Feature","properties":{"pressure":"HPN","kind":"main","spec":"42 ST","material":"ST","surveyed":"20251218"},"geometry":{"type":"LineString","coordinates":[[-2.494238,53.428968],[-2.494376,53.428264]]}},{"type":"Feature","properties":{"pressure":"HPN","kind":"main","spec":"42 ST","material":"ST","surveyed":"20251218"},"geometry":{"type":"LineString","coordinates":[[-2.494043,53.43276],[-2.49393,53.430505],[-2.494238,53.428968]]}},{"type":"Feature","properties":{"pressure":"HPN","kind":"main","spec":"42 ST","material":"ST","surveyed":"20201018"},"geometry":{"type":"LineString","coordinates":[[-2.490102,53.426128],[-2.488504,53.425884],[-2.488066,53.425594],[-2.488649,53.423798],[-2.48865,53.423793]]}},{"type":"Feature","properties":{"pressure":"HPN","kind":"main","spec":"42 ST","material":"ST","surveyed":"20201018"},"geometry":{"type":"LineString","coordinates":[[-2.49056,53.426203],[-2.49056,53.426202],[-2.490102,53.426128]]}},{"type":"Feature","properties":{"pressure":"HPN","kind":"main","spec":"42 ST","material":"ST","surveyed":"20251218"},"geometry":{"type":"LineString","coordinates":[[-2.494376,53.428264],[-2.494517,53.427542],[-2.493166,53.426624],[-2.49056,53.426203]]}},{"type":"Feature","properties":{"pressure":"HPN","kind":"main","spec":"42 ST","material":"ST","surveyed":"20201018"},"geometry":{"type":"LineString","coordinates":[[-2.495703,53.437247],[-2.495704,53.43725],[-2.495878,53.437751]]}},{"type":"Feature","properties":{"pressure":"HPN","kind":"main","spec":"42 ST","material":"ST","surveyed":"20201018"},"geometry":{"type":"LineString","coordinates":[[-2.497746,53.441733],[-2.496738,53.439689],[-2.496398,53.438851],[-2.495878,53.437751]]}},{"type":"Feature","properties":{"pressure":"HPN","kind":"main","spec":"42 ST","material":"ST","surveyed":"20201018"},"geometry":{"type":"LineString","coordinates":[[-2.49407,53.433302],[-2.49407,53.433752],[-2.494755,53.434461],[-2.495703,53.437247]]}},{"type":"Feature","properties":{"pressure":"HPN","kind":"main","spec":"42 ST","material":"ST","surveyed":"20201018"},"geometry":{"type":"LineString","coordinates":[[-2.49407,53.433302],[-2.494043,53.43276]]}},{"type":"Feature","properties":{"pressure":"HPN","kind":"main","spec":"42 ST","material":"ST","surveyed":"20201018"},"geometry":{"type":"LineString","coordinates":[[-2.498311,53.445578],[-2.49831,53.445576],[-2.498272,53.445536],[-2.4983,53.44471],[-2.498301,53.444693]]}},{"type":"Feature","properties":{"pressure":"HPN","kind":"main","spec":"42 ST","material":"ST","surveyed":"20201018"},"geometry":{"type":"LineString","coordinates":[[-2.49828,53.442916],[-2.497957,53.442156]]}},{"type":"Feature","properties":{"pressure":"HPN","kind":"main","spec":"42 ST","material":"ST","surveyed":"20201018"},"geometry":{"type":"LineString","coordinates":[[-2.497957,53.442156],[-2.497746,53.441733]]}},{"type":"Feature","properties":{"pressure":"HPN","kind":"main","spec":"1050 ST","material":"ST","surveyed":"20220809"},"geometry":{"type":"LineString","coordinates":[[-2.484248,53.459766],[-2.48343,53.458601],[-2.483403,53.458563]]}},{"type":"Feature","properties":{"pressure":"HPN","kind":"main","spec":"1050 ST","material":"ST","surveyed":"20201018"},"geometry":{"type":"LineString","coordinates":[[-2.485792,53.468748],[-2.484969,53.464263],[-2.484968,53.464257]]}},{"type":"Feature","properties":{"pressure":"HPN","kind":"main","spec":"1050 ST","material":"ST","surveyed":"20251214"},"geometry":{"type":"LineString","coordinates":[[-2.484968,53.464257],[-2.484388,53.461113],[-2.48435,53.459912],[-2.48426,53.459783],[-2.484248,53.459766]]}},{"type":"Feature","properties":{"pressure":"HPN","kind":"main","spec":"1050 ST","material":"ST","surveyed":"20201018"},"geometry":{"type":"LineString","coordinates":[[-2.48358,53.47414],[-2.483612,53.474178],[-2.484733,53.475532],[-2.484481,53.477742]]}},{"type":"Feature","properties":{"pressure":"HPN","kind":"main","spec":"1050 ST","material":"ST","surveyed":"20201018"},"geometry":{"type":"LineString","coordinates":[[-2.483763,53.47325],[-2.48376,53.473255],[-2.483581,53.473547],[-2.483573,53.47356]]}},{"type":"Feature","properties":{"pressure":"HPN","kind":"main","spec":"1050 ST","material":"ST","surveyed":"20201018"},"geometry":{"type":"LineString","coordinates":[[-2.4845,53.472066],[-2.485456,53.471157],[-2.4858,53.468795],[-2.485794,53.468759],[-2.485792,53.468748]]}},{"type":"Feature","properties":{"pressure":"HPN","kind":"main","spec":"1050 ST","material":"ST","surveyed":"20201018"},"geometry":{"type":"LineString","coordinates":[[-2.4845,53.472066],[-2.483763,53.47325]]}},{"type":"Feature","properties":{"pressure":"HPN","kind":"main","spec":"1050 ST","material":"ST","surveyed":"20201018"},"geometry":{"type":"LineString","coordinates":[[-2.484064,53.482238],[-2.484064,53.482243],[-2.483812,53.484843],[-2.483723,53.484886],[-2.483702,53.484896]]}},{"type":"Feature","properties":{"pressure":"HPN","kind":"main","spec":"1050 ST","material":"ST","surveyed":"20201018"},"geometry":{"type":"LineString","coordinates":[[-2.484481,53.477742],[-2.484481,53.477743],[-2.484064,53.482238]]}},{"type":"Feature","properties":{"pressure":"HPN","kind":"main","spec":"42 ST","material":"ST","surveyed":"20201018"},"geometry":{"type":"LineString","coordinates":[[-2.482818,53.41066],[-2.482756,53.410562],[-2.482731,53.41034],[-2.48273,53.410335]]}},{"type":"Feature","properties":{"pressure":"HPN","kind":"main","spec":"42 ST","material":"ST","surveyed":"20201018"},"geometry":{"type":"LineString","coordinates":[[-2.48286,53.410729],[-2.482818,53.41066]]}},{"type":"Feature","properties":{"pressure":"HPN","kind":"main","spec":"1050 ST","material":"ST","surveyed":"20201018"},"geometry":{"type":"LineString","coordinates":[[-2.477501,53.410356],[-2.477805,53.412124],[-2.477855,53.412986],[-2.47785,53.413174],[-2.477897,53.414848]]}},{"type":"Feature","properties":{"pressure":"HPN","kind":"main","spec":"42 ST","material":"ST","surveyed":"20201018"},"geometry":{"type":"LineString","coordinates":[[-2.48273,53.410335],[-2.482681,53.409925],[-2.482697,53.409143],[-2.482834,53.408436]]}},{"type":"Feature","properties":{"pressure":"HPN","kind":"main","spec":"42 ST","material":"ST","surveyed":"20201018"},"geometry":{"type":"LineString","coordinates":[[-2.482832,53.408276],[-2.482829,53.408275],[-2.482757,53.408225],[-2.482223,53.408016],[-2.482054,53.40797],[-2.481765,53.407926],[-2.48139,53.407898]]}},{"type":"Feature","properties":{"pressure":"HPN","kind":"main","spec":"42 ST","material":"ST","surveyed":"20201018"},"geometry":{"type":"LineString","coordinates":[[-2.480855,53.407557],[-2.480662,53.407688],[-2.480615,53.407753],[-2.480784,53.407881],[-2.480989,53.407889],[-2.481392,53.407901]]}},{"type":"Feature","properties":{"pressure":"HPN","kind":"main","spec":"42 ST","material":"ST","surveyed":"20201018"},"geometry":{"type":"LineString","coordinates":[[-2.482807,53.406075],[-2.482805,53.406078],[-2.482289,53.406674],[-2.481915,53.406884],[-2.481546,53.407099],[-2.481225,53.40731],[-2.480908,53.407521],[-2.480855,53.407557]]}},{"type":"Feature","properties":{"pressure":"HPN","kind":"main","spec":"1050 ST","material":"ST","surveyed":"20201018"},"geometry":{"type":"LineString","coordinates":[[-2.482611,53.408485],[-2.482674,53.408506],[-2.482476,53.409472],[-2.481813,53.410141],[-2.481472,53.410159],[-2.480654,53.409942],[-2.480373,53.409596],[-2.478822,53.409281],[-2.478574,53.409324],[-2.478298,53.40963],[-2.477395,53.409789],[-2.477501,53.410356]]}},{"type":"Feature","properties":{"pressure":"HPN","kind":"main","spec":"1050 ST","material":"ST","surveyed":"20201018"},"geometry":{"type":"LineString","coordinates":[[-2.480855,53.407557],[-2.48113,53.407727]]}},{"type":"Feature","properties":{"pressure":"HPN","kind":"main","spec":"1050 ST","material":"ST","surveyed":"20201018"},"geometry":{"type":"LineString","coordinates":[[-2.482806,53.405911],[-2.482804,53.405912],[-2.482316,53.406473],[-2.482165,53.406607],[-2.481775,53.406819],[-2.481396,53.40703],[-2.481224,53.407142],[-2.480844,53.407353],[-2.480842,53.40755],[-2.480855,53.407557]]}},{"type":"Feature","properties":{"pressure":"HPN","kind":"main","spec":"1050 ST","material":"ST","surveyed":"20210414"},"geometry":{"type":"LineString","coordinates":[[-2.472038,53.419366],[-2.471262,53.421909],[-2.47029,53.423232],[-2.470133,53.423868]]}},{"type":"Feature","properties":{"pressure":"HPN","kind":"main","spec":"1050 ST","material":"ST","surveyed":"20241221"},"geometry":{"type":"LineString","coordinates":[[-2.472789,53.4169],[-2.472038,53.419366]]}},{"type":"Feature","properties":{"pressure":"HPN","kind":"main","spec":"1050 ST","material":"ST","surveyed":"20241221"},"geometry":{"type":"LineString","coordinates":[[-2.475388,53.415213],[-2.475263,53.415213],[-2.474875,53.415211],[-2.473672,53.416287],[-2.472789,53.4169]]}},{"type":"Feature","properties":{"pressure":"HPN","kind":"main","spec":"1050 ST","material":"ST","surveyed":"20241221"},"geometry":{"type":"LineString","coordinates":[[-2.477897,53.414848],[-2.477897,53.414851],[-2.477908,53.415193],[-2.477758,53.415392],[-2.476828,53.415282],[-2.476079,53.415234],[-2.475611,53.415211],[-2.475389,53.415213],[-2.475388,53.415213]]}},{"type":"Feature","properties":{"pressure":"HPN","kind":"main","spec":"1050 ST","material":"ST","surveyed":"20250228"},"geometry":{"type":"LineString","coordinates":[[-2.471319,53.428357],[-2.471319,53.428359],[-2.471402,53.428742],[-2.470781,53.429327]]}},{"type":"Feature","properties":{"pressure":"HPN","kind":"main","spec":"1050 ST","material":"ST","surveyed":"20250228"},"geometry":{"type":"LineString","coordinates":[[-2.470781,53.429327],[-2.470452,53.432853],[-2.470452,53.432855]]}},{"type":"Feature","properties":{"pressure":"HPN","kind":"main","spec":"1050 ST","material":"ST","surveyed":"20250410"},"geometry":{"type":"LineString","coordinates":[[-2.470133,53.423868],[-2.470133,53.423869],[-2.469934,53.424678],[-2.470896,53.426399],[-2.471319,53.428357]]}},{"type":"Feature","properties":{"pressure":"HPN","kind":"main","spec":"1050 ST","material":"ST","surveyed":"20260106"},"geometry":{"type":"LineString","coordinates":[[-2.473831,53.437336],[-2.473944,53.437405],[-2.474704,53.438737],[-2.475655,53.439134]]}},{"type":"Feature","properties":{"pressure":"HPN","kind":"main","spec":"1050 ST","material":"ST","surveyed":"20260603"},"geometry":{"type":"LineString","coordinates":[[-2.475655,53.439134],[-2.476739,53.439586],[-2.478299,53.44039],[-2.479535,53.441134],[-2.481202,53.441801],[-2.481203,53.441801]]}},{"type":"Feature","properties":{"pressure":"HPN","kind":"main","spec":"1050 ST","material":"ST","surveyed":"20241130"},"geometry":{"type":"LineString","coordinates":[[-2.470452,53.432855],[-2.470237,53.435152],[-2.473831,53.437336]]}},{"type":"Feature","properties":{"pressure":"HPN","kind":"main","spec":"1050 ST","material":"ST","surveyed":"20201018"},"geometry":{"type":"LineString","coordinates":[[-2.478591,53.4508],[-2.478573,53.450777],[-2.478095,53.450145],[-2.479413,53.449497],[-2.481368,53.446299],[-2.481371,53.446294]]}},{"type":"Feature","properties":{"pressure":"HPN","kind":"main","spec":"1050 ST","material":"ST","surveyed":"20220809"},"geometry":{"type":"LineString","coordinates":[[-2.481203,53.441801],[-2.482888,53.442482],[-2.482437,53.444188],[-2.481412,53.44623]]}},{"type":"Feature","properties":{"pressure":"HPN","kind":"main","spec":"1050 ST","material":"ST","surveyed":"20220809"},"geometry":{"type":"LineString","coordinates":[[-2.481371,53.446294],[-2.481412,53.44623]]}},{"type":"Feature","properties":{"pressure":"HPN","kind":"main","spec":"1050 ST","material":"ST","surveyed":"20201018"},"geometry":{"type":"LineString","coordinates":[[-2.483403,53.458563],[-2.483217,53.458297],[-2.482976,53.457975]]}},{"type":"Feature","properties":{"pressure":"HPN","kind":"main","spec":"1050 ST","material":"ST","surveyed":"20201018"},"geometry":{"type":"LineString","coordinates":[[-2.482976,53.457975],[-2.481228,53.455446],[-2.481132,53.455284]]}},{"type":"Feature","properties":{"pressure":"HPN","kind":"main","spec":"1050 ST","material":"ST","surveyed":"20201018"},"geometry":{"type":"LineString","coordinates":[[-2.481132,53.455284],[-2.481126,53.455274],[-2.480324,53.453913],[-2.480289,53.453043],[-2.478591,53.4508]]}},{"type":"Feature","properties":{"pressure":"HPN","kind":"main","spec":"1050 ST","material":"ST","surveyed":"20201018"},"geometry":{"type":"LineString","coordinates":[[-2.483573,53.47356],[-2.483373,53.473898],[-2.48358,53.47414]]}},{"type":"Feature","properties":{"pressure":"HPN","kind":"main","spec":"1050 ST","material":"ST","surveyed":"20201018"},"geometry":{"type":"LineString","coordinates":[[-2.483702,53.484896],[-2.481203,53.486081],[-2.479679,53.486223]]}},{"type":"Feature","properties":{"pressure":"HPN","kind":"main","spec":"1050 ST","material":"ST","surveyed":"20201018"},"geometry":{"type":"LineString","coordinates":[[-2.479676,53.486223],[-2.478974,53.486753]]}},{"type":"Feature","properties":{"pressure":"HPN","kind":"main","spec":"1050 ST","material":"ST","surveyed":"20251218"},"geometry":{"type":"LineString","coordinates":[[-2.475195,53.492971],[-2.475374,53.493541],[-2.474397,53.494513],[-2.474372,53.495365]]}},{"type":"Feature","properties":{"pressure":"HPN","kind":"main","spec":"1050 ST","material":"ST","surveyed":"20251218"},"geometry":{"type":"LineString","coordinates":[[-2.474372,53.495365],[-2.474376,53.495556],[-2.474291,53.49576]]}},{"type":"Feature","properties":{"pressure":"HPN","kind":"main","spec":"1050 ST","material":"ST","surveyed":"20251218"},"geometry":{"type":"LineString","coordinates":[[-2.474663,53.491264],[-2.474797,53.491692],[-2.474934,53.492134],[-2.474998,53.492339],[-2.475059,53.492531],[-2.475195,53.492971]]}},{"type":"Feature","properties":{"pressure":"HPN","kind":"main","spec":"1050 ST","material":"ST","surveyed":"20201018"},"geometry":{"type":"LineString","coordinates":[[-2.476201,53.487887],[-2.476199,53.487888],[-2.474903,53.48859],[-2.474433,53.490522],[-2.474663,53.491264]]}},{"type":"Feature","properties":{"pressure":"HPN","kind":"main","spec":"1050 ST","material":"ST","surveyed":"20251218"},"geometry":{"type":"LineString","coordinates":[[-2.478974,53.486753],[-2.478705,53.48696],[-2.47756,53.487151],[-2.476201,53.487887]]}},{"type":"Feature","properties":{"pressure":"HPN","kind":"main","spec":"18 ST","material":"ST","surveyed":"20201018"},"geometry":{"type":"LineString","coordinates":[[-2.442433,53.138844],[-2.442411,53.138845],[-2.438088,53.139237],[-2.435102,53.139249],[-2.434963,53.139266]]}},{"type":"Feature","properties":{"pressure":"HPN","kind":"main","spec":"900 ST","material":"ST","surveyed":"20201018"},"geometry":{"type":"LineString","coordinates":[[-2.44242,53.137623],[-2.442177,53.137481],[-2.44138,53.137018],[-2.440684,53.136613],[-2.440616,53.136581],[-2.440595,53.136574],[-2.440573,53.136574],[-2.440488,53.136581],[-2.440404,53.136594],[-2.440323,53.136607],[-2.440183,53.136628],[-2.440019,53.136653],[-2.439865,53.136677],[-2.439698,53.136704],[-2.439367,53.136758],[-2.439211,53.136783],[-2.438879,53.136837],[-2.438712,53.136864],[-2.43855,53.13689],[-2.438383,53.136917],[-2.438133,53.136958],[-2.437839,53.137006],[-2.437595,53.137046],[-2.437384,53.13708],[-2.437054,53.137133],[-2.436724,53.137186],[-2.43649,53.137223],[-2.4364,53.137233],[-2.436376,53.137232],[-2.436327,53.137223],[-2.43631,53.137211],[-2.43627,53.137172],[-2.436183,53.137085],[-2.435882,53.136788],[-2.435444,53.136357]]}},{"type":"Feature","properties":{"pressure":"HPN","kind":"main","spec":"18 ST","material":"ST","surveyed":"20201018"},"geometry":{"type":"LineString","coordinates":[[-2.449822,53.137732],[-2.449485,53.137793],[-2.442559,53.138833],[-2.442433,53.138844]]}},{"type":"Feature","properties":{"pressure":"HPN","kind":"main","spec":"900 ST","material":"ST","surveyed":"20201018"},"geometry":{"type":"LineString","coordinates":[[-2.449886,53.136775],[-2.449475,53.136789],[-2.449392,53.136797],[-2.44937,53.136801],[-2.4493,53.136828],[-2.449164,53.136889],[-2.449067,53.136949],[-2.448372,53.137366],[-2.447795,53.13771],[-2.447734,53.137746],[-2.447663,53.137781],[-2.447603,53.137809],[-2.447525,53.137845],[-2.447338,53.137875],[-2.446657,53.137975],[-2.446485,53.137999],[-2.446314,53.138024],[-2.446216,53.138039],[-2.446146,53.138047],[-2.446064,53.138058],[-2.445978,53.138066],[-2.445814,53.138081],[-2.445644,53.138096],[-2.445468,53.138112],[-2.445123,53.138145],[-2.444961,53.138159],[-2.44462,53.138191],[-2.444101,53.138239],[-2.443926,53.138255],[-2.443757,53.138271],[-2.443645,53.138279],[-2.443584,53.13828],[-2.443561,53.138279],[-2.443542,53.13827],[-2.44348,53.138235],[-2.443354,53.138164],[-2.442669,53.137766],[-2.442548,53.137697],[-2.44242,53.137623]]}},{"type":"Feature","properties":{"pressure":"HPN","kind":"main","spec":"18 ST","material":"ST","surveyed":"20201018"},"geometry":{"type":"LineString","coordinates":[[-2.449895,53.137716],[-2.449822,53.137732]]}},{"type":"Feature","properties":{"pressure":"HPN","kind":"main","spec":"900 ST","material":"ST","surveyed":"20201018"},"geometry":{"type":"LineString","coordinates":[[-2.441207,53.167798],[-2.441196,53.1678],[-2.437606,53.168726]]}},{"type":"Feature","properties":{"pressure":"HPN","kind":"main","spec":"900 ST","material":"ST","surveyed":"20201018"},"geometry":{"type":"LineString","coordinates":[[-2.437606,53.168726],[-2.435966,53.169053],[-2.43527,53.169071],[-2.435264,53.169071]]}},{"type":"Feature","properties":{"pressure":"HPN","kind":"main","spec":"900 ST","material":"ST","surveyed":"20120319"},"geometry":{"type":"LineString","coordinates":[[-2.450186,53.165462],[-2.442748,53.167397],[-2.442727,53.167402]]}},{"type":"Feature","properties":{"pressure":"HPN","kind":"main","spec":"36 ST","material":"ST","surveyed":"20201018"},"geometry":{"type":"LineString","coordinates":[[-2.438549,53.208258],[-2.438547,53.208257],[-2.437672,53.207647],[-2.436578,53.206846],[-2.43618,53.206444]]}},{"type":"Feature","properties":{"pressure":"HPN","kind":"main","spec":"36 ST","material":"ST","surveyed":"20201018"},"geometry":{"type":"LineString","coordinates":[[-2.43618,53.206444],[-2.435638,53.205895]]}},{"type":"Feature","properties":{"pressure":"HPN","kind":"main","spec":"36 ST","material":"ST","surveyed":"20201018"},"geometry":{"type":"LineString","coordinates":[[-2.448248,53.217211],[-2.447843,53.216809],[-2.447796,53.216735],[-2.447771,53.216665],[-2.447758,53.216574],[-2.447717,53.216186],[-2.447696,53.21611],[-2.447658,53.216038],[-2.44761,53.215978],[-2.447539,53.21592],[-2.447435,53.215866],[-2.445122,53.214478],[-2.444863,53.214186],[-2.444742,53.213894]]}},{"type":"Feature","properties":{"pressure":"HPN","kind":"main","spec":"36 ST","material":"ST","surveyed":"20201018"},"geometry":{"type":"LineString","coordinates":[[-2.444742,53.213894],[-2.444563,53.213431],[-2.44454,53.213385],[-2.444494,53.213327],[-2.444449,53.213281],[-2.443804,53.212807],[-2.443754,53.212738],[-2.443749,53.212733]]}},{"type":"Feature","properties":{"pressure":"HPN","kind":"main","spec":"36 ST","material":"ST","surveyed":"20201018"},"geometry":{"type":"LineString","coordinates":[[-2.440778,53.210157],[-2.43972,53.209095],[-2.438549,53.208258]]}},{"type":"Feature","properties":{"pressure":"HPN","kind":"main","spec":"36 ST","material":"ST","surveyed":"20201018"},"geometry":{"type":"LineString","coordinates":[[-2.443188,53.212094],[-2.443082,53.211974],[-2.442008,53.210752],[-2.441951,53.210686],[-2.441863,53.210628],[-2.441705,53.210563],[-2.441536,53.210522],[-2.441266,53.210481],[-2.441117,53.210434],[-2.441021,53.210374],[-2.440957,53.210322],[-2.440778,53.210157]]}},{"type":"Feature","properties":{"pressure":"HPN","kind":"main","spec":"36 ST","material":"ST","surveyed":"20260101"},"geometry":{"type":"LineString","coordinates":[[-2.443749,53.212733],[-2.443188,53.212094]]}},{"type":"Feature","properties":{"pressure":"HPN","kind":"main","spec":"36 ST","material":"ST","surveyed":"20201018"},"geometry":{"type":"LineString","coordinates":[[-2.448309,53.217271],[-2.448248,53.217211]]}},{"type":"Feature","properties":{"pressure":"HPN","kind":"main","spec":"36 ST","material":"ST","surveyed":"20201018"},"geometry":{"type":"LineString","coordinates":[[-2.450751,53.219366],[-2.450744,53.219362],[-2.449892,53.218861],[-2.448309,53.217271]]}},{"type":"Feature","properties":{"pressure":"HPN","kind":"main","spec":"18 ST","material":"ST","surveyed":"20201018"},"geometry":{"type":"LineString","coordinates":[[-2.427511,53.141559],[-2.426874,53.14192],[-2.424952,53.143043]]}},{"type":"Feature","properties":{"pressure":"HPN","kind":"main","spec":"18 ST","material":"ST","surveyed":"20201018"},"geometry":{"type":"LineString","coordinates":[[-2.424952,53.143043],[-2.421586,53.145388],[-2.421575,53.145396]]}},{"type":"Feature","properties":{"pressure":"HPN","kind":"main","spec":"18 ST","material":"ST","surveyed":"20120319"},"geometry":{"type":"LineString","coordinates":[[-2.42882,53.140876],[-2.428782,53.140888],[-2.428465,53.140996],[-2.427536,53.141545],[-2.427511,53.141559]]}},{"type":"Feature","properties":{"pressure":"HPN","kind":"main","spec":"900 ST","material":"ST","surveyed":"20201018"},"geometry":{"type":"LineString","coordinates":[[-2.426398,53.13639],[-2.426243,53.136488],[-2.426054,53.136606],[-2.426004,53.136637],[-2.42583,53.136746],[-2.425585,53.1369],[-2.425521,53.136936],[-2.42551,53.136942],[-2.42541,53.136964],[-2.425023,53.13702],[-2.424856,53.137045],[-2.424692,53.137071],[-2.424523,53.137097],[-2.424353,53.137123],[-2.423764,53.137214],[-2.423613,53.137237],[-2.423398,53.137271],[-2.422736,53.13737],[-2.422565,53.137396],[-2.422136,53.13746],[-2.421827,53.137508],[-2.421489,53.13756],[-2.42116,53.137609],[-2.420557,53.137702],[-2.42028,53.137744],[-2.42,53.137786]]}},{"type":"Feature","properties":{"pressure":"HPN","kind":"main","spec":"18 ST","material":"ST","surveyed":"20201018"},"geometry":{"type":"LineString","coordinates":[[-2.434963,53.139266],[-2.434954,53.139268],[-2.433263,53.13945],[-2.433101,53.139485],[-2.42882,53.140876]]}},{"type":"Feature","properties":{"pressure":"HPN","kind":"main","spec":"18 ST","material":"ST","surveyed":"20260123"},"geometry":{"type":"LineString","coordinates":[[-2.421575,53.145396],[-2.420084,53.146415]]}},{"type":"Feature","properties":{"pressure":"HPN","kind":"main","spec":"900 ST","material":"ST","surveyed":"20201018"},"geometry":{"type":"LineString","coordinates":[[-2.427798,53.170389],[-2.427781,53.170392],[-2.426863,53.170564],[-2.420302,53.168687]]}},{"type":"Feature","properties":{"pressure":"HPN","kind":"main","spec":"900 ST","material":"ST","surveyed":"20201018"},"geometry":{"type":"LineString","coordinates":[[-2.435264,53.169071],[-2.43488,53.169086],[-2.427798,53.170389]]}},{"type":"Feature","properties":{"pressure":"HPN","kind":"main","spec":"36 ST","material":"ST","surveyed":"20251010"},"geometry":{"type":"LineString","coordinates":[[-2.421206,53.190342],[-2.421083,53.190271],[-2.420678,53.190108],[-2.420511,53.190045]]}},{"type":"Feature","properties":{"pressure":"HPN","kind":"main","spec":"36 ST","material":"ST","surveyed":"20201018"},"geometry":{"type":"LineString","coordinates":[[-2.428066,53.197245],[-2.427741,53.196693],[-2.427681,53.196625],[-2.427601,53.196543],[-2.427501,53.196478],[-2.42739,53.196422],[-2.425887,53.195761],[-2.425812,53.195721],[-2.425719,53.195653],[-2.425655,53.195582],[-2.425617,53.195502],[-2.425361,53.194956]]}},{"type":"Feature","properties":{"pressure":"HPN","kind":"main","spec":"36 ST","material":"ST","surveyed":"20201018"},"geometry":{"type":"LineString","coordinates":[[-2.425361,53.194956],[-2.425298,53.194838],[-2.42529,53.194822]]}},{"type":"Feature","properties":{"pressure":"HPN","kind":"main","spec":"36 ST","material":"ST","surveyed":"20251218"},"geometry":{"type":"LineString","coordinates":[[-2.429063,53.198808],[-2.428342,53.197703],[-2.428069,53.19725],[-2.428066,53.197245]]}},{"type":"Feature","properties":{"pressure":"HPN","kind":"main","spec":"36 ST","material":"ST","surveyed":"20251218"},"geometry":{"type":"LineString","coordinates":[[-2.42939,53.199302],[-2.429385,53.199294],[-2.429063,53.198808]]}},{"type":"Feature","properties":{"pressure":"HPN","kind":"main","spec":"36 ST","material":"ST","surveyed":"20201018"},"geometry":{"type":"LineString","coordinates":[[-2.42186,53.191427],[-2.422113,53.190875],[-2.421206,53.190342]]}},{"type":"Feature","properties":{"pressure":"HPN","kind":"main","spec":"36 ST","material":"ST","surveyed":"20201018"},"geometry":{"type":"LineString","coordinates":[[-2.42529,53.194822],[-2.424746,53.193798],[-2.424703,53.193735],[-2.424655,53.193688],[-2.42186,53.191427]]}},{"type":"Feature","properties":{"pressure":"HPN","kind":"main","spec":"36 ST","material":"ST","surveyed":"20201018"},"geometry":{"type":"LineString","coordinates":[[-2.435638,53.205895],[-2.435633,53.20589],[-2.435413,53.205671],[-2.435299,53.205513],[-2.435208,53.205407],[-2.43509,53.205316],[-2.434943,53.205246],[-2.43368,53.204692],[-2.433363,53.204087],[-2.433216,53.203783]]}},{"type":"Feature","properties":{"pressure":"HPN","kind":"main","spec":"36 ST","material":"ST","surveyed":"20201018"},"geometry":{"type":"LineString","coordinates":[[-2.432594,53.20267],[-2.430604,53.200357],[-2.430144,53.200235],[-2.430064,53.200194],[-2.429975,53.200154],[-2.429907,53.200108],[-2.429845,53.200031],[-2.42939,53.199302]]}},{"type":"Feature","properties":{"pressure":"HPN","kind":"main","spec":"36 ST","material":"ST","surveyed":"20201018"},"geometry":{"type":"LineString","coordinates":[[-2.433216,53.203783],[-2.432776,53.20287],[-2.432594,53.20267]]}},{"type":"Feature","properties":{"pressure":"HPN","kind":"main","spec":"36 ST","material":"ST","surveyed":"20260123"},"geometry":{"type":"LineString","coordinates":[[-2.415043,53.140925],[-2.415001,53.141228],[-2.414757,53.141447],[-2.414301,53.14184]]}},{"type":"Feature","properties":{"pressure":"HPN","kind":"main","spec":"36 ST","material":"ST","surveyed":"20260123"},"geometry":{"type":"LineString","coordinates":[[-2.414245,53.145422],[-2.414075,53.143633],[-2.414029,53.143285],[-2.413956,53.142919],[-2.413888,53.142558],[-2.413848,53.142199],[-2.413999,53.142088],[-2.414301,53.14184]]}},{"type":"Feature","properties":{"pressure":"HPN","kind":"main","spec":"36 ST","material":"ST","surveyed":"20250820"},"geometry":{"type":"LineString","coordinates":[[-2.417069,53.13788],[-2.415402,53.139048],[-2.415226,53.139597],[-2.415043,53.140925]]}},{"type":"Feature","properties":{"pressure":"HPN","kind":"main","spec":"900 ST","material":"ST","surveyed":"20250820"},"geometry":{"type":"LineString","coordinates":[[-2.417318,53.13771],[-2.41726,53.137678],[-2.417242,53.137671],[-2.417218,53.137669],[-2.417175,53.137672],[-2.417157,53.13768],[-2.417037,53.137755],[-2.417028,53.137763],[-2.416919,53.137834],[-2.416735,53.137956],[-2.416465,53.138139],[-2.416088,53.138396],[-2.415977,53.138472]]}},{"type":"Feature","properties":{"pressure":"HPN","kind":"main","spec":"900 ST","material":"ST","surveyed":"20250820"},"geometry":{"type":"LineString","coordinates":[[-2.42,53.137786],[-2.419929,53.137796],[-2.419588,53.137847],[-2.419337,53.137887],[-2.419007,53.137937],[-2.418678,53.137989],[-2.418341,53.13804],[-2.418118,53.13807],[-2.418035,53.138078],[-2.418017,53.138077],[-2.417997,53.138072],[-2.417931,53.138041],[-2.417735,53.137936],[-2.417514,53.137817],[-2.417318,53.13771]]}},{"type":"Feature","properties":{"pressure":"HPN","kind":"main","spec":"36 ST","material":"ST","surveyed":"20250820"},"geometry":{"type":"LineString","coordinates":[[-2.417318,53.13771],[-2.417069,53.13788]]}},{"type":"Feature","properties":{"pressure":"HPN","kind":"main","spec":"36 ST","material":"ST","surveyed":"20250820"},"geometry":{"type":"LineString","coordinates":[[-2.418387,53.136419],[-2.418554,53.136863],[-2.417318,53.13771]]}},{"type":"Feature","properties":{"pressure":"HPN","kind":"main","spec":"36 ST","material":"ST","surveyed":"20120319"},"geometry":{"type":"LineString","coordinates":[[-2.415921,53.151125],[-2.416165,53.151965],[-2.415898,53.152459],[-2.415811,53.152564],[-2.413496,53.154406],[-2.413487,53.154414]]}},{"type":"Feature","properties":{"pressure":"HPN","kind":"main","spec":"36 ST","material":"ST","surveyed":"20120319"},"geometry":{"type":"LineString","coordinates":[[-2.415921,53.151125],[-2.415749,53.150433],[-2.415703,53.150244],[-2.415629,53.149912]]}},{"type":"Feature","properties":{"pressure":"HPN","kind":"main","spec":"18 ST","material":"ST","surveyed":"20120319"},"geometry":{"type":"LineString","coordinates":[[-2.416763,53.149908],[-2.416399,53.151775],[-2.416632,53.153039],[-2.416614,53.153108],[-2.415764,53.154406]]}},{"type":"Feature","properties":{"pressure":"HPN","kind":"main","spec":"36 ST","material":"ST","surveyed":"20260123"},"geometry":{"type":"LineString","coordinates":[[-2.414935,53.146625],[-2.414245,53.145424],[-2.414245,53.145422]]}},{"type":"Feature","properties":{"pressure":"HPN","kind":"main","spec":"36 ST","material":"ST","surveyed":"20260123"},"geometry":{"type":"LineString","coordinates":[[-2.415629,53.149912],[-2.415626,53.149897],[-2.415477,53.147782],[-2.415417,53.14756],[-2.414935,53.146625]]}},{"type":"Feature","properties":{"pressure":"HPN","kind":"main","spec":"18 ST","material":"ST","surveyed":"20260123"},"geometry":{"type":"LineString","coordinates":[[-2.420084,53.146415],[-2.420051,53.146438],[-2.420049,53.146439]]}},{"type":"Feature","properties":{"pressure":"HPN","kind":"main","spec":"18 ST","material":"ST","surveyed":"20260123"},"geometry":{"type":"LineString","coordinates":[[-2.420049,53.146439],[-2.419357,53.146916],[-2.4171,53.148797],[-2.417004,53.148917],[-2.416763,53.149907],[-2.416763,53.149908]]}},{"type":"Feature","properties":{"pressure":"HPN","kind":"main","spec":"36 ST","material":"ST","surveyed":"20201018"},"geometry":{"type":"LineString","coordinates":[[-2.412739,53.160041],[-2.412725,53.160013],[-2.412336,53.159263]]}},{"type":"Feature","properties":{"pressure":"HPN","kind":"main","spec":"36 ST","material":"ST","surveyed":"20201018"},"geometry":{"type":"LineString","coordinates":[[-2.41217,53.158913],[-2.412172,53.158917],[-2.412336,53.159263]]}},{"type":"Feature","properties":{"pressure":"HPN","kind":"main","spec":"36 ST","material":"ST","surveyed":"20201018"},"geometry":{"type":"LineString","coordinates":[[-2.413941,53.163401],[-2.413572,53.162502],[-2.413278,53.161895],[-2.413053,53.160647],[-2.412739,53.160041]]}},{"type":"Feature","properties":{"pressure":"HPN","kind":"main","spec":"18 ST","material":"ST","surveyed":"20201018"},"geometry":{"type":"LineString","coordinates":[[-2.412697,53.1556],[-2.41268,53.155612],[-2.411731,53.15629],[-2.411636,53.156314],[-2.411421,53.156316],[-2.411367,53.156325],[-2.411342,53.156351]]}},{"type":"Feature","properties":{"pressure":"HPN","kind":"main","spec":"36 ST","material":"ST","surveyed":"20201018"},"geometry":{"type":"LineString","coordinates":[[-2.412694,53.155316],[-2.412661,53.155338],[-2.411541,53.156108],[-2.411269,53.156174],[-2.411249,53.156461],[-2.410948,53.156848],[-2.411862,53.158295],[-2.41217,53.158913]]}},{"type":"Feature","properties":{"pressure":"HPN","kind":"main","spec":"36 ST","material":"ST","surveyed":"20120319"},"geometry":{"type":"LineString","coordinates":[[-2.413487,53.154414],[-2.413368,53.154508],[-2.413302,53.154599],[-2.41286,53.155172],[-2.412758,53.155273]]}},{"type":"Feature","properties":{"pressure":"HPN","kind":"main","spec":"18 ST","material":"ST","surveyed":"20120319"},"geometry":{"type":"LineString","coordinates":[[-2.415764,53.154406],[-2.41576,53.154412],[-2.415553,53.154727],[-2.413928,53.155112],[-2.413098,53.15531],[-2.412697,53.1556]]}},{"type":"Feature","properties":{"pressure":"HPN","kind":"main","spec":"36 ST","material":"ST","surveyed":"20120319"},"geometry":{"type":"LineString","coordinates":[[-2.412758,53.155273],[-2.412694,53.155316]]}},{"type":"Feature","properties":{"pressure":"HPN","kind":"main","spec":"100 ST","material":"ST","surveyed":"20240228"},"geometry":{"type":"LineString","coordinates":[[-2.412836,53.170164],[-2.412817,53.170175],[-2.412384,53.170415],[-2.411765,53.17004],[-2.411132,53.169659],[-2.410259,53.169119],[-2.409249,53.168497],[-2.409116,53.168416]]}},{"type":"Feature","properties":{"pressure":"HPN","kind":"main","spec":"100 ST","material":"ST","surveyed":"20240228"},"geometry":{"type":"LineString","coordinates":[[-2.408359,53.167915],[-2.408374,53.167927],[-2.408766,53.168226],[-2.409116,53.168416]]}},{"type":"Feature","properties":{"pressure":"HPN","kind":"main","spec":"100 ST","material":"ST","surveyed":"20240228"},"geometry":{"type":"LineString","coordinates":[[-2.413731,53.169698],[-2.413698,53.169679],[-2.412836,53.170164]]}},{"type":"Feature","properties":{"pressure":"HPN","kind":"main","spec":"36 ST","material":"ST","surveyed":"20240228"},"geometry":{"type":"LineString","coordinates":[[-2.414411,53.168067],[-2.414322,53.167969],[-2.414284,53.167905],[-2.414284,53.167902],[-2.414283,53.167894]]}},{"type":"Feature","properties":{"pressure":"HPN","kind":"main","spec":"900 ST","material":"ST","surveyed":"20240228"},"geometry":{"type":"LineString","coordinates":[[-2.420302,53.168687],[-2.42029,53.168684],[-2.420191,53.168655],[-2.419591,53.168342],[-2.416655,53.168118],[-2.416255,53.16831],[-2.415855,53.168502],[-2.41547,53.168701],[-2.414918,53.168827]]}},{"type":"Feature","properties":{"pressure":"HPN","kind":"main","spec":"36 ST","material":"ST","surveyed":"20240228"},"geometry":{"type":"LineString","coordinates":[[-2.413958,53.17239],[-2.413957,53.172389],[-2.41392,53.172353]]}},{"type":"Feature","properties":{"pressure":"HPN","kind":"main","spec":"36 ST","material":"ST","surveyed":"20240228"},"geometry":{"type":"LineString","coordinates":[[-2.413731,53.169698],[-2.413724,53.169703],[-2.413828,53.170402],[-2.412901,53.170985],[-2.412899,53.171353],[-2.41392,53.172353]]}},{"type":"Feature","properties":{"pressure":"HPN","kind":"main","spec":"36 ST","material":"ST","surveyed":"20240228"},"geometry":{"type":"LineString","coordinates":[[-2.414918,53.168827],[-2.415006,53.168961],[-2.413731,53.169698]]}},{"type":"Feature","properties":{"pressure":"HPN","kind":"main","spec":"36 ST","material":"ST","surveyed":"20240228"},"geometry":{"type":"LineString","coordinates":[[-2.414411,53.168067],[-2.414918,53.168827]]}},{"type":"Feature","properties":{"pressure":"HPN","kind":"main","spec":"100 ST","material":"ST","surveyed":"20250924"},"geometry":{"type":"LineString","coordinates":[[-2.40629,53.166105],[-2.405873,53.166354],[-2.40645,53.166712],[-2.407045,53.167085],[-2.407801,53.167551],[-2.408175,53.167775],[-2.408359,53.167915]]}},{"type":"Feature","properties":{"pressure":"HPN","kind":"main","spec":"100 ST","material":"ST","surveyed":"20250924"},"geometry":{"type":"LineString","coordinates":[[-2.40629,53.166105],[-2.406281,53.165867]]}},{"type":"Feature","properties":{"pressure":"HPN","kind":"main","spec":"36 ST","material":"ST","surveyed":"20201018"},"geometry":{"type":"LineString","coordinates":[[-2.414283,53.167894],[-2.414261,53.167804],[-2.414216,53.16703],[-2.414172,53.16599],[-2.414002,53.163778]]}},{"type":"Feature","properties":{"pressure":"HPN","kind":"main","spec":"36 ST","material":"ST","surveyed":"20201018"},"geometry":{"type":"LineString","coordinates":[[-2.414002,53.163778],[-2.413994,53.163533],[-2.413948,53.163417],[-2.413941,53.163401]]}},{"type":"Feature","properties":{"pressure":"HPN","kind":"main","spec":"36 ST","material":"ST","surveyed":"20201018"},"geometry":{"type":"LineString","coordinates":[[-2.417049,53.180097],[-2.417166,53.180297],[-2.417211,53.180458],[-2.416973,53.180632],[-2.416934,53.181369]]}},{"type":"Feature","properties":{"pressure":"HPN","kind":"main","spec":"36 ST","material":"ST","surveyed":"20201018"},"geometry":{"type":"LineString","coordinates":[[-2.417049,53.180097],[-2.416415,53.179063],[-2.416384,53.178985],[-2.416374,53.178898],[-2.416383,53.178828],[-2.416657,53.177707],[-2.417017,53.176884],[-2.417022,53.176874]]}},{"type":"Feature","properties":{"pressure":"HPN","kind":"main","spec":"36 ST","material":"ST","surveyed":"20260603"},"geometry":{"type":"LineString","coordinates":[[-2.417022,53.176874],[-2.417215,53.176447],[-2.417175,53.17579]]}},{"type":"Feature","properties":{"pressure":"HPN","kind":"main","spec":"36 ST","material":"ST","surveyed":"20260603"},"geometry":{"type":"LineString","coordinates":[[-2.417175,53.17579],[-2.417149,53.175644],[-2.417122,53.175543],[-2.416999,53.175401],[-2.413958,53.17239]]}},{"type":"Feature","properties":{"pressure":"HPN","kind":"main","spec":"36 ST","material":"ST","surveyed":"20201018"},"geometry":{"type":"LineString","coordinates":[[-2.420511,53.190045],[-2.417948,53.189091],[-2.41783,53.189029],[-2.417719,53.188962],[-2.417639,53.188865],[-2.417004,53.188128]]}},{"type":"Feature","properties":{"pressure":"HPN","kind":"main","spec":"36 ST","material":"ST","surveyed":"20201018"},"geometry":{"type":"LineString","coordinates":[[-2.417004,53.188128],[-2.415206,53.185907],[-2.415195,53.185888],[-2.415184,53.185869]]}},{"type":"Feature","properties":{"pressure":"HPN","kind":"main","spec":"36 ST","material":"ST","surveyed":"20201018"},"geometry":{"type":"LineString","coordinates":[[-2.416934,53.181369],[-2.416933,53.18137],[-2.416866,53.182676],[-2.416832,53.183951],[-2.416821,53.184013],[-2.416786,53.184072],[-2.416702,53.184129],[-2.416629,53.18418]]}},{"type":"Feature","properties":{"pressure":"HPN","kind":"main","spec":"36 ST","material":"ST","surveyed":"20201018"},"geometry":{"type":"LineString","coordinates":[[-2.415184,53.185869],[-2.415147,53.185806],[-2.415137,53.185697],[-2.415162,53.185612],[-2.415373,53.185143],[-2.415439,53.185037],[-2.415494,53.184963],[-2.415603,53.184867],[-2.416629,53.18418]]}},{"type":"Feature","properties":{"pressure":"HPN","kind":"main","spec":"36 ST","material":"ST","surveyed":"20201018"},"geometry":{"type":"LineString","coordinates":[[-2.393187,53.225764],[-2.393178,53.22575],[-2.392235,53.224342],[-2.39151,53.223406],[-2.39139,53.223262],[-2.390883,53.222301],[-2.390871,53.222278]]}},{"type":"Feature","properties":{"pressure":"HPN","kind":"main","spec":"36 ST","material":"ST","surveyed":"20201018"},"geometry":{"type":"LineString","coordinates":[[-2.393524,53.226393],[-2.39347,53.226237],[-2.393187,53.225764]]}},{"type":"Feature","properties":{"pressure":"HPN","kind":"main","spec":"36 ST","material":"ST","surveyed":"20120320"},"geometry":{"type":"LineString","coordinates":[[-2.378518,53.190486],[-2.37851,53.19048],[-2.377452,53.189726],[-2.376769,53.189235],[-2.375605,53.188444],[-2.375598,53.188439]]}},{"type":"Feature","properties":{"pressure":"HPN","kind":"main","spec":"36 ST","material":"ST","surveyed":"20201018"},"geometry":{"type":"LineString","coordinates":[[-2.385701,53.199452],[-2.385921,53.199113],[-2.385715,53.198209],[-2.38553,53.197808],[-2.385415,53.197565],[-2.385241,53.197262],[-2.384597,53.19613],[-2.384218,53.195347]]}},{"type":"Feature","properties":{"pressure":"HPN","kind":"main","spec":"36 ST","material":"ST","surveyed":"20201018"},"geometry":{"type":"LineString","coordinates":[[-2.384218,53.195347],[-2.384047,53.195093],[-2.383956,53.194963]]}},{"type":"Feature","properties":{"pressure":"HPN","kind":"main","spec":"36 ST","material":"ST","surveyed":"20201018"},"geometry":{"type":"LineString","coordinates":[[-2.380058,53.191582],[-2.378518,53.190486]]}},{"type":"Feature","properties":{"pressure":"HPN","kind":"main","spec":"36 ST","material":"ST","surveyed":"20201018"},"geometry":{"type":"LineString","coordinates":[[-2.38313,53.193942],[-2.3831,53.193916],[-2.382753,53.193623],[-2.382166,53.193177],[-2.380757,53.192098],[-2.380058,53.191582]]}},{"type":"Feature","properties":{"pressure":"HPN","kind":"main","spec":"36 ST","material":"ST","surveyed":"20201018"},"geometry":{"type":"LineString","coordinates":[[-2.383956,53.194963],[-2.38385,53.194813],[-2.383218,53.194019],[-2.38313,53.193942]]}},{"type":"Feature","properties":{"pressure":"HPN","kind":"main","spec":"36 ST","material":"ST","surveyed":"20250217"},"geometry":{"type":"LineString","coordinates":[[-2.387098,53.208436],[-2.387116,53.208408]]}},{"type":"Feature","properties":{"pressure":"HPN","kind":"main","spec":"36 ST","material":"ST","surveyed":"20250217"},"geometry":{"type":"LineString","coordinates":[[-2.387116,53.208408],[-2.387267,53.208165],[-2.387278,53.206323],[-2.387186,53.205685],[-2.387126,53.205297],[-2.387022,53.204604],[-2.386817,53.203943]]}},{"type":"Feature","properties":{"pressure":"HPN","kind":"main","spec":"36 ST","material":"ST","surveyed":"20260603"},"geometry":{"type":"LineString","coordinates":[[-2.386623,53.203109],[-2.386447,53.201736],[-2.386413,53.201661],[-2.385397,53.201108],[-2.385089,53.200432],[-2.385552,53.199685]]}},{"type":"Feature","properties":{"pressure":"HPN","kind":"main","spec":"36 ST","material":"ST","surveyed":"20260603"},"geometry":{"type":"LineString","coordinates":[[-2.386817,53.203943],[-2.386816,53.203941],[-2.386793,53.203847],[-2.386623,53.203109]]}},{"type":"Feature","properties":{"pressure":"HPN","kind":"main","spec":"36 ST","material":"ST","surveyed":"20260603"},"geometry":{"type":"LineString","coordinates":[[-2.385552,53.199685],[-2.385701,53.199452]]}},{"type":"Feature","properties":{"pressure":"HPN","kind":"main","spec":"36 ST","material":"ST","surveyed":"20201018"},"geometry":{"type":"LineString","coordinates":[[-2.388932,53.217419],[-2.388928,53.217403],[-2.388896,53.217277]]}},{"type":"Feature","properties":{"pressure":"HPN","kind":"main","spec":"36 ST","material":"ST","surveyed":"20201018"},"geometry":{"type":"LineString","coordinates":[[-2.388896,53.217277],[-2.388823,53.21689],[-2.388654,53.216224],[-2.388462,53.215584],[-2.388304,53.21492],[-2.388183,53.214465],[-2.387957,53.213636],[-2.387745,53.212928]]}},{"type":"Feature","properties":{"pressure":"HPN","kind":"main","spec":"36 ST","material":"ST","surveyed":"20201018"},"geometry":{"type":"LineString","coordinates":[[-2.387711,53.212804],[-2.387609,53.212261],[-2.387369,53.211586],[-2.386738,53.210004],[-2.386554,53.20953],[-2.386533,53.20928],[-2.387093,53.208445],[-2.387098,53.208436]]}},{"type":"Feature","properties":{"pressure":"HPN","kind":"main","spec":"36 ST","material":"ST","surveyed":"20201018"},"geometry":{"type":"LineString","coordinates":[[-2.387745,53.212928],[-2.387742,53.212917],[-2.387711,53.212804]]}},{"type":"Feature","properties":{"pressure":"HPN","kind":"main","spec":"36 ST","material":"ST","surveyed":"20201018"},"geometry":{"type":"LineString","coordinates":[[-2.390871,53.222278],[-2.390832,53.222204],[-2.390666,53.221908]]}},{"type":"Feature","properties":{"pressure":"HPN","kind":"main","spec":"36 ST","material":"ST","surveyed":"20251214"},"geometry":{"type":"LineString","coordinates":[[-2.390487,53.221593],[-2.390449,53.221515],[-2.390345,53.220494],[-2.390106,53.219781],[-2.389823,53.219042],[-2.3895,53.218239],[-2.389126,53.218164],[-2.389051,53.217864],[-2.388968,53.217558],[-2.388932,53.217419]]}},{"type":"Feature","properties":{"pressure":"HPN","kind":"main","spec":"36 ST","material":"ST","surveyed":"20251214"},"geometry":{"type":"LineString","coordinates":[[-2.390666,53.221908],[-2.390657,53.221891],[-2.390487,53.221593]]}},{"type":"Feature","properties":{"pressure":"HPN","kind":"main","spec":"36 ST","material":"ST","surveyed":"20120320"},"geometry":{"type":"LineString","coordinates":[[-2.366865,53.180827],[-2.366601,53.180572],[-2.36579,53.179794],[-2.365186,53.179117],[-2.364657,53.178501],[-2.363922,53.177704],[-2.363348,53.177057],[-2.363342,53.17705]]}},{"type":"Feature","properties":{"pressure":"HPN","kind":"main","spec":"36 ST","material":"ST","surveyed":"20120320"},"geometry":{"type":"LineString","coordinates":[[-2.367576,53.181531],[-2.366865,53.180827]]}},{"type":"Feature","properties":{"pressure":"HPN","kind":"main","spec":"36 ST","material":"ST","surveyed":"20120320"},"geometry":{"type":"LineString","coordinates":[[-2.363342,53.17705],[-2.363312,53.177018],[-2.363013,53.17671]]}},{"type":"Feature","properties":{"pressure":"HPN","kind":"main","spec":"36 ST","material":"ST","surveyed":"20120320"},"geometry":{"type":"LineString","coordinates":[[-2.363013,53.17671],[-2.3624,53.17607],[-2.360891,53.17442],[-2.360551,53.173874],[-2.360509,53.17383]]}},{"type":"Feature","properties":{"pressure":"HPN","kind":"main","spec":"36 ST","material":"ST","surveyed":"20201018"},"geometry":{"type":"LineString","coordinates":[[-2.375253,53.188204],[-2.374496,53.187693],[-2.373586,53.186477],[-2.373474,53.186388],[-2.372916,53.186009]]}},{"type":"Feature","properties":{"pressure":"HPN","kind":"main","spec":"36 ST","material":"ST","surveyed":"20201018"},"geometry":{"type":"LineString","coordinates":[[-2.375598,53.188439],[-2.375253,53.188204]]}},{"type":"Feature","properties":{"pressure":"HPN","kind":"main","spec":"36 ST","material":"ST","surveyed":"20201018"},"geometry":{"type":"LineString","coordinates":[[-2.36806,53.18198],[-2.368056,53.181978],[-2.367992,53.181943],[-2.367576,53.181531]]}},{"type":"Feature","properties":{"pressure":"HPN","kind":"main","spec":"36 ST","material":"ST","surveyed":"20120320"},"geometry":{"type":"LineString","coordinates":[[-2.372916,53.186009],[-2.372911,53.186006],[-2.372161,53.185491],[-2.370762,53.184579]]}},{"type":"Feature","properties":{"pressure":"HPN","kind":"main","spec":"36 ST","material":"ST","surveyed":"20120320"},"geometry":{"type":"LineString","coordinates":[[-2.370762,53.184579],[-2.370648,53.184516],[-2.370792,53.184072],[-2.369774,53.183264],[-2.368662,53.182323],[-2.36806,53.18198]]}},{"type":"Feature","properties":{"pressure":"HPN","kind":"main","spec":"36 ST","material":"ST","surveyed":"20240820"},"geometry":{"type":"LineString","coordinates":[[-2.346708,53.154627],[-2.346365,53.154336],[-2.345861,53.153866],[-2.345554,53.153591],[-2.345385,53.1534]]}},{"type":"Feature","properties":{"pressure":"HPN","kind":"main","spec":"36 ST","material":"ST","surveyed":"20120320"},"geometry":{"type":"LineString","coordinates":[[-2.352938,53.162735],[-2.352494,53.162026],[-2.351823,53.160895],[-2.351468,53.160307],[-2.351223,53.159849]]}},{"type":"Feature","properties":{"pressure":"HPN","kind":"main","spec":"36 ST","material":"ST","surveyed":"20120320"},"geometry":{"type":"LineString","coordinates":[[-2.351223,53.159849],[-2.350859,53.159117],[-2.350855,53.159109]]}},{"type":"Feature","properties":{"pressure":"HPN","kind":"main","spec":"36 ST","material":"ST","surveyed":"20120320"},"geometry":{"type":"LineString","coordinates":[[-2.353479,53.163596],[-2.353364,53.163415],[-2.352945,53.162746],[-2.352938,53.162735]]}},{"type":"Feature","properties":{"pressure":"HPN","kind":"main","spec":"36 ST","material":"ST","surveyed":"20201018"},"geometry":{"type":"LineString","coordinates":[[-2.348124,53.155827],[-2.348065,53.155769],[-2.34769,53.155443],[-2.346982,53.15486],[-2.346708,53.154627]]}},{"type":"Feature","properties":{"pressure":"HPN","kind":"main","spec":"36 ST","material":"ST","surveyed":"20201018"},"geometry":{"type":"LineString","coordinates":[[-2.350855,53.159109],[-2.350781,53.158952],[-2.350074,53.158089],[-2.348686,53.156355],[-2.348124,53.155827]]}},{"type":"Feature","properties":{"pressure":"HPN","kind":"main","spec":"36 ST","material":"ST","surveyed":"20120320"},"geometry":{"type":"LineString","coordinates":[[-2.356575,53.168437],[-2.356332,53.168082]]}},{"type":"Feature","properties":{"pressure":"HPN","kind":"main","spec":"36 ST","material":"ST","surveyed":"20120320"},"geometry":{"type":"LineString","coordinates":[[-2.359349,53.172567],[-2.35933,53.172549],[-2.357984,53.170678],[-2.357373,53.169805],[-2.356914,53.169121],[-2.356744,53.168704],[-2.356575,53.168437]]}},{"type":"Feature","properties":{"pressure":"HPN","kind":"main","spec":"36 ST","material":"ST","surveyed":"20120320"},"geometry":{"type":"LineString","coordinates":[[-2.353885,53.164241],[-2.353479,53.163596]]}},{"type":"Feature","properties":{"pressure":"HPN","kind":"main","spec":"36 ST","material":"ST","surveyed":"20120320"},"geometry":{"type":"LineString","coordinates":[[-2.356332,53.168082],[-2.35633,53.168079],[-2.355365,53.166672],[-2.35512,53.166213],[-2.354503,53.165242],[-2.354073,53.164532],[-2.353885,53.164241]]}},{"type":"Feature","properties":{"pressure":"HPN","kind":"main","spec":"36 ST","material":"ST","surveyed":"20120319"},"geometry":{"type":"LineString","coordinates":[[-2.360509,53.17383],[-2.360467,53.173786],[-2.359407,53.172622]]}},{"type":"Feature","properties":{"pressure":"HPN","kind":"main","spec":"36 ST","material":"ST","surveyed":"20120319"},"geometry":{"type":"LineString","coordinates":[[-2.359407,53.172622],[-2.359349,53.172567]]}},{"type":"Feature","properties":{"pressure":"HPN","kind":"main","spec":"36 ST","material":"ST","surveyed":"20201018"},"geometry":{"type":"LineString","coordinates":[[-2.332158,53.145679],[-2.331078,53.144973],[-2.33065,53.144667],[-2.330396,53.144507],[-2.330363,53.144495]]}},{"type":"Feature","properties":{"pressure":"HPN","kind":"main","spec":"36 ST","material":"ST","surveyed":"20201018"},"geometry":{"type":"LineString","coordinates":[[-2.330341,53.136696],[-2.33034,53.136697],[-2.330303,53.13675]]}},{"type":"Feature","properties":{"pressure":"HPN","kind":"main","spec":"36 ST","material":"ST","surveyed":"20201018"},"geometry":{"type":"LineString","coordinates":[[-2.345385,53.1534],[-2.345371,53.153386],[-2.345016,53.152957],[-2.344427,53.15231],[-2.344087,53.151981]]}},{"type":"Feature","properties":{"pressure":"HPN","kind":"main","spec":"36 ST","material":"ST","surveyed":"20201018"},"geometry":{"type":"LineString","coordinates":[[-2.344087,53.151981],[-2.343988,53.151877],[-2.343787,53.151657],[-2.343183,53.151047],[-2.342878,53.150733],[-2.3426,53.150433],[-2.342322,53.150145]]}},{"type":"Feature","properties":{"pressure":"HPN","kind":"main","spec":"36 ST","material":"ST","surveyed":"20201018"},"geometry":{"type":"LineString","coordinates":[[-2.337872,53.148808],[-2.336513,53.148569],[-2.335813,53.148105],[-2.333331,53.146463]]}},{"type":"Feature","properties":{"pressure":"HPN","kind":"main","spec":"36 ST","material":"ST","surveyed":"20201018"},"geometry":{"type":"LineString","coordinates":[[-2.333331,53.146463],[-2.332791,53.146092],[-2.332158,53.145679]]}},{"type":"Feature","properties":{"pressure":"HPN","kind":"main","spec":"36 ST","material":"ST","surveyed":"20260603"},"geometry":{"type":"LineString","coordinates":[[-2.339154,53.149035],[-2.337874,53.148809],[-2.337872,53.148808]]}},{"type":"Feature","properties":{"pressure":"HPN","kind":"main","spec":"36 ST","material":"ST","surveyed":"20260603"},"geometry":{"type":"LineString","coordinates":[[-2.342322,53.150145],[-2.342313,53.150136],[-2.342291,53.150136],[-2.342109,53.149952],[-2.341701,53.149511],[-2.341583,53.149475],[-2.341454,53.149445],[-2.339553,53.149107],[-2.339154,53.149035]]}},{"type":"Feature","properties":{"pressure":"HPN","kind":"main","spec":"36 ST","material":"ST","surveyed":"20201018"},"geometry":{"type":"LineString","coordinates":[[-2.328031,53.141196],[-2.328028,53.141205],[-2.327698,53.142253],[-2.327491,53.14289],[-2.328029,53.143522]]}},{"type":"Feature","properties":{"pressure":"HPN","kind":"main","spec":"36 ST","material":"ST","surveyed":"20201018"},"geometry":{"type":"LineString","coordinates":[[-2.330363,53.144495],[-2.330235,53.144448],[-2.329605,53.144385],[-2.328764,53.14428],[-2.328642,53.144235],[-2.328601,53.144205],[-2.328029,53.143522]]}},{"type":"Feature","properties":{"pressure":"HPN","kind":"main","spec":"36 ST","material":"ST","surveyed":"20201018"},"geometry":{"type":"LineString","coordinates":[[-2.328666,53.139153],[-2.328514,53.139653],[-2.328061,53.141104],[-2.328031,53.141196]]}},{"type":"Feature","properties":{"pressure":"HPN","kind":"main","spec":"36 ST","material":"ST","surveyed":"20201018"},"geometry":{"type":"LineString","coordinates":[[-2.330303,53.13675],[-2.330299,53.136756],[-2.329697,53.137639],[-2.328666,53.139153]]}},{"type":"Feature","properties":{"pressure":"HPN","kind":"main","spec":"36 ST","material":"ST","surveyed":"20201018"},"geometry":{"type":"LineString","coordinates":[[-2.451291,53.270666],[-2.45128,53.270669],[-2.450175,53.271012],[-2.449621,53.271139]]}},{"type":"Feature","properties":{"pressure":"HPN","kind":"main","spec":"36 ST","material":"ST","surveyed":"20251001"},"geometry":{"type":"LineString","coordinates":[[-2.443465,53.279634],[-2.44324,53.280148],[-2.443239,53.280151]]}},{"type":"Feature","properties":{"pressure":"HPN","kind":"main","spec":"36 ST","material":"ST","surveyed":"20251001"},"geometry":{"type":"LineString","coordinates":[[-2.443877,53.278703],[-2.443712,53.279112],[-2.443465,53.279634]]}},{"type":"Feature","properties":{"pressure":"HPN","kind":"main","spec":"36 ST","material":"ST","surveyed":"20251001"},"geometry":{"type":"LineString","coordinates":[[-2.441761,53.275662],[-2.441632,53.276091],[-2.442498,53.276661],[-2.442739,53.276793],[-2.443477,53.277325],[-2.443865,53.277592]]}},{"type":"Feature","properties":{"pressure":"HPN","kind":"main","spec":"36 ST","material":"ST","surveyed":"20251002"},"geometry":{"type":"LineString","coordinates":[[-2.443865,53.277592],[-2.44387,53.277595],[-2.444056,53.277723],[-2.444426,53.277977],[-2.444188,53.278243],[-2.443996,53.278478],[-2.44392,53.278595],[-2.443887,53.278676],[-2.443877,53.278703]]}},{"type":"Feature","properties":{"pressure":"HPN","kind":"main","spec":"36 ST","material":"ST","surveyed":"20201018"},"geometry":{"type":"LineString","coordinates":[[-2.44187,53.275305],[-2.441763,53.275657],[-2.441761,53.275662]]}},{"type":"Feature","properties":{"pressure":"HPN","kind":"main","spec":"36 ST","material":"ST","surveyed":"20201018"},"geometry":{"type":"LineString","coordinates":[[-2.443814,53.272691],[-2.443805,53.272696],[-2.443314,53.272924],[-2.442707,53.273932],[-2.442035,53.27503],[-2.44187,53.275305]]}},{"type":"Feature","properties":{"pressure":"HPN","kind":"main","spec":"36 ST","material":"ST","surveyed":"20260117"},"geometry":{"type":"LineString","coordinates":[[-2.446129,53.271951],[-2.444986,53.272191],[-2.444083,53.272567],[-2.443814,53.272691]]}},{"type":"Feature","properties":{"pressure":"HPN","kind":"main","spec":"36 ST","material":"ST","surveyed":"20260117"},"geometry":{"type":"LineString","coordinates":[[-2.449621,53.271139],[-2.4496,53.271143],[-2.448909,53.271301],[-2.446129,53.271951]]}},{"type":"Feature","properties":{"pressure":"HPN","kind":"main","spec":"36 ST","material":"ST","surveyed":"20201018"},"geometry":{"type":"LineString","coordinates":[[-2.441433,53.288267],[-2.441239,53.288529],[-2.441201,53.288642],[-2.441191,53.288763],[-2.441254,53.289148]]}},{"type":"Feature","properties":{"pressure":"HPN","kind":"main","spec":"36 ST","material":"ST","surveyed":"20201018"},"geometry":{"type":"LineString","coordinates":[[-2.441859,53.284651],[-2.442085,53.285079],[-2.442529,53.285987],[-2.442667,53.286277],[-2.442721,53.286405],[-2.442698,53.286487],[-2.442684,53.286568],[-2.442638,53.286644],[-2.442374,53.286972],[-2.441927,53.287594],[-2.441433,53.288267]]}},{"type":"Feature","properties":{"pressure":"HPN","kind":"main","spec":"36 ST","material":"ST","surveyed":"20241106"},"geometry":{"type":"LineString","coordinates":[[-2.443239,53.280151],[-2.443224,53.280188],[-2.442539,53.281683],[-2.442068,53.282682],[-2.441606,53.283636],[-2.441537,53.28388]]}},{"type":"Feature","properties":{"pressure":"HPN","kind":"main","spec":"36 ST","material":"ST","surveyed":"20241106"},"geometry":{"type":"LineString","coordinates":[[-2.441537,53.28388],[-2.44153,53.283943],[-2.441542,53.283991],[-2.441557,53.284048],[-2.441725,53.284407],[-2.441849,53.284632],[-2.441859,53.284651]]}},{"type":"Feature","properties":{"pressure":"HPN","kind":"main","spec":"36 ST","material":"ST","surveyed":"20201018"},"geometry":{"type":"LineString","coordinates":[[-2.4399,53.296113],[-2.443291,53.293711],[-2.443246,53.293635]]}},{"type":"Feature","properties":{"pressure":"HPN","kind":"main","spec":"36 ST","material":"ST","surveyed":"20201018"},"geometry":{"type":"LineString","coordinates":[[-2.4399,53.296113],[-2.436959,53.298152]]}},{"type":"Feature","properties":{"pressure":"HPN","kind":"main","spec":"36 ST","material":"ST","surveyed":"20201018"},"geometry":{"type":"LineString","coordinates":[[-2.441254,53.289148],[-2.441448,53.290323],[-2.441445,53.290403],[-2.44147,53.290511],[-2.4415,53.29059],[-2.442731,53.292761]]}},{"type":"Feature","properties":{"pressure":"HPN","kind":"main","spec":"36 ST","material":"ST","surveyed":"20201018"},"geometry":{"type":"LineString","coordinates":[[-2.443246,53.293635],[-2.44324,53.293623],[-2.442731,53.292761]]}},{"type":"Feature","properties":{"pressure":"HPN","kind":"main","spec":"36 ST","material":"ST","surveyed":"20201018"},"geometry":{"type":"LineString","coordinates":[[-2.436959,53.298152],[-2.436954,53.298156],[-2.436579,53.298405]]}},{"type":"Feature","properties":{"pressure":"HPN","kind":"main","spec":"36 ST","material":"ST","surveyed":"20201018"},"geometry":{"type":"LineString","coordinates":[[-2.432224,53.302876],[-2.43129,53.304178],[-2.431243,53.304295],[-2.431191,53.304452],[-2.43111,53.304847],[-2.430995,53.305351],[-2.430869,53.305964],[-2.430758,53.306472]]}},{"type":"Feature","properties":{"pressure":"HPN","kind":"main","spec":"36 ST","material":"ST","surveyed":"20201018"},"geometry":{"type":"LineString","coordinates":[[-2.432367,53.302663],[-2.432224,53.302876]]}},{"type":"Feature","properties":{"pressure":"HPN","kind":"main","spec":"36 ST","material":"ST","surveyed":"20201018"},"geometry":{"type":"LineString","coordinates":[[-2.430758,53.306472],[-2.430401,53.30715],[-2.430393,53.307165]]}},{"type":"Feature","properties":{"pressure":"HPN","kind":"main","spec":"36 ST","material":"ST","surveyed":"20201018"},"geometry":{"type":"LineString","coordinates":[[-2.435481,53.299147],[-2.43476,53.299644],[-2.434372,53.299903],[-2.434285,53.29997],[-2.434199,53.300054],[-2.434033,53.300281],[-2.43238,53.302644],[-2.432367,53.302663]]}},{"type":"Feature","properties":{"pressure":"HPN","kind":"main","spec":"36 ST","material":"ST","surveyed":"20201018"},"geometry":{"type":"LineString","coordinates":[[-2.436579,53.298405],[-2.436571,53.29841],[-2.435481,53.299147]]}},{"type":"Feature","properties":{"pressure":"HPN","kind":"main","spec":"36 ST","material":"ST","surveyed":"20241221"},"geometry":{"type":"LineString","coordinates":[[-2.427954,53.311668],[-2.427918,53.311808],[-2.427915,53.311887],[-2.427931,53.31196],[-2.427956,53.312029],[-2.428017,53.312119],[-2.428249,53.31239],[-2.42856,53.312747],[-2.428624,53.312813],[-2.428689,53.31286],[-2.428783,53.312909],[-2.428964,53.312983],[-2.429224,53.313091]]}},{"type":"Feature","properties":{"pressure":"HPN","kind":"main","spec":"36 ST","material":"ST","surveyed":"20201018"},"geometry":{"type":"LineString","coordinates":[[-2.433466,53.316142],[-2.433467,53.316138],[-2.433561,53.315736],[-2.433632,53.315469],[-2.43364,53.315396],[-2.433628,53.315342],[-2.43356,53.315137],[-2.433499,53.315009],[-2.433423,53.314914],[-2.433344,53.314858],[-2.433215,53.314801],[-2.430729,53.313743]]}},{"type":"Feature","properties":{"pressure":"HPN","kind":"main","spec":"36 ST","material":"ST","surveyed":"20201018"},"geometry":{"type":"LineString","coordinates":[[-2.429224,53.313091],[-2.429235,53.313096],[-2.429522,53.313213],[-2.430729,53.313743]]}},{"type":"Feature","properties":{"pressure":"HPN","kind":"main","spec":"36 ST","material":"ST","surveyed":"20241127"},"geometry":{"type":"LineString","coordinates":[[-2.428274,53.310399],[-2.427956,53.311661],[-2.427954,53.311666],[-2.427954,53.311668]]}},{"type":"Feature","properties":{"pressure":"HPN","kind":"main","spec":"36 ST","material":"ST","surveyed":"20241127"},"geometry":{"type":"LineString","coordinates":[[-2.429182,53.308893],[-2.428823,53.309341],[-2.42856,53.309664],[-2.428477,53.309808],[-2.428412,53.309947],[-2.428274,53.310399]]}},{"type":"Feature","properties":{"pressure":"HPN","kind":"main","spec":"36 ST","material":"ST","surveyed":"20201018"},"geometry":{"type":"LineString","coordinates":[[-2.430393,53.307165],[-2.430072,53.307772],[-2.429832,53.308079],[-2.429198,53.308874],[-2.429182,53.308893]]}},{"type":"Feature","properties":{"pressure":"HPN","kind":"main","spec":"36 ST","material":"ST","surveyed":"20120320"},"geometry":{"type":"LineString","coordinates":[[-2.410837,53.312808],[-2.408925,53.311735]]}},{"type":"Feature","properties":{"pressure":"HPN","kind":"main","spec":"36 ST","material":"ST","surveyed":"20120320"},"geometry":{"type":"LineString","coordinates":[[-2.41423,53.314658],[-2.412685,53.313841],[-2.412297,53.313615],[-2.410837,53.312808]]}},{"type":"Feature","properties":{"pressure":"HPN","kind":"main","spec":"36 ST","material":"ST","surveyed":"20201018"},"geometry":{"type":"LineString","coordinates":[[-2.416654,53.315271],[-2.415003,53.315083],[-2.414275,53.314682],[-2.41423,53.314658]]}},{"type":"Feature","properties":{"pressure":"HPN","kind":"main","spec":"36 ST","material":"ST","surveyed":"20201018"},"geometry":{"type":"LineString","coordinates":[[-2.418686,53.316195],[-2.418593,53.315761],[-2.417191,53.31534],[-2.416654,53.315271]]}},{"type":"Feature","properties":{"pressure":"HPN","kind":"main","spec":"36 ST","material":"ST","surveyed":"20201018"},"geometry":{"type":"LineString","coordinates":[[-2.408925,53.311735],[-2.408711,53.311614],[-2.408297,53.311386],[-2.407279,53.310797],[-2.406699,53.31044],[-2.406685,53.31043]]}},{"type":"Feature","properties":{"pressure":"HPN","kind":"main","spec":"36 ST","material":"ST","surveyed":"20201018"},"geometry":{"type":"LineString","coordinates":[[-2.398473,53.23437],[-2.398064,53.233518]]}},{"type":"Feature","properties":{"pressure":"HPN","kind":"main","spec":"36 ST","material":"ST","surveyed":"20201018"},"geometry":{"type":"LineString","coordinates":[[-2.398064,53.233518],[-2.398017,53.233441],[-2.397949,53.23338],[-2.39739,53.23317],[-2.396012,53.232619],[-2.397005,53.23174],[-2.396799,53.231456],[-2.396391,53.230884],[-2.396386,53.230878]]}},{"type":"Feature","properties":{"pressure":"HPN","kind":"main","spec":"36 ST","material":"ST","surveyed":"20201018"},"geometry":{"type":"LineString","coordinates":[[-2.398939,53.235364],[-2.398937,53.23536],[-2.398473,53.23437]]}},{"type":"Feature","properties":{"pressure":"HPN","kind":"main","spec":"36 ST","material":"ST","surveyed":"20201018"},"geometry":{"type":"LineString","coordinates":[[-2.396386,53.230878],[-2.396374,53.23086],[-2.395744,53.230003]]}},{"type":"Feature","properties":{"pressure":"HPN","kind":"main","spec":"36 ST","material":"ST","surveyed":"20201018"},"geometry":{"type":"LineString","coordinates":[[-2.395744,53.230003],[-2.393746,53.227202],[-2.393587,53.226571],[-2.393525,53.226395],[-2.393524,53.226393]]}},{"type":"Feature","properties":{"pressure":"HPN","kind":"main","spec":"36 ST","material":"ST","surveyed":"20201018"},"geometry":{"type":"LineString","coordinates":[[-2.400987,53.244346],[-2.400979,53.244114],[-2.400964,53.243901],[-2.400729,53.24335],[-2.400844,53.242642],[-2.400802,53.241995]]}},{"type":"Feature","properties":{"pressure":"HPN","kind":"main","spec":"36 ST","material":"ST","surveyed":"20201018"},"geometry":{"type":"LineString","coordinates":[[-2.399765,53.239855],[-2.399643,53.24001],[-2.399358,53.24033],[-2.400556,53.241135],[-2.400719,53.241254],[-2.400802,53.241995]]}},{"type":"Feature","properties":{"pressure":"HPN","kind":"main","spec":"36 ST","material":"ST","surveyed":"20201018"},"geometry":{"type":"LineString","coordinates":[[-2.399897,53.237919],[-2.399488,53.236811],[-2.39916,53.235976],[-2.398939,53.235364]]}},{"type":"Feature","properties":{"pressure":"HPN","kind":"main","spec":"36 ST","material":"ST","surveyed":"20201018"},"geometry":{"type":"LineString","coordinates":[[-2.399897,53.237919],[-2.400147,53.238639],[-2.400207,53.238935],[-2.400169,53.239324],[-2.400156,53.239363],[-2.399765,53.239855]]}},{"type":"Feature","properties":{"pressure":"HPN","kind":"main","spec":"36 ST","material":"ST","surveyed":"20201018"},"geometry":{"type":"LineString","coordinates":[[-2.401351,53.251045],[-2.401286,53.250235],[-2.401224,53.249199],[-2.4012,53.248839]]}},{"type":"Feature","properties":{"pressure":"HPN","kind":"main","spec":"36 ST","material":"ST","surveyed":"20201018"},"geometry":{"type":"LineString","coordinates":[[-2.401351,53.251045],[-2.401359,53.251862],[-2.401307,53.252269],[-2.401233,53.252776],[-2.401055,53.253138],[-2.400963,53.253335]]}},{"type":"Feature","properties":{"pressure":"HPN","kind":"main","spec":"36 ST","material":"ST","surveyed":"20201018"},"geometry":{"type":"LineString","coordinates":[[-2.401095,53.246488],[-2.401028,53.245537],[-2.400995,53.24456],[-2.400987,53.244346]]}},{"type":"Feature","properties":{"pressure":"HPN","kind":"main","spec":"36 ST","material":"ST","surveyed":"20201018"},"geometry":{"type":"LineString","coordinates":[[-2.4012,53.248839],[-2.401173,53.24842],[-2.40114,53.247618],[-2.401122,53.247299],[-2.401095,53.246488]]}},{"type":"Feature","properties":{"pressure":"HPN","kind":"main","spec":"36 ST","material":"ST","surveyed":"20201018"},"geometry":{"type":"LineString","coordinates":[[-2.401332,53.259908],[-2.401332,53.261601],[-2.401131,53.262102],[-2.401041,53.262323]]}},{"type":"Feature","properties":{"pressure":"HPN","kind":"main","spec":"36 ST","material":"ST","surveyed":"20201018"},"geometry":{"type":"LineString","coordinates":[[-2.401332,53.259908],[-2.401323,53.258946],[-2.401277,53.258241],[-2.401256,53.257828]]}},{"type":"Feature","properties":{"pressure":"HPN","kind":"main","spec":"36 ST","material":"ST","surveyed":"20201018"},"geometry":{"type":"LineString","coordinates":[[-2.400963,53.253335],[-2.400836,53.25361],[-2.400786,53.253914],[-2.400702,53.254763],[-2.400942,53.255492]]}},{"type":"Feature","properties":{"pressure":"HPN","kind":"main","spec":"36 ST","material":"ST","surveyed":"20201018"},"geometry":{"type":"LineString","coordinates":[[-2.401256,53.257828],[-2.401231,53.257353],[-2.401141,53.256414],[-2.401136,53.256072],[-2.401031,53.255783],[-2.400942,53.255492]]}},{"type":"Feature","properties":{"pressure":"HPN","kind":"main","spec":"36 ST","material":"ST","surveyed":"20240328"},"geometry":{"type":"LineString","coordinates":[[-2.398814,53.271126],[-2.398745,53.271311],[-2.398741,53.27132]]}},{"type":"Feature","properties":{"pressure":"HPN","kind":"main","spec":"36 ST","material":"ST","surveyed":"20250303"},"geometry":{"type":"LineString","coordinates":[[-2.400302,53.26682],[-2.400238,53.267011],[-2.400162,53.267273],[-2.400003,53.267784],[-2.399756,53.268537],[-2.399643,53.268896]]}},{"type":"Feature","properties":{"pressure":"HPN","kind":"main","spec":"36 ST","material":"ST","surveyed":"20250303"},"geometry":{"type":"LineString","coordinates":[[-2.399643,53.268896],[-2.399577,53.269124],[-2.399385,53.26961],[-2.399118,53.270322],[-2.398814,53.271126]]}},{"type":"Feature","properties":{"pressure":"HPN","kind":"main","spec":"36 ST","material":"ST","surveyed":"20201018"},"geometry":{"type":"LineString","coordinates":[[-2.400745,53.264433],[-2.400867,53.265091],[-2.400719,53.265493],[-2.400573,53.265965],[-2.400448,53.266379],[-2.400302,53.26682]]}},{"type":"Feature","properties":{"pressure":"HPN","kind":"main","spec":"36 ST","material":"ST","surveyed":"20201018"},"geometry":{"type":"LineString","coordinates":[[-2.401041,53.262323],[-2.400677,53.263219],[-2.400662,53.263681],[-2.400745,53.264433]]}},{"type":"Feature","properties":{"pressure":"HPN","kind":"main","spec":"36 ST","material":"ST","surveyed":"20120320"},"geometry":{"type":"LineString","coordinates":[[-2.395952,53.277559],[-2.395042,53.28012],[-2.394978,53.280321]]}},{"type":"Feature","properties":{"pressure":"HPN","kind":"main","spec":"36 ST","material":"ST","surveyed":"20120320"},"geometry":{"type":"LineString","coordinates":[[-2.396543,53.275821],[-2.396225,53.276702],[-2.395952,53.277559]]}},{"type":"Feature","properties":{"pressure":"HPN","kind":"main","spec":"36 ST","material":"ST","surveyed":"20201018"},"geometry":{"type":"LineString","coordinates":[[-2.398741,53.27132],[-2.398477,53.272099],[-2.398124,53.273079],[-2.398084,53.273239]]}},{"type":"Feature","properties":{"pressure":"HPN","kind":"main","spec":"36 ST","material":"ST","surveyed":"20201018"},"geometry":{"type":"LineString","coordinates":[[-2.398084,53.273239],[-2.397689,53.274256],[-2.396807,53.2751],[-2.396543,53.275821]]}},{"type":"Feature","properties":{"pressure":"HPN","kind":"main","spec":"36 ST","material":"ST","surveyed":"20201018"},"geometry":{"type":"LineString","coordinates":[[-2.394405,53.284817],[-2.39437,53.285356]]}},{"type":"Feature","properties":{"pressure":"HPN","kind":"main","spec":"36 ST","material":"ST","surveyed":"20201018"},"geometry":{"type":"LineString","coordinates":[[-2.39437,53.285356],[-2.394284,53.286728],[-2.394444,53.287403],[-2.394924,53.28931]]}},{"type":"Feature","properties":{"pressure":"HPN","kind":"main","spec":"36 ST","material":"ST","surveyed":"20201018"},"geometry":{"type":"LineString","coordinates":[[-2.394978,53.280321],[-2.394696,53.281199]]}},{"type":"Feature","properties":{"pressure":"HPN","kind":"main","spec":"36 ST","material":"ST","surveyed":"20201018"},"geometry":{"type":"LineString","coordinates":[[-2.394696,53.281199],[-2.394601,53.281466],[-2.395011,53.281821],[-2.394507,53.283275],[-2.394405,53.284817]]}},{"type":"Feature","properties":{"pressure":"HPN","kind":"main","spec":"36 ST","material":"ST","surveyed":"20201018"},"geometry":{"type":"LineString","coordinates":[[-2.397409,53.298234],[-2.397402,53.298291]]}},{"type":"Feature","properties":{"pressure":"HPN","kind":"main","spec":"36 ST","material":"ST","surveyed":"20201018"},"geometry":{"type":"LineString","coordinates":[[-2.396567,53.293932],[-2.396511,53.293799]]}},{"type":"Feature","properties":{"pressure":"HPN","kind":"main","spec":"36 ST","material":"ST","surveyed":"20201018"},"geometry":{"type":"LineString","coordinates":[[-2.396567,53.293932],[-2.397499,53.297646],[-2.397409,53.298234]]}},{"type":"Feature","properties":{"pressure":"HPN","kind":"main","spec":"36 ST","material":"ST","surveyed":"20201018"},"geometry":{"type":"LineString","coordinates":[[-2.396511,53.293799],[-2.395312,53.290905],[-2.394948,53.289403]]}},{"type":"Feature","properties":{"pressure":"HPN","kind":"main","spec":"36 ST","material":"ST","surveyed":"20201018"},"geometry":{"type":"LineString","coordinates":[[-2.394924,53.28931],[-2.394948,53.289403]]}},{"type":"Feature","properties":{"pressure":"HPN","kind":"main","spec":"36 ST","material":"ST","surveyed":"20240824"},"geometry":{"type":"LineString","coordinates":[[-2.396854,53.302787],[-2.396829,53.303002],[-2.398805,53.304869],[-2.399121,53.305187],[-2.399132,53.305198]]}},{"type":"Feature","properties":{"pressure":"HPN","kind":"main","spec":"36 ST","material":"ST","surveyed":"20250305"},"geometry":{"type":"LineString","coordinates":[[-2.399132,53.305198],[-2.400178,53.30626],[-2.400603,53.306539]]}},{"type":"Feature","properties":{"pressure":"HPN","kind":"main","spec":"36 ST","material":"ST","surveyed":"20250305"},"geometry":{"type":"LineString","coordinates":[[-2.401735,53.307265],[-2.401725,53.307258],[-2.400603,53.306539]]}},{"type":"Feature","properties":{"pressure":"HPN","kind":"main","spec":"36 ST","material":"ST","surveyed":"20240824"},"geometry":{"type":"LineString","coordinates":[[-2.397402,53.298291],[-2.396874,53.30264]]}},{"type":"Feature","properties":{"pressure":"HPN","kind":"main","spec":"36 ST","material":"ST","surveyed":"20240824"},"geometry":{"type":"LineString","coordinates":[[-2.396874,53.30264],[-2.396855,53.302776],[-2.396854,53.302787]]}},{"type":"Feature","properties":{"pressure":"HPN","kind":"main","spec":"36 ST","material":"ST","surveyed":"20201018"},"geometry":{"type":"LineString","coordinates":[[-2.405694,53.309802],[-2.401735,53.307265]]}},{"type":"Feature","properties":{"pressure":"HPN","kind":"main","spec":"36 ST","material":"ST","surveyed":"20201018"},"geometry":{"type":"LineString","coordinates":[[-2.406685,53.31043],[-2.405694,53.309802]]}},{"type":"Feature","properties":{"pressure":"HPN","kind":"main","spec":"1050 ST","material":"ST","surveyed":"20260120"},"geometry":{"type":"LineString","coordinates":[[-2.438151,53.394924],[-2.437935,53.394872],[-2.437566,53.394831]]}},{"type":"Feature","properties":{"pressure":"HPN","kind":"main","spec":"1050 ST","material":"ST","surveyed":"20260120"},"geometry":{"type":"LineString","coordinates":[[-2.445103,53.396561],[-2.445098,53.396559],[-2.442727,53.395905],[-2.440963,53.39553],[-2.439166,53.395134],[-2.438151,53.394924]]}},{"type":"Feature","properties":{"pressure":"HPN","kind":"main","spec":"42 ST","material":"ST","surveyed":"20260120"},"geometry":{"type":"LineString","coordinates":[[-2.439248,53.395716],[-2.438274,53.395512],[-2.437571,53.395314]]}},{"type":"Feature","properties":{"pressure":"HPN","kind":"main","spec":"42 ST","material":"ST","surveyed":"20260120"},"geometry":{"type":"LineString","coordinates":[[-2.445041,53.396998],[-2.439248,53.395716]]}},{"type":"Feature","properties":{"pressure":"HPN","kind":"main","spec":"1050 ST","material":"ST","surveyed":"20260120"},"geometry":{"type":"LineString","coordinates":[[-2.445181,53.396583],[-2.445103,53.396561]]}},{"type":"Feature","properties":{"pressure":"HPN","kind":"main","spec":"1050 ST","material":"ST","surveyed":"20260120"},"geometry":{"type":"LineString","coordinates":[[-2.44688,53.396991],[-2.446429,53.396902],[-2.445181,53.396583]]}},{"type":"Feature","properties":{"pressure":"HPN","kind":"main","spec":"42 ST","material":"ST","surveyed":"20251220"},"geometry":{"type":"LineString","coordinates":[[-2.445108,53.397014],[-2.445101,53.397013],[-2.445046,53.396999],[-2.445041,53.396998]]}},{"type":"Feature","properties":{"pressure":"HPN","kind":"main","spec":"1050 ST","material":"ST","surveyed":"20250228"},"geometry":{"type":"LineString","coordinates":[[-2.452638,53.39802],[-2.452636,53.39802],[-2.452282,53.397952]]}},{"type":"Feature","properties":{"pressure":"HPN","kind":"main","spec":"1050 ST","material":"ST","surveyed":"20250228"},"geometry":{"type":"LineString","coordinates":[[-2.452282,53.397952],[-2.446914,53.396998],[-2.44688,53.396991]]}},{"type":"Feature","properties":{"pressure":"HPN","kind":"main","spec":"42 ST","material":"ST","surveyed":"20250228"},"geometry":{"type":"LineString","coordinates":[[-2.452641,53.398312],[-2.452076,53.398237],[-2.45075,53.398023],[-2.446687,53.39735],[-2.446153,53.397243]]}},{"type":"Feature","properties":{"pressure":"HPN","kind":"main","spec":"42 ST","material":"ST","surveyed":"20250228"},"geometry":{"type":"LineString","coordinates":[[-2.446153,53.397243],[-2.445108,53.397014]]}},{"type":"Feature","properties":{"pressure":"HPN","kind":"main","spec":"36 ST","material":"ST","surveyed":"20241123"},"geometry":{"type":"LineString","coordinates":[[-2.427462,53.324483],[-2.425747,53.320665]]}},{"type":"Feature","properties":{"pressure":"HPN","kind":"main","spec":"36 ST","material":"ST","surveyed":"20241123"},"geometry":{"type":"LineString","coordinates":[[-2.427726,53.325152],[-2.427462,53.324483]]}},{"type":"Feature","properties":{"pressure":"HPN","kind":"main","spec":"36 ST","material":"ST","surveyed":"20201018"},"geometry":{"type":"LineString","coordinates":[[-2.432823,53.325134],[-2.432822,53.325133],[-2.43265,53.325019],[-2.432572,53.324959],[-2.432526,53.324915],[-2.432481,53.324856],[-2.432435,53.324771],[-2.432287,53.324507],[-2.432133,53.324249],[-2.432047,53.324092],[-2.432018,53.324],[-2.432013,53.323895],[-2.432014,53.323705],[-2.432007,53.321268]]}},{"type":"Feature","properties":{"pressure":"HPN","kind":"main","spec":"36 ST","material":"ST","surveyed":"20201018"},"geometry":{"type":"LineString","coordinates":[[-2.432007,53.321268],[-2.432029,53.320642]]}},{"type":"Feature","properties":{"pressure":"HPN","kind":"main","spec":"36 ST","material":"ST","surveyed":"20241127"},"geometry":{"type":"LineString","coordinates":[[-2.425595,53.320319],[-2.424933,53.317153],[-2.423514,53.316937]]}},{"type":"Feature","properties":{"pressure":"HPN","kind":"main","spec":"36 ST","material":"ST","surveyed":"20241127"},"geometry":{"type":"LineString","coordinates":[[-2.425747,53.320665],[-2.425746,53.320663],[-2.425595,53.320319]]}},{"type":"Feature","properties":{"pressure":"HPN","kind":"main","spec":"36 ST","material":"ST","surveyed":"20241127"},"geometry":{"type":"LineString","coordinates":[[-2.423514,53.316937],[-2.421774,53.316666],[-2.421755,53.316663]]}},{"type":"Feature","properties":{"pressure":"HPN","kind":"main","spec":"36 ST","material":"ST","surveyed":"20201018"},"geometry":{"type":"LineString","coordinates":[[-2.433258,53.317168],[-2.433291,53.316857],[-2.433438,53.316245],[-2.433466,53.316142]]}},{"type":"Feature","properties":{"pressure":"HPN","kind":"main","spec":"36 ST","material":"ST","surveyed":"20201018"},"geometry":{"type":"LineString","coordinates":[[-2.432029,53.320642],[-2.432029,53.320627],[-2.43203,53.320569],[-2.432033,53.32033],[-2.432003,53.320118],[-2.431886,53.31936],[-2.433021,53.318579],[-2.433258,53.317168]]}},{"type":"Feature","properties":{"pressure":"HPN","kind":"main","spec":"36 ST","material":"ST","surveyed":"20241123"},"geometry":{"type":"LineString","coordinates":[[-2.428266,53.329644],[-2.428241,53.331257],[-2.428165,53.331565],[-2.428322,53.332782],[-2.428338,53.333536]]}},{"type":"Feature","properties":{"pressure":"HPN","kind":"main","spec":"36 ST","material":"ST","surveyed":"20241123"},"geometry":{"type":"LineString","coordinates":[[-2.428338,53.333536],[-2.428348,53.334137],[-2.428348,53.334138]]}},{"type":"Feature","properties":{"pressure":"HPN","kind":"main","spec":"36 ST","material":"ST","surveyed":"20201018"},"geometry":{"type":"LineString","coordinates":[[-2.431666,53.334126],[-2.431667,53.334125],[-2.431723,53.334016]]}},{"type":"Feature","properties":{"pressure":"HPN","kind":"main","spec":"36 ST","material":"ST","surveyed":"20201018"},"geometry":{"type":"LineString","coordinates":[[-2.43403,53.329623],[-2.433946,53.329771]]}},{"type":"Feature","properties":{"pressure":"HPN","kind":"main","spec":"36 ST","material":"ST","surveyed":"20201018"},"geometry":{"type":"LineString","coordinates":[[-2.433946,53.329771],[-2.431723,53.334016]]}},{"type":"Feature","properties":{"pressure":"HPN","kind":"main","spec":"36 ST","material":"ST","surveyed":"20241127"},"geometry":{"type":"LineString","coordinates":[[-2.428282,53.328877],[-2.428266,53.329644]]}},{"type":"Feature","properties":{"pressure":"HPN","kind":"main","spec":"36 ST","material":"ST","surveyed":"20241127"},"geometry":{"type":"LineString","coordinates":[[-2.428282,53.328877],[-2.428324,53.327939],[-2.428345,53.327064],[-2.428303,53.326741],[-2.427899,53.32559],[-2.427726,53.325152]]}},{"type":"Feature","properties":{"pressure":"HPN","kind":"main","spec":"36 ST","material":"ST","surveyed":"20201018"},"geometry":{"type":"LineString","coordinates":[[-2.433553,53.325617],[-2.434451,53.326223],[-2.434613,53.326323],[-2.434724,53.326416],[-2.434841,53.326534],[-2.434957,53.3267],[-2.435008,53.326801],[-2.43503,53.326889],[-2.435021,53.326984],[-2.434983,53.327093],[-2.434579,53.328243],[-2.434309,53.329097],[-2.434169,53.32937],[-2.434044,53.329599],[-2.43403,53.329623]]}},{"type":"Feature","properties":{"pressure":"HPN","kind":"main","spec":"36 ST","material":"ST","surveyed":"20201018"},"geometry":{"type":"LineString","coordinates":[[-2.433553,53.325617],[-2.432851,53.325152],[-2.432823,53.325134]]}},{"type":"Feature","properties":{"pressure":"HPN","kind":"main","spec":"36 ST","material":"ST","surveyed":"20251218"},"geometry":{"type":"LineString","coordinates":[[-2.42555,53.342032],[-2.425481,53.342358],[-2.425424,53.342685],[-2.425369,53.343014],[-2.425344,53.343138]]}},{"type":"Feature","properties":{"pressure":"HPN","kind":"main","spec":"36 ST","material":"ST","surveyed":"20251218"},"geometry":{"type":"LineString","coordinates":[[-2.427015,53.338638],[-2.427014,53.338641],[-2.426869,53.33898],[-2.426722,53.33932],[-2.426572,53.339658],[-2.426421,53.339999],[-2.426277,53.340336],[-2.426129,53.340674],[-2.425981,53.341015],[-2.425761,53.341534],[-2.425691,53.341706],[-2.42555,53.342032]]}},{"type":"Feature","properties":{"pressure":"HPN","kind":"main","spec":"36 ST","material":"ST","surveyed":"20251220"},"geometry":{"type":"LineString","coordinates":[[-2.433447,53.341992],[-2.433447,53.341957],[-2.43344,53.341916],[-2.433418,53.341865],[-2.433395,53.341819],[-2.433357,53.341768],[-2.433312,53.341712],[-2.433223,53.341621],[-2.432906,53.341318],[-2.431953,53.340416],[-2.431878,53.340341],[-2.431814,53.340263],[-2.431774,53.3402],[-2.431747,53.340123],[-2.43148,53.339467],[-2.431344,53.339128],[-2.431138,53.338623]]}},{"type":"Feature","properties":{"pressure":"HPN","kind":"main","spec":"36 ST","material":"ST","surveyed":"20251220"},"geometry":{"type":"LineString","coordinates":[[-2.433685,53.343108],[-2.433684,53.343105],[-2.433641,53.343022],[-2.433519,53.34279],[-2.433482,53.342679],[-2.433466,53.342557],[-2.433453,53.342413],[-2.433451,53.342271],[-2.433447,53.341992]]}},{"type":"Feature","properties":{"pressure":"HPN","kind":"main","spec":"36 ST","material":"ST","surveyed":"20241123"},"geometry":{"type":"LineString","coordinates":[[-2.428348,53.334138],[-2.428359,53.33522],[-2.428136,53.335937],[-2.427253,53.338081]]}},{"type":"Feature","properties":{"pressure":"HPN","kind":"main","spec":"36 ST","material":"ST","surveyed":"20241123"},"geometry":{"type":"LineString","coordinates":[[-2.427253,53.338081],[-2.427133,53.338361],[-2.427015,53.338638]]}},{"type":"Feature","properties":{"pressure":"HPN","kind":"main","spec":"36 ST","material":"ST","surveyed":"20201018"},"geometry":{"type":"LineString","coordinates":[[-2.430941,53.338141],[-2.430607,53.337268],[-2.430567,53.337157],[-2.430555,53.337089],[-2.43055,53.337014],[-2.430564,53.33693],[-2.430612,53.336789],[-2.430821,53.336179],[-2.430951,53.3358],[-2.431094,53.335319],[-2.43119,53.335032],[-2.431242,53.334932],[-2.431666,53.334126]]}},{"type":"Feature","properties":{"pressure":"HPN","kind":"main","spec":"36 ST","material":"ST","surveyed":"20201018"},"geometry":{"type":"LineString","coordinates":[[-2.431138,53.338623],[-2.431078,53.338476],[-2.430941,53.338141]]}},{"type":"Feature","properties":{"pressure":"HPN","kind":"main","spec":"36 ST","material":"ST","surveyed":"20241221"},"geometry":{"type":"LineString","coordinates":[[-2.422935,53.352135],[-2.423484,53.350462]]}},{"type":"Feature","properties":{"pressure":"HPN","kind":"main","spec":"36 ST","material":"ST","surveyed":"20241221"},"geometry":{"type":"LineString","coordinates":[[-2.424349,53.347636],[-2.424348,53.347642],[-2.424135,53.348662],[-2.424012,53.349027],[-2.423775,53.349652],[-2.423484,53.350462]]}},{"type":"Feature","properties":{"pressure":"HPN","kind":"main","spec":"36 ST","material":"ST","surveyed":"20241221"},"geometry":{"type":"LineString","coordinates":[[-2.429612,53.351641],[-2.429604,53.35165],[-2.429218,53.352095],[-2.429202,53.352113]]}},{"type":"Feature","properties":{"pressure":"HPN","kind":"main","spec":"36 ST","material":"ST","surveyed":"20240619"},"geometry":{"type":"LineString","coordinates":[[-2.432706,53.347606],[-2.432692,53.347621],[-2.432627,53.347673],[-2.432531,53.347729],[-2.432326,53.347816],[-2.43164,53.348119],[-2.43154,53.348175],[-2.431465,53.348228],[-2.4314,53.348283],[-2.431326,53.348382],[-2.431063,53.348845],[-2.431004,53.34898],[-2.430372,53.35063]]}},{"type":"Feature","properties":{"pressure":"HPN","kind":"main","spec":"36 ST","material":"ST","surveyed":"20240619"},"geometry":{"type":"LineString","coordinates":[[-2.430372,53.35063],[-2.430252,53.350904],[-2.429612,53.351641]]}},{"type":"Feature","properties":{"pressure":"HPN","kind":"main","spec":"36 ST","material":"ST","surveyed":"20251220"},"geometry":{"type":"LineString","coordinates":[[-2.433257,53.346566],[-2.43372,53.345563],[-2.434043,53.344896],[-2.434155,53.344652],[-2.434213,53.344526],[-2.434255,53.344417],[-2.434273,53.344325],[-2.434268,53.344267],[-2.434257,53.344211],[-2.434226,53.344137],[-2.434069,53.343827],[-2.433905,53.343539],[-2.433685,53.343108]]}},{"type":"Feature","properties":{"pressure":"HPN","kind":"main","spec":"36 ST","material":"ST","surveyed":"20251220"},"geometry":{"type":"LineString","coordinates":[[-2.433257,53.346566],[-2.432823,53.347455],[-2.432794,53.347509],[-2.432744,53.347565],[-2.432708,53.347603],[-2.432706,53.347606]]}},{"type":"Feature","properties":{"pressure":"HPN","kind":"main","spec":"36 ST","material":"ST","surveyed":"20241127"},"geometry":{"type":"LineString","coordinates":[[-2.422934,53.359288],[-2.423599,53.357445],[-2.42372,53.356938],[-2.423729,53.356838],[-2.423717,53.356769],[-2.423711,53.356711],[-2.42369,53.356662],[-2.423666,53.356627]]}},{"type":"Feature","properties":{"pressure":"HPN","kind":"main","spec":"36 ST","material":"ST","surveyed":"20241127"},"geometry":{"type":"LineString","coordinates":[[-2.42668,53.359284],[-2.426625,53.359739],[-2.426593,53.359831],[-2.426566,53.359901],[-2.426535,53.35995],[-2.42648,53.360011],[-2.426365,53.360116],[-2.42563,53.360723],[-2.425256,53.361035],[-2.425187,53.361083],[-2.425133,53.361115],[-2.425132,53.361116]]}},{"type":"Feature","properties":{"pressure":"HPN","kind":"main","spec":"36 ST","material":"ST","surveyed":"20241127"},"geometry":{"type":"LineString","coordinates":[[-2.427156,53.356614],[-2.427156,53.35662],[-2.426859,53.358043],[-2.42668,53.359284]]}},{"type":"Feature","properties":{"pressure":"HPN","kind":"main","spec":"36 ST","material":"ST","surveyed":"20241127"},"geometry":{"type":"LineString","coordinates":[[-2.422934,53.359288],[-2.422634,53.360197],[-2.422375,53.36093],[-2.422307,53.361126]]}},{"type":"Feature","properties":{"pressure":"HPN","kind":"main","spec":"36 ST","material":"ST","surveyed":"20241221"},"geometry":{"type":"LineString","coordinates":[[-2.422729,53.354932],[-2.422545,53.354497],[-2.422419,53.354215],[-2.422508,53.354097],[-2.422595,53.353976],[-2.42262,53.35381],[-2.422555,53.35372],[-2.422831,53.352606],[-2.422908,53.352217],[-2.422934,53.352139],[-2.422935,53.352135]]}},{"type":"Feature","properties":{"pressure":"HPN","kind":"main","spec":"36 ST","material":"ST","surveyed":"20241221"},"geometry":{"type":"LineString","coordinates":[[-2.423666,53.356627],[-2.423665,53.356625],[-2.423339,53.356119],[-2.422917,53.355575],[-2.422864,53.355375],[-2.422729,53.354932]]}},{"type":"Feature","properties":{"pressure":"HPN","kind":"main","spec":"36 ST","material":"ST","surveyed":"20241221"},"geometry":{"type":"LineString","coordinates":[[-2.427549,53.354796],[-2.427156,53.356614]]}},{"type":"Feature","properties":{"pressure":"HPN","kind":"main","spec":"36 ST","material":"ST","surveyed":"20241221"},"geometry":{"type":"LineString","coordinates":[[-2.429202,53.352113],[-2.427848,53.353693],[-2.427791,53.353771],[-2.427749,53.353863],[-2.427715,53.354023],[-2.427549,53.354796]]}},{"type":"Feature","properties":{"pressure":"HPN","kind":"main","spec":"36 ST","material":"ST","surveyed":"20241127"},"geometry":{"type":"LineString","coordinates":[[-2.425132,53.361116],[-2.422964,53.362451],[-2.422207,53.362463]]}},{"type":"Feature","properties":{"pressure":"HPN","kind":"main","spec":"36 ST","material":"ST","surveyed":"20241127"},"geometry":{"type":"LineString","coordinates":[[-2.422307,53.361126],[-2.422197,53.361438]]}},{"type":"Feature","properties":{"pressure":"HPN","kind":"main","spec":"42 ST","material":"ST","surveyed":"20260603"},"geometry":{"type":"LineString","coordinates":[[-2.42431,53.392579],[-2.424108,53.392593],[-2.42252,53.39271],[-2.422507,53.39271]]}},{"type":"Feature","properties":{"pressure":"HPN","kind":"main","spec":"42 ST","material":"ST","surveyed":"20260603"},"geometry":{"type":"LineString","coordinates":[[-2.425533,53.392638],[-2.425039,53.392587],[-2.424938,53.392577]]}},{"type":"Feature","properties":{"pressure":"HPN","kind":"main","spec":"1050 ST","material":"ST","surveyed":"20260603"},"geometry":{"type":"LineString","coordinates":[[-2.43003,53.393207],[-2.428777,53.392723],[-2.428401,53.392694],[-2.42763,53.392602],[-2.427329,53.392569]]}},{"type":"Feature","properties":{"pressure":"HPN","kind":"main","spec":"42 ST","material":"ST","surveyed":"20260603"},"geometry":{"type":"LineString","coordinates":[[-2.430033,53.393439],[-2.428831,53.392997],[-2.427181,53.392821],[-2.425533,53.392638]]}},{"type":"Feature","properties":{"pressure":"HPN","kind":"main","spec":"1050 ST","material":"ST","surveyed":"20260120"},"geometry":{"type":"LineString","coordinates":[[-2.437566,53.394831],[-2.436087,53.394663],[-2.434914,53.394556],[-2.433834,53.394429],[-2.432917,53.394326],[-2.431006,53.393583]]}},{"type":"Feature","properties":{"pressure":"HPN","kind":"main","spec":"42 ST","material":"ST","surveyed":"20260120"},"geometry":{"type":"LineString","coordinates":[[-2.437571,53.395314],[-2.437337,53.395248],[-2.436141,53.394917],[-2.432828,53.394545],[-2.432224,53.394294]]}},{"type":"Feature","properties":{"pressure":"HPN","kind":"main","spec":"1050 ST","material":"ST","surveyed":"20260120"},"geometry":{"type":"LineString","coordinates":[[-2.431006,53.393583],[-2.430032,53.393207],[-2.43003,53.393207]]}},{"type":"Feature","properties":{"pressure":"HPN","kind":"main","spec":"42 ST","material":"ST","surveyed":"20260120"},"geometry":{"type":"LineString","coordinates":[[-2.432224,53.394294],[-2.430831,53.393731],[-2.430033,53.393439]]}},{"type":"Feature","properties":{"pressure":"HPN","kind":"main","spec":"42 ST","material":"ST","surveyed":"20260603"},"geometry":{"type":"LineString","coordinates":[[-2.424938,53.392577],[-2.424701,53.392553],[-2.42431,53.392579]]}},{"type":"Feature","properties":{"pressure":"HPN","kind":"main","spec":"1050 ST","material":"ST","surveyed":"20260603"},"geometry":{"type":"LineString","coordinates":[[-2.427329,53.392569],[-2.427058,53.392539],[-2.425908,53.39242],[-2.424734,53.39231],[-2.424513,53.392326],[-2.42413,53.392366],[-2.423957,53.392367],[-2.423132,53.392286],[-2.422999,53.392288]]}},{"type":"Feature","properties":{"pressure":"HPN","kind":"main","spec":"36 ST","material":"ST","surveyed":"20201018"},"geometry":{"type":"LineString","coordinates":[[-2.421755,53.316663],[-2.421407,53.316606],[-2.418905,53.316824],[-2.418799,53.316788],[-2.418783,53.316644],[-2.418686,53.316195]]}},{"type":"Feature","properties":{"pressure":"HPN","kind":"main","spec":"36 ST","material":"ST","surveyed":"20241127"},"geometry":{"type":"LineString","coordinates":[[-2.420174,53.365628],[-2.420173,53.365631],[-2.419879,53.366555]]}},{"type":"Feature","properties":{"pressure":"HPN","kind":"main","spec":"36 ST","material":"ST","surveyed":"20241127"},"geometry":{"type":"LineString","coordinates":[[-2.421515,53.365623],[-2.421514,53.365625],[-2.421503,53.365845],[-2.421434,53.366305],[-2.421336,53.366933],[-2.421114,53.368018]]}},{"type":"Feature","properties":{"pressure":"HPN","kind":"main","spec":"36 ST","material":"ST","surveyed":"20241127"},"geometry":{"type":"LineString","coordinates":[[-2.421114,53.368018],[-2.421084,53.368188],[-2.421048,53.368535],[-2.421017,53.368865],[-2.420995,53.369194],[-2.420946,53.369851],[-2.420935,53.370017],[-2.420975,53.370119]]}},{"type":"Feature","properties":{"pressure":"HPN","kind":"main","spec":"36 ST","material":"ST","surveyed":"20241127"},"geometry":{"type":"LineString","coordinates":[[-2.419879,53.366555],[-2.418873,53.370127]]}},{"type":"Feature","properties":{"pressure":"HPN","kind":"main","spec":"36 ST","material":"ST","surveyed":"20241127"},"geometry":{"type":"LineString","coordinates":[[-2.421849,53.362469],[-2.421488,53.362477],[-2.420548,53.363166],[-2.420837,53.364244],[-2.420847,53.364428],[-2.42033,53.365098],[-2.420174,53.365628]]}},{"type":"Feature","properties":{"pressure":"HPN","kind":"main","spec":"36 ST","material":"ST","surveyed":"20241127"},"geometry":{"type":"LineString","coordinates":[[-2.421974,53.362467],[-2.421849,53.362469]]}},{"type":"Feature","properties":{"pressure":"HPN","kind":"main","spec":"36 ST","material":"ST","surveyed":"20241127"},"geometry":{"type":"LineString","coordinates":[[-2.421704,53.363735],[-2.421651,53.364264],[-2.421536,53.365336],[-2.421515,53.365623]]}},{"type":"Feature","properties":{"pressure":"HPN","kind":"main","spec":"36 ST","material":"ST","surveyed":"20241127"},"geometry":{"type":"LineString","coordinates":[[-2.422207,53.362463],[-2.422203,53.362463],[-2.421974,53.362467]]}},{"type":"Feature","properties":{"pressure":"HPN","kind":"main","spec":"36 ST","material":"ST","surveyed":"20241127"},"geometry":{"type":"LineString","coordinates":[[-2.421849,53.362469],[-2.421832,53.362518],[-2.42178,53.362983],[-2.421731,53.363483],[-2.421704,53.363735]]}},{"type":"Feature","properties":{"pressure":"HPN","kind":"main","spec":"36 ST","material":"ST","surveyed":"20241127"},"geometry":{"type":"LineString","coordinates":[[-2.422197,53.361438],[-2.422072,53.361794],[-2.421849,53.362469]]}},{"type":"Feature","properties":{"pressure":"HPN","kind":"main","spec":"36 ST","material":"ST","surveyed":"20250729"},"geometry":{"type":"LineString","coordinates":[[-2.415644,53.374981],[-2.416064,53.37555],[-2.416281,53.375824],[-2.416326,53.375874],[-2.416381,53.37593],[-2.416449,53.375989],[-2.416531,53.376039],[-2.416827,53.376206],[-2.416899,53.376259],[-2.416975,53.376324],[-2.417036,53.376402],[-2.417137,53.376554],[-2.417259,53.37675],[-2.417706,53.377455],[-2.418841,53.378633]]}},{"type":"Feature","properties":{"pressure":"HPN","kind":"main","spec":"36 ST","material":"ST","surveyed":"20250729"},"geometry":{"type":"LineString","coordinates":[[-2.415434,53.374633],[-2.415418,53.374653],[-2.415644,53.374981]]}},{"type":"Feature","properties":{"pressure":"HPN","kind":"main","spec":"36 ST","material":"ST","surveyed":"20250729"},"geometry":{"type":"LineString","coordinates":[[-2.419304,53.379114],[-2.419075,53.378876],[-2.418841,53.378633]]}},{"type":"Feature","properties":{"pressure":"HPN","kind":"main","spec":"36 ST","material":"ST","surveyed":"20250729"},"geometry":{"type":"LineString","coordinates":[[-2.420108,53.379111],[-2.420054,53.378202],[-2.420145,53.376848]]}},{"type":"Feature","properties":{"pressure":"HPN","kind":"main","spec":"36 ST","material":"ST","surveyed":"20250729"},"geometry":{"type":"LineString","coordinates":[[-2.420432,53.374616],[-2.420348,53.375045],[-2.420182,53.375353],[-2.420145,53.376848]]}},{"type":"Feature","properties":{"pressure":"HPN","kind":"main","spec":"36 ST","material":"ST","surveyed":"20241221"},"geometry":{"type":"LineString","coordinates":[[-2.418286,53.370991],[-2.415434,53.374633]]}},{"type":"Feature","properties":{"pressure":"HPN","kind":"main","spec":"36 ST","material":"ST","surveyed":"20241221"},"geometry":{"type":"LineString","coordinates":[[-2.420975,53.370119],[-2.420979,53.370131],[-2.420985,53.370148],[-2.421016,53.370317],[-2.421073,53.370652],[-2.420963,53.371087],[-2.420845,53.371332],[-2.420816,53.371403],[-2.42076,53.372112],[-2.420718,53.372457]]}},{"type":"Feature","properties":{"pressure":"HPN","kind":"main","spec":"36 ST","material":"ST","surveyed":"20241221"},"geometry":{"type":"LineString","coordinates":[[-2.418873,53.370127],[-2.418834,53.370267],[-2.418803,53.370335],[-2.418731,53.370429],[-2.418286,53.370991]]}},{"type":"Feature","properties":{"pressure":"HPN","kind":"main","spec":"36 ST","material":"ST","surveyed":"20241221"},"geometry":{"type":"LineString","coordinates":[[-2.420718,53.372457],[-2.420632,53.37317],[-2.420556,53.373854],[-2.420506,53.374233],[-2.420458,53.374487],[-2.420432,53.374616]]}},{"type":"Feature","properties":{"pressure":"HPN","kind":"main","spec":"36 ST","material":"ST","surveyed":"20250729"},"geometry":{"type":"LineString","coordinates":[[-2.42216,53.386684],[-2.422282,53.387054],[-2.422273,53.387185],[-2.422184,53.388092]]}},{"type":"Feature","properties":{"pressure":"HPN","kind":"main","spec":"36 ST","material":"ST","surveyed":"20250729"},"geometry":{"type":"LineString","coordinates":[[-2.420381,53.385736],[-2.420359,53.385023],[-2.420331,53.384307],[-2.42029,53.383605]]}},{"type":"Feature","properties":{"pressure":"HPN","kind":"main","spec":"36 ST","material":"ST","surveyed":"20250729"},"geometry":{"type":"LineString","coordinates":[[-2.421555,53.3836],[-2.421467,53.383842],[-2.421455,53.383965],[-2.42216,53.386684]]}},{"type":"Feature","properties":{"pressure":"HPN","kind":"main","spec":"36 ST","material":"ST","surveyed":"20250729"},"geometry":{"type":"LineString","coordinates":[[-2.420381,53.385736],[-2.420365,53.387164],[-2.420737,53.387979],[-2.420716,53.388098]]}},{"type":"Feature","properties":{"pressure":"HPN","kind":"main","spec":"36 ST","material":"ST","surveyed":"20260117"},"geometry":{"type":"LineString","coordinates":[[-2.42029,53.383605],[-2.42029,53.383602],[-2.42028,53.383501],[-2.420238,53.382741],[-2.420214,53.382176],[-2.420166,53.38137]]}},{"type":"Feature","properties":{"pressure":"HPN","kind":"main","spec":"36 ST","material":"ST","surveyed":"20260117"},"geometry":{"type":"LineString","coordinates":[[-2.421738,53.382494],[-2.421369,53.381418],[-2.420879,53.379852],[-2.42011,53.379597]]}},{"type":"Feature","properties":{"pressure":"HPN","kind":"main","spec":"36 ST","material":"ST","surveyed":"20260117"},"geometry":{"type":"LineString","coordinates":[[-2.42011,53.379597],[-2.420018,53.379567],[-2.419856,53.379513],[-2.419716,53.379456],[-2.4196,53.379393],[-2.419521,53.379335],[-2.419459,53.379274],[-2.419304,53.379114]]}},{"type":"Feature","properties":{"pressure":"HPN","kind":"main","spec":"36 ST","material":"ST","surveyed":"20260117"},"geometry":{"type":"LineString","coordinates":[[-2.420166,53.38137],[-2.420103,53.38011],[-2.42011,53.379601],[-2.42011,53.379597]]}},{"type":"Feature","properties":{"pressure":"HPN","kind":"main","spec":"36 ST","material":"ST","surveyed":"20260117"},"geometry":{"type":"LineString","coordinates":[[-2.42011,53.379597],[-2.420115,53.37926],[-2.420108,53.379111]]}},{"type":"Feature","properties":{"pressure":"HPN","kind":"main","spec":"36 ST","material":"ST","surveyed":"20260117"},"geometry":{"type":"LineString","coordinates":[[-2.421738,53.382494],[-2.421788,53.382647],[-2.421789,53.382732],[-2.421782,53.382797],[-2.421616,53.383426],[-2.421557,53.383597],[-2.421555,53.3836]]}},{"type":"Feature","properties":{"pressure":"HPN","kind":"main","spec":"36 ST","material":"ST","surveyed":"20260603"},"geometry":{"type":"LineString","coordinates":[[-2.421463,53.392658],[-2.421219,53.392664],[-2.421163,53.392633],[-2.421156,53.39259]]}},{"type":"Feature","properties":{"pressure":"HPN","kind":"main","spec":"42 ST","material":"ST","surveyed":"20260603"},"geometry":{"type":"LineString","coordinates":[[-2.422507,53.39271],[-2.422106,53.392738]]}},{"type":"Feature","properties":{"pressure":"HPN","kind":"main","spec":"30 ST","material":"ST","surveyed":"20260603"},"geometry":{"type":"LineString","coordinates":[[-2.420728,53.392895],[-2.420752,53.393072],[-2.421165,53.393003],[-2.420645,53.394403],[-2.420501,53.394732],[-2.420286,53.395176],[-2.42009,53.395546],[-2.420074,53.395609],[-2.419975,53.39622],[-2.419822,53.397089]]}},{"type":"Feature","properties":{"pressure":"HPN","kind":"main","spec":"36 ST","material":"ST","surveyed":"20260603"},"geometry":{"type":"LineString","coordinates":[[-2.421156,53.39259],[-2.421154,53.392582],[-2.421134,53.39246],[-2.421079,53.392042]]}},{"type":"Feature","properties":{"pressure":"HPN","kind":"main","spec":"36 ST","material":"ST","surveyed":"20260603"},"geometry":{"type":"LineString","coordinates":[[-2.421079,53.392042],[-2.421025,53.39164],[-2.420855,53.390081]]}},{"type":"Feature","properties":{"pressure":"HPN","kind":"main","spec":"36 ST","material":"ST","surveyed":"20260603"},"geometry":{"type":"LineString","coordinates":[[-2.422184,53.388092],[-2.422168,53.38826],[-2.421999,53.390679],[-2.421895,53.390881]]}},{"type":"Feature","properties":{"pressure":"HPN","kind":"main","spec":"36 ST","material":"ST","surveyed":"20260603"},"geometry":{"type":"LineString","coordinates":[[-2.421079,53.392042],[-2.421003,53.392082],[-2.420972,53.392421]]}},{"type":"Feature","properties":{"pressure":"HPN","kind":"main","spec":"36 ST","material":"ST","surveyed":"20260603"},"geometry":{"type":"LineString","coordinates":[[-2.421895,53.390881],[-2.421399,53.391872],[-2.421079,53.392042]]}},{"type":"Feature","properties":{"pressure":"HPN","kind":"main","spec":"36 ST","material":"ST","surveyed":"20260603"},"geometry":{"type":"LineString","coordinates":[[-2.420716,53.388098],[-2.420716,53.388102],[-2.42069,53.388254],[-2.420855,53.390081]]}},{"type":"Feature","properties":{"pressure":"HPN","kind":"main","spec":"30 ST","material":"ST","surveyed":"20241127"},"geometry":{"type":"LineString","coordinates":[[-2.417189,53.401593],[-2.417182,53.401619],[-2.416764,53.403399],[-2.416677,53.403748],[-2.41658,53.404384],[-2.416515,53.404715],[-2.416345,53.405732]]}},{"type":"Feature","properties":{"pressure":"HPN","kind":"main","spec":"30 ST","material":"ST","surveyed":"20241127"},"geometry":{"type":"LineString","coordinates":[[-2.416345,53.405732],[-2.41628,53.406091]]}},{"type":"Feature","properties":{"pressure":"HPN","kind":"main","spec":"30 ST","material":"ST","surveyed":"20241127"},"geometry":{"type":"LineString","coordinates":[[-2.419822,53.397092],[-2.419654,53.397778],[-2.419571,53.398114],[-2.419501,53.39845],[-2.419417,53.398789],[-2.419331,53.399126],[-2.418999,53.399411],[-2.418657,53.399705],[-2.418491,53.399847],[-2.41816,53.400148],[-2.417369,53.400909],[-2.417273,53.401257]]}},{"type":"Feature","properties":{"pressure":"HPN","kind":"main","spec":"30 ST","material":"ST","surveyed":"20241127"},"geometry":{"type":"LineString","coordinates":[[-2.417273,53.401257],[-2.417189,53.401593]]}},{"type":"Feature","properties":{"pressure":"HPN","kind":"main","spec":"30 ST","material":"ST","surveyed":"20241127"},"geometry":{"type":"LineString","coordinates":[[-2.419822,53.397089],[-2.419822,53.397092]]}},{"type":"Feature","properties":{"pressure":"HPN","kind":"main","spec":"30 ST","material":"ST","surveyed":"20241127"},"geometry":{"type":"LineString","coordinates":[[-2.415171,53.411468],[-2.415112,53.411745],[-2.414894,53.412773],[-2.414692,53.413663],[-2.414331,53.414834]]}},{"type":"Feature","properties":{"pressure":"HPN","kind":"main","spec":"30 ST","material":"ST","surveyed":"20241127"},"geometry":{"type":"LineString","coordinates":[[-2.414331,53.414834],[-2.414262,53.415086]]}},{"type":"Feature","properties":{"pressure":"HPN","kind":"main","spec":"30 ST","material":"ST","surveyed":"20250926"},"geometry":{"type":"LineString","coordinates":[[-2.415357,53.410588],[-2.415357,53.410589],[-2.415172,53.411465],[-2.415171,53.411468]]}},{"type":"Feature","properties":{"pressure":"HPN","kind":"main","spec":"30 ST","material":"ST","surveyed":"20241221"},"geometry":{"type":"LineString","coordinates":[[-2.41628,53.406091],[-2.416103,53.407097],[-2.416053,53.407424],[-2.415764,53.408939],[-2.415536,53.409876],[-2.415357,53.410588]]}},{"type":"Feature","properties":{"pressure":"HPN","kind":"main","spec":"30 ST","material":"ST","surveyed":"20260604"},"geometry":{"type":"LineString","coordinates":[[-2.411135,53.42199],[-2.410638,53.421848]]}},{"type":"Feature","properties":{"pressure":"HPN","kind":"main","spec":"30 ST","material":"ST","surveyed":"20260604"},"geometry":{"type":"LineString","coordinates":[[-2.410638,53.421848],[-2.410441,53.421791],[-2.411371,53.420662],[-2.411989,53.41986],[-2.412158,53.419763],[-2.412297,53.419587]]}},{"type":"Feature","properties":{"pressure":"HPN","kind":"main","spec":"600MM DI","diameter_mm":600,"material":"DI","surveyed":"20260604"},"geometry":{"type":"LineString","coordinates":[[-2.410451,53.422198],[-2.41043,53.422223],[-2.410647,53.422286]]}},{"type":"Feature","properties":{"pressure":"HPN","kind":"main","spec":"600MM DI","diameter_mm":600,"material":"DI","surveyed":"20260604"},"geometry":{"type":"LineString","coordinates":[[-2.410486,53.422155],[-2.410451,53.422198]]}},{"type":"Feature","properties":{"pressure":"HPN","kind":"main","spec":"600MM DI","diameter_mm":600,"material":"DI","surveyed":"20260604"},"geometry":{"type":"LineString","coordinates":[[-2.410638,53.421848],[-2.41044,53.42209],[-2.41052,53.422114],[-2.410486,53.422155]]}},{"type":"Feature","properties":{"pressure":"HPN","kind":"main","spec":"300MM DI","diameter_mm":300,"material":"DI","surveyed":"20260604"},"geometry":{"type":"LineString","coordinates":[[-2.410486,53.422155],[-2.410547,53.422173],[-2.410512,53.422216],[-2.410451,53.422198]]}},{"type":"Feature","properties":{"pressure":"HPN","kind":"main","spec":"30 ST","material":"ST","surveyed":"20260604"},"geometry":{"type":"LineString","coordinates":[[-2.412695,53.419081],[-2.413444,53.41816]]}},{"type":"Feature","properties":{"pressure":"HPN","kind":"main","spec":"30 ST","material":"ST","surveyed":"20260604"},"geometry":{"type":"LineString","coordinates":[[-2.412297,53.419587],[-2.412695,53.419081]]}},{"type":"Feature","properties":{"pressure":"HPN","kind":"main","spec":"30 ST","material":"ST","surveyed":"20260604"},"geometry":{"type":"LineString","coordinates":[[-2.414262,53.415086],[-2.414255,53.415112],[-2.414226,53.415249],[-2.414203,53.415363],[-2.414166,53.415613],[-2.414116,53.415906],[-2.414043,53.41634],[-2.413977,53.416685],[-2.413971,53.41673],[-2.413972,53.416765],[-2.414021,53.417026],[-2.414033,53.417054],[-2.414058,53.417076],[-2.414118,53.4171],[-2.414201,53.417129],[-2.414211,53.417141],[-2.41422,53.417184],[-2.414219,53.417206],[-2.414083,53.417372],[-2.413914,53.417584],[-2.413444,53.41816]]}}]}