{"grid":14,"minzoomShow":16,"bounds":[-4.69096,52.94842,-2.44777,53.67942],"features":310626,"cells":2781}